;2020;2021;2022;2023;2024;2025;2026;2027;2028;2029;2030;2031;2032;2033;2034;2035;2036;2037;2038;2039;2040;2041;2042;2043;2044;2045;2046;2047;2048;2049;2050
AT.RSF.CO2-INT (kg/sqm);27,15214686;25,34063342;23,25077485;21,25147916;19,34788162;17,60814936;15,83592644;14,22722526;12,71493149;11,29698763;9,927397438;8,772627121;7,653545296;6,610562941;5,639943523;4,740977267;3,89933216;3,127985299;2,475043915;1,953848202;1,537625487;1,30596183;1,131166775;0,978533452;0,846425985;0,723743971;0,635544168;0,551580114;0,477732756;0,410344856;0,346595881
BE.RSF.CO2-INT (kg/sqm);43,36710589;40,42558172;37,03938782;33,80307671;30,72577442;27,91671305;25,06159451;22,47343253;20,04425979;17,77011929;15,57704428;13,72962755;11,94182611;10,27753727;8,730365417;7,298778494;5,959634449;4,733242934;3,695740186;2,868037027;2,20738715;1,840080558;1,563209011;1,321595545;1,112609689;0,918579972;0,779340927;0,646783854;0,530248241;0,423893698;0,323194543
BG.RSF.CO2-INT (kg/sqm);27,481616;25,80752188;23,82101056;21,90015066;20,05316955;18,35389143;16,59889252;14,99528726;13,47453903;12,03609644;10,63191425;9,443443632;8,279028927;7,183609382;6,154423563;5,1920193;4,281711455;3,439212975;2,720421091;2,142932868;1,678722725;1,421764036;1,227648112;1,057016752;0,908397763;0,769088887;0,669063641;0,572863973;0,487641308;0,409172849;0,334154419
CY.RSF.CO2-INT (kg/sqm);23,67330498;22,54110315;21,07556314;19,61768095;18,18454154;16,85030058;15,43131948;14,12058359;12,85623494;11,63862312;10,42121345;9,384531659;8,341284624;7,337067965;6,370670973;5,444591621;4,545257151;3,691652434;2,948592496;2,341574099;1,845249173;1,574176808;1,368645806;1,184721174;1,021728019;0,865075395;0,75262495;0,641457852;0,540915056;0,446035553;0,352782138
CZ.RSF.CO2-INT (kg/sqm);59,3032622;55,27825795;50,63694807;46,19650354;41,97129481;38,11239406;34,19030042;30,63454676;27,29771723;24,1746926;21,16452252;18,62890421;16,17681557;13,89560119;11,77651114;9,817418749;7,986760043;6,312139842;4,896872241;3,768847405;2,869437916;2,369101583;1,992108645;1,663538516;1,379711901;1,116683044;0,928005782;0,748749922;0,591429965;0,448153639;0,312848191
DK.RSF.CO2-INT (kg/sqm);18,03992715;16,95872996;15,67417814;14,43117712;13,23419213;12,13122605;10,98912608;9,943784155;8,950718543;8,010003537;7,090543176;6,311758199;5,5482277;4,829676828;4,154473214;3,523098046;2,925993635;2,373503035;1,902281293;1,523836167;1,219757455;1,051591078;0,924655168;0,813146783;0,716095968;0,625179399;0,560028528;0,497419938;0,442040991;0,391129181;0,342520777
EE.RSF.CO2-INT (kg/sqm);85,77093706;80,43505797;74,15576371;68,10831064;62,30870751;56,9820289;51,48458339;46,46395203;41,70286239;37,19835966;32,79838208;29,07414174;25,4218117;21,9827888;18,74827608;15,71997869;12,8514307;10,19240083;7,92051137;6,092638872;4,620923399;3,805998382;3,18956791;2,646584397;2,172575893;1,727052554;1,406367209;1,096988762;0,821966558;0,567771174;0,323727096
FI.RSF.CO2-INT (kg/sqm);22,53491064;21,21159365;19,62737299;18,09156427;16,61070267;15,24588944;13,82842559;12,53018064;11,29449891;10,12117075;8,970087306;7,994370468;7,033246166;6,124892605;5,267368769;4,461568019;3,695368489;2,98265008;2,372127231;1,87999567;1,483068789;1,26399436;1,098389514;0,952309391;0,824653511;0,704426;0,618148716;0,534756578;0,460631139;0,392107953;0,326302061
FR.RSF.CO2-INT (kg/sqm);18,54606717;17,40122568;16,0444503;14,73260113;13,47314882;12,31626251;11,12705065;10,04325367;9,019002572;8,053488254;7,114547991;6,321179039;5,546578742;4,819946485;4,139103658;3,504093831;2,905054508;2,35202367;1,881152522;1,503504346;1,200478806;1,032641585;0,90596898;0,794852207;0,698271811;0,607973863;0,543219631;0,481102858;0,426194007;0,375744248;0,327606122
DE.RSF.CO2-INT (kg/sqm);42,69335445;39,77170789;36,41479521;33,20758314;30,1607669;27,37801351;24,56154031;22,00793697;19,61450326;17,376749;15,22639115;13,40796144;11,65478958;10,02457296;8,510858827;7,11205685;5,804881829;4,609600116;3,599590316;2,794628255;2,15224189;1,795489557;1,526076419;1,291300246;1,088531047;0,90103409;0,765919754;0,637970914;0,525741482;0,423620962;0,327269236
EL.RSF.CO2-INT (kg/sqm);37,41864697;34,87978763;31,96285496;29,17931458;26,53605924;24,12623316;21,67773864;19,45952519;17,37760089;15,42781837;13,54553868;11,95968987;10,42229754;8,988649444;7,653263082;6,415007245;5,253988502;4,188290893;3,285027249;2,563253306;1,986228069;1,665474313;1,423455364;1,211899191;1,028620703;0,858163118;0,735707127;0,618941332;0,516145764;0,422218419;0,333218326
HU.RSF.CO2-INT (kg/sqm);21,39072357;20,30481258;18,9177575;17,53846449;16,18420561;14,92224828;13,59256181;12,36651712;11,19080213;10,06663307;8,955067173;7,998525386;7,052106631;6,15426811;5,303505007;4,50120999;3,735691379;3,021444342;2,408238088;1,913109062;1,513163901;1,292556688;1,125826412;0,978643703;0,849949596;0,728576239;0,641603311;0,557367208;0,482377901;0,412881907;0,345912702
IE.RSF.CO2-INT (kg/sqm);40,37898975;38,1129889;35,34081779;32,62830105;29,9937723;27,55350652;25,00379876;22,66075448;20,4233357;18,29290094;16,19734476;14,41846862;12,66261223;11,00050445;9,429227926;7,950965686;6,543874015;5,23381494;4,110718956;3,204713846;2,473379328;2,069263446;1,763463243;1,493471065;1,257276543;1,034570955;0,874406187;0,719360151;0,581230056;0,453217641;0,329948305
IT.RSF.CO2-INT (kg/sqm);26,69286361;24,98227188;22,98373962;21,06279884;19,22630438;17,5435573;15,81954534;14,25060952;12,77035919;11,37725381;10,02522664;8,883510314;7,771298372;6,730005535;5,756342431;4,850137597;3,997190266;3,211433173;2,543521782;2,008543435;1,579819522;1,341986354;1,162457971;1,005139188;0,868519809;0,740994406;0,649412299;0,561725798;0,48429406;0,413273115;0,345675173
LV.RSF.CO2-INT (kg/sqm);27,33759053;25,57909411;23,60303602;21,69653742;19,83506616;18,12279419;16,35943271;14,74952981;13,22575662;11,78775049;10,38875132;9,205529769;8,05104838;6,968972324;5,956402763;5,0135722;4,126041991;3,308523854;2,613750803;2,057383796;1,611672194;1,364205145;1,17737293;1,013739286;0,871719386;0,739295558;0,644179028;0,553236469;0,473020323;0,399550027;0,329732695
LT.RSF.CO2-INT (kg/sqm);30,37338235;28,5555905;26,35811404;24,21457728;22,14434271;20,23543457;18,26721371;16,47039753;14,77025384;13,16635501;11,60589271;10,28679708;8,998823934;7,790634013;6,658757636;5,603369697;4,608188876;3,689889303;2,908332041;2,281716086;1,779090721;1,500566924;1,290378088;1,106080468;0,945937137;0,796236007;0,688828829;0,585754847;0,49455375;0,410651826;0,330481555
LU.RSF.CO2-INT (kg/sqm);32,49945634;30,20407881;27,589493;25,10080079;22,74428378;20,59978555;18,43463056;16,47864615;14,65114169;12,94810981;11,31474886;9,941805094;8,620583149;7,39653879;6,264196706;5,221627705;4,251554251;3,367737291;2,623202355;2,031351386;1,560695911;1,298398122;1,100899471;0,929217692;0,781278141;0,64465245;0,546617687;0,453816414;0,372575969;0,298811477;0,229394464
MT.RSF.CO2-INT (kg/sqm);17,61705378;16,59311067;15,3599122;14,16802388;13,00072959;11,94207442;10,83916825;9,839788573;8,893336084;7,996287667;7,120202547;6,381816471;5,650987104;4,958215508;4,29839886;3,670395799;3,069691935;2,504226254;2,014379561;1,618473736;1,29582853;1,118301327;0,983452578;0,863791068;0,759077976;0,659806107;0,588790297;0,520015036;0,459321452;0,403324831;0,349680659
NL.RSF.CO2-INT (kg/sqm);29,05601439;27,28305922;25,17847649;23,14281788;21,18510237;19,38367849;17,52353742;15,82392658;14,21243952;12,6885538;11,20152726;9,94309211;8,710695355;7,551792739;6,463421316;5,446101219;4,484267984;3,594433718;2,835483409;2,225871037;1,735938506;1,4647068;1,259825685;1,07976653;0,922959207;0,775994425;0,670469674;0,568984321;0,479072562;0,396273234;0,317092253
PL.RSF.CO2-INT (kg/sqm);82,05682472;76,98441747;70,96872587;65,14498848;59,53869846;54,37305277;49,04169442;44,16764059;39,54833383;35,18437751;30,9350362;27,33913365;23,82880651;20,53755995;17,45709594;14,58848465;11,88805005;9,400694527;7,286878118;5,594229791;4,238322802;3,485400715;2,916965058;2,419179769;1,987217655;1,584548508;1,295354766;1,018940768;0,775192949;0,551990172;0,339899321
PT.RSF.CO2-INT (kg/sqm);11,23584473;10,59843862;9,837880733;9,101399383;8,389354905;7,730710475;7,041266785;6,40664732;5,799289246;5,219824105;4,648950089;4,163960761;3,685041164;3,231755076;2,803485886;2,400931358;2,018187783;1,662294638;1,35765665;1,112360717;0,914779456;0,806185582;0,724363481;0,652335563;0,589546186;0,530500226;0,488446372;0,447872369;0,411973664;0,3789289;0,34730405
RO.RSF.CO2-INT (kg/sqm);27,09462121;25,44078781;23,48483684;21,5968163;19,78296575;18,11479119;16,39082226;14,81487796;13,31919053;11,90324983;10,51974138;9,34823546;8,199590295;7,118449291;6,102273494;5,15174142;4,252388419;3,419775886;2,709267335;2,138351591;1,679318077;1,425619813;1,234109102;1,065709817;0,918956581;0,781184384;0,682335602;0,587039265;0,502453262;0,424371064;0,349499863
SK.RSF.CO2-INT (kg/sqm);25,14087848;23,59380514;21,7571317;19,99522895;18,31872059;16,75309934;15,13667768;13,65857985;12,25720948;10,93271287;9,642335238;8,549895313;7,482931746;6,482163955;5,545239274;4,672655918;3,851311401;3,094977479;2,452421983;1,938059541;1,526197573;1,297392299;1,124673076;0,973507948;0,842400371;0,720261489;0,632520802;0,548685837;0,474748859;0,407031199;0,342683351
SI.RSF.CO2-INT (kg/sqm);26,56129077;24,86746549;22,88789133;20,98529513;19,16561814;17,49754899;15,78604146;14,22715653;12,75466186;11,36719239;10,018825;8,879408454;7,768059436;6,726522565;5,75173397;4,843738373;3,988467986;3,200080658;2,529627715;1,992428082;1,561795118;1,322924516;1,142601452;0,984561832;0,8473049;0,719166289;0,627177461;0,539094698;0,461320901;0,389983997;0,322065308
ES.RSF.CO2-INT (kg/sqm);16,40365149;15,35142015;14,12661286;12,95090469;11,82780664;10,79900246;9,745830509;8,787450587;7,883538566;7,033207312;6,208653272;5,512302426;4,834805349;4,201261431;3,609704071;3,060019858;2,543638402;2,06888;1,665981851;1,343708112;1,08580831;0,94246893;0,834260527;0,739577752;0,657467078;0,580998235;0,526029686;0,473536412;0,427259193;0,384908213;0,34471064
SE.RSF.CO2-INT (kg/sqm);3,899984307;3,699935188;3,453130688;3,211257391;2,976171292;2,758553464;2,53073445;2,321508655;2,121628308;1,9311783;1,743512756;1,584470761;1,427116845;1,277944837;1,136704771;1,003627456;0,876730348;0,758445171;0,657162969;0,575763582;0,510391419;0,475322389;0,449336175;0,426637442;0,407054486;0,388700653;0,376174884;0,36411002;0,353609665;0,344031714;0,334862232
UK.RSF.CO2-INT (kg/sqm);32,31467514;30,12997228;27,61820473;25,21359631;22,92436685;20,83241924;18,70547509;16,77674715;14,96624973;13,27130344;11,63736739;10,26078848;8,929615253;7,691224198;6,540918711;5,477635333;4,4844029;3,57610285;2,808631865;2,196971336;1,709361493;1,437685412;1,232821367;1,054269733;0,900020596;0,757147088;0,654468281;0,556987196;0,471429141;0,393538237;0,320047156
HR.RSF.CO2-INT (kg/sqm);20,64150378;19,55891441;18,17707404;16,82325201;15,50566617;14,28351816;13,00039819;11,8189573;10,68743217;9,606798459;8,539853871;7,63351447;6,735390918;5,882469607;5,073402765;4,309499585;3,579390564;2,896846938;2,309852746;1,835151757;1,450978458;1,239930215;1,080474834;0,93933723;0,815585984;0,698332499;0,614411878;0,532707785;0,459724291;0,391796036;0,325990348
CH.RSF.CO2-INT (kg/sqm);26,84071328;25,03729507;22,94720417;20,94224522;19,03222176;17,28701134;15,51543232;13,91062043;12,40671835;11,00134234;9,649156647;8,511195086;7,412515465;6,391714756;5,444528964;4,569684741;3,752850542;3,006083435;2,375158507;1,872315492;1,471350245;1,248010243;1,079592331;0,932747863;0,805826282;0,688165038;0,603584765;0,523193878;0,45255707;0,388159724;0,327296564
NO.RSF.CO2-INT (kg/sqm);4,811503852;4,515565503;4,177310138;3,852546634;3,542458033;3,258511898;2,968537688;2,704937219;2,456740728;2,22367084;1,998165975;1,807820396;1,623034462;1,450528863;1,289717943;1,140518385;1,000580964;0,872096238;0,763117571;0,675925416;0,606108981;0,567015578;0,537368444;0,511382039;0,488791448;0,467742912;0,452446451;0,437833617;0,424894157;0,413015623;0,401724636
AT.RMF.CO2-INT (kg/sqm);20,26713819;19,04056892;17,58622393;16,18063731;14,82892999;13,58497194;12,29860676;11,12240966;10,00593871;8,948918648;7,916011737;7,041462778;6,183825389;5,376424578;4,617316993;3,906986992;3,234617081;2,611892849;2,080324533;1,653088525;1,309521443;1,119564161;0,976115862;0,849975605;0,740074971;0,636982625;0,563046518;0,491884488;0,428840379;0,370779719;0,315244094
BE.RMF.CO2-INT (kg/sqm);43,36710589;40,30167091;36,81245426;33,49259605;30,34970141;27,48984265;24,6020006;21,99288709;19,55470662;17,28213517;15,10202524;13,26933848;11,50532574;9,870795683;8,358487574;6,965862155;5,669841888;4,488838294;3,493796673;2,702708155;2,073520199;1,7229755;1,459045875;1,229581176;1,031823262;0,849142082;0,718106493;0,594039826;0,485431193;0,386807125;0,293959556
BG.RMF.CO2-INT (kg/sqm);29,10614502;27,19892288;24,98183477;22,85418462;20,82340879;18,96456038;17,06613469;15,3407945;13,71638027;12,19099878;10,71491109;9,469485516;8,260182491;7,131198484;6,07871876;5,10224203;4,186368331;3,345565526;2,632886494;2,063408245;1,608167088;1,355034322;1,164024612;0,997081131;0,852471508;0,718009714;0,621392361;0,529284732;0,448200513;0,374116838;0,303928041
CY.RMF.CO2-INT (kg/sqm);23,67330498;22,4720111;20,94643702;19,4374929;17,96196895;16,59264508;15,14833108;13,81864564;12,54223929;11,31901563;10,10342051;9,069912975;8,036392076;7,046697754;6,099306457;5,196249585;4,324239952;3,50103112;2,787474804;2,206593344;1,733344073;1,473994202;1,277447228;1,102236505;0,947540497;0,799682058;0,693489646;0,58914815;0,495196439;0,407011783;0,320870766
CZ.RMF.CO2-INT (kg/sqm);56,10276868;52,22828336;47,78192134;43,53603389;39,50342728;35,82533598;32,09723105;28,72206722;25,56048671;22,60691333;19,76629479;17,37558946;15,06883483;12,92698766;10,94130048;9,109213167;7,400897356;5,841434227;4,525741284;3,478616145;2,644969817;2,180883317;1,831409866;1,527313148;1,265042908;1,022509368;0,848608723;0,683772988;0,53938109;0,408164715;0,284549096
DK.RMF.CO2-INT (kg/sqm);17,72754746;16,62323255;15,32545455;14,07456291;12,87458693;11,77176002;10,63650175;9,600291352;8,6195738;7,694029723;6,793475334;6,031874143;5,288636082;4,591906397;3,93980309;3,332459823;2,760534895;2,23350717;1,78545129;1,426544295;1,138917267;0,979344047;0,85888669;0,75333937;0,661693015;0,576171184;0,514773902;0,45602325;0,404186392;0,356691385;0,311537609
EE.RMF.CO2-INT (kg/sqm);85,77093706;80,18851177;73,70142491;67,48273702;61,54607016;56,11072498;50,54042954;45,47042154;40,68432798;36,17685786;31,79820159;28,09942414;24,49258781;21,11280272;17,94967623;15,00294943;12,22651838;9,666108375;7,487716907;5,74142684;4,340687589;3,563779823;2,977033698;2,462319405;2,014825475;1,596500085;1,295866019;1,007531356;0,75249322;0,518096723;0,294443935
FI.RMF.CO2-INT (kg/sqm);22,53491064;21,14657676;19,50711967;17,92539358;16,40739333;15,01276676;13,57483198;12,26224999;11,01864648;9,843233924;8,696546181;7,726357273;6,77616534;5,882495184;5,043000413;4,258064255;3,515677887;2,828638649;2,242508891;1,771622744;1,393128111;1,183552157;1,025199239;0,88600609;0,76477554;0,651176576;0,569579488;0,491148167;0,421698189;0,357802323;0,296785978
FR.RMF.CO2-INT (kg/sqm);18,16277293;17,00068152;15,6374435;14,32428674;13,06813412;11,91715379;10,74041407;9,670767886;8,6634089;7,717138692;6,800796102;6,027661859;5,27609367;4,573663651;3,917970504;3,308731992;2,736335202;2,209957816;1,763159968;1,405710621;1,11961157;0,960687713;0,840744032;0,735788127;0,644770122;0,559986266;0,499089066;0,440908753;0,389604846;0,342620714;0,297972079
DE.RMF.CO2-INT (kg/sqm);33,19147983;31,08244992;28,60836628;26,22564563;23,94443622;21,84927837;19,70440548;17,74840452;15,90117632;14,16094249;12,47360749;11,04152612;9,648101869;8,342078594;7,119551389;5,980606547;4,906978112;3,917010185;3,074788528;2,399700265;1,857782594;1,557964865;1,33113519;1,13225539;0,959465729;0,798365179;0,682206131;0,571222765;0,473205171;0,38329014;0,297665667
EL.RMF.CO2-INT (kg/sqm);31,01808894;29,00112963;26,65647256;24,40900916;22,26544447;20,30515347;18,30014346;16,47777162;14,75991136;13,14401719;11,57581408;10,25200578;8,961651806;7,752767125;6,621382386;5,567252947;4,573795603;3,657382405;2,877534159;2,252283759;1,750704558;1,472570065;1,262520061;1,078250011;0,918055477;0,768327465;0,660764186;0,557645523;0,466498767;0,382813208;0,303076624
HU.RMF.CO2-INT (kg/sqm);23,927173;22,56308048;20,88308659;19,23243486;17,62965036;16,14685808;14,60993494;13,20320031;11,86777794;10,603769;9,369232709;8,311807798;7,278567965;6,308643722;5,399406074;4,551205947;3,751224754;3,013090212;2,384969557;1,881478911;1,477787565;1,253522479;1,084177547;0,9358147;0,807020216;0,686881478;0,600590423;0,518021201;0,445119903;0,378257884;0,314622713
IE.RMF.CO2-INT (kg/sqm);40,37898975;37,99616655;35,12429106;32,32861069;29,62665875;27,13218986;24,54526474;22,17620356;19,92452413;17,79056075;15,70340978;13,93508598;12,19976552;10,56515087;9,027581399;7,588301386;6,225672281;4,96356288;3,886100074;3,019977136;2,323381287;1,937572899;1,645956332;1,389490087;1,165985878;0,956365001;0,805702278;0,66069766;0,532103979;0,413565509;0,300102396
IT.RMF.CO2-INT (kg/sqm);26,69286361;24,90569726;22,84292245;20,86933741;18,99098097;17,27530132;15,52943744;13,94589125;12,45846093;11,06482376;9,719509237;8,585688492;7,487240092;6,463660296;5,511145798;4,62891016;3,80282331;3,04560835;2,404538061;1,892760334;1,484011398;1,256580642;1,084998548;0,935157681;0,805456713;0,68498068;0,598386627;0,515918097;0,443361099;0,377115739;0,31440667
LV.RMF.CO2-INT (kg/sqm);27,33759053;25,50069013;23,45842453;21,49725511;19,59229171;17,84568118;16,05942404;14,43414321;12,90273591;11,46404782;10,07194831;8,896912167;7,756764615;6,693169787;5,702684377;4,784890084;3,925409505;3,137685679;2,470929611;1,938785278;1,513932365;1,277385402;1,098919661;0,943159008;0,808423969;0,683410251;0,593564545;0,508121057;0,433040228;0,364593289;0,299906291
LT.RMF.CO2-INT (kg/sqm);30,37338235;28,46806309;26,19662269;23,99216682;21,8733035;19,92601749;17,93221906;16,11821392;14,40951094;12,80479457;11,25197319;9,941929735;8,669896859;7,482313571;6,375121807;5,347785378;4,384111565;3,499359031;2,749414271;2,150185864;1,671197799;1,405068944;1,204394814;1,029071056;0,87725278;0,736046422;0,634706118;0,537987621;0,452753632;0,374723789;0,300587411
LU.RMF.CO2-INT (kg/sqm);32,49945634;30,11149852;27,42045723;24,87025038;22,46590149;20,28479723;18,09656572;16,12628617;14,29330793;12,59254258;10,96970773;9,608503684;8,305481618;7,103814975;5,997367558;4,983455635;4,044818619;3,193841586;2,479864709;1,914253514;1,466047538;1,21576642;1,027541948;0,86452212;0,72454965;0,595921467;0,503668801;0,416808524;0,34108552;0,272668381;0,208644286
MT.RMF.CO2-INT (kg/sqm);17,61705378;16,54225016;15,26580483;14,03789083;12,84160509;11,7594699;10,64039336;9,62938611;8,67612872;7,776702118;6,90307331;6,167864537;5,444430928;4,761990246;4,115304657;3,502979466;2,920425416;2,374918605;1,904309355;1,525176323;1,217243034;1,047131214;0,917921031;0,80365074;0,703961436;0,609929619;0,542527821;0,477608771;0,420499198;0,368037834;0,318049835
NL.RMF.CO2-INT (kg/sqm);29,05601439;27,19943232;25,02421257;22,93025151;20,92580393;19,08728548;17,20218073;15,48556635;13,86532046;12,34011422;10,8599388;9,609747553;8,392300022;7,252924628;6,188106015;5,197690326;4,266216437;3,408832368;2,680546251;2,09756002;1,630662549;1,371491004;1,175878245;1,004589192;0,855943274;0,717334954;0,61778948;0,522584701;0,438580927;0,361603183;0,288409256
PL.RMF.CO2-INT (kg/sqm);66,42695335;62,56045398;57,89388454;53,34779923;48,94472087;44,87066255;40,62727691;36,73086701;33,01651023;29,48696826;26,02612106;23,08997365;20,20329349;17,48039545;14,91620293;12,51358378;10,23690712;8,126547646;6,323784534;4,873788672;3,706915553;3,060307714;2,571217361;2,140781635;1,76541911;1,413212899;1,159823685;0,915914462;0,699552121;0,500089189;0,30915328
PT.RMF.CO2-INT (kg/sqm);11,23584473;10,56595272;9,777605837;9,017803193;8,28667206;7,612501305;6,912139993;6,26965511;5,657649672;5,076482846;4,507181231;4,024362974;3,550344695;3,103855838;2,684068859;2,291418612;1,920051595;1,576460775;1,283471253;1,048238343;0,859302674;0,75487891;0,676096121;0,606917549;0,546739324;0,490398311;0,450068127;0,411349204;0,377153287;0,34577631;0,315888206
RO.RMF.CO2-INT (kg/sqm);27,09462121;25,36280776;23,34094954;21,39844993;19,54082899;17,83780055;16,09023795;14,49809403;12,99388782;11,57637544;10,19894385;9,034833616;7,899876991;6,836731086;5,842341613;4,916757046;4,045612224;3,243193127;2,561226906;2,015085659;1,577475865;1,334891562;1,151875266;0,991511159;0,852231278;0,72213259;0,628723077;0,539167298;0,45998547;0,387242727;0,317885393
SK.RMF.CO2-INT (kg/sqm);19,67547011;18,55936677;17,20219662;15,88994482;14,63192828;13,44957989;12,21372105;11,07703792;9,99095922;8,956490218;7,939321057;7,075385103;6,223664524;5,418467825;4,658605116;3,945259649;3,268087651;2,639447027;2,10192982;1,669378709;1,321175403;1,128704502;0,983312924;0,855379376;0,743856216;0,639159424;0,564078804;0,491736139;0,42757587;0,36839637;0,311685478
SI.RMF.CO2-INT (kg/sqm);26,56129077;24,79124277;22,74766141;20,79254557;18,9310375;17,22999652;15,49654797;13,92293975;12,44314699;11,05503864;9,713302822;8,581724148;7,484119547;6,460315167;5,506733637;4,622802822;3,794525159;3,034842031;2,391403196;1,877573955;1,467080084;1,238731924;1,066465152;0,916012997;0,785782215;0,664802608;0,577898827;0,495132521;0,422329652;0,355864193;0,292932467
ES.RMF.CO2-INT (kg/sqm);16,40365149;15,30436562;14,04006169;12,83195086;11,68303832;10,63387648;9,567105874;8,599550081;7,690994102;6,840068852;6,019321559;5,32750116;4,658082436;4,03499322;3,455945448;2,920444365;2,419951707;1,962051789;1,574948875;1,266249647;1,019959486;0,882489014;0,778670269;0,688085614;0,60972849;0,537079042;0,484698442;0,434920393;0,39114687;0,351232491;0,313529385
SE.RMF.CO2-INT (kg/sqm);3,801665375;3,598565182;3,350971251;3,109234133;2,875113816;2,658860247;2,433749299;2,227475264;2,031062835;1,844531404;1,661485565;1,506473743;1,353757538;1,209471384;1,073325418;0,945484922;0,824032891;0,711208953;0,614806854;0,537403473;0,47527871;0,44159082;0,416474065;0,394510339;0,375519799;0,357745724;0,345402815;0,33353668;0,323152845;0,313655713;0,304571828
UK.RMF.CO2-INT (kg/sqm);27,29686844;25,51649532;23,44899241;21,46185175;19,56278212;17,82260084;16,04336516;14,4253745;12,90096543;11,46858868;10,0817429;8,911347874;7,774536864;6,7129546;5,723093005;4,804590166;3,94308752;3,152156315;2,481737955;1,946015396;1,517798103;1,279674767;1,099990667;0,94295542;0,806937551;0,680476735;0,589609781;0,502992901;0,426747676;0,35708969;0,291096869
HR.RMF.CO2-INT (kg/sqm);21,73838198;20,50068513;18,96188739;17,46616957;16,02154628;14,68830142;13,30489645;12,03783831;10,83311152;9,690919588;8,573124852;7,626258743;6,696439682;5,820104985;4,995238445;4,22245692;3,489994013;2,810696934;2,230186968;1,76316543;1,387208347;1,179595573;1,022824635;0,884818352;0,764440683;0,651288023;0,570167614;0,491880215;0,422367362;0,358154738;0,296502462
CH.RMF.CO2-INT (kg/sqm);23,56545785;22,00725278;20,19322982;18,45006179;16,78663491;15,26492387;13,71640118;12,31190839;10,99358615;9,759616174;8,570023821;7,568152064;6,598915565;5,696826916;4,858314904;4,082463687;3,356673795;2,691917326;2,129448525;1,680615975;1,322274068;1,122898694;0,97252391;0,841247701;0,727647851;0,622147975;0,546338357;0,474143158;0,410624332;0,35262035;0,297690523
NO.RMF.CO2-INT (kg/sqm);4,144849704;3,896802211;3,611290477;3,336447661;3,073357368;2,832049422;2,584630636;2,359330349;2,146682313;1,946512018;1,752255924;1,58818798;1,428421148;1,278904387;1,139176156;1,009216056;0,886994838;0,774500224;0,678950564;0,60247126;0,541228217;0,507245447;0,481604002;0,459155159;0,43967825;0,421519144;0,408486118;0,396023153;0,385030313;0,374959767;0,365386105
AT.OFF.CO2-INT (kg/sqm);35,95163162;33,75183571;31,15264368;28,64380846;26,23413326;24,01844376;21,73142817;19,64212189;17,66121807;15,78796399;13,95995489;12,41296321;10,89798242;9,473397591;8,135587469;6,885197119;5,703083858;4,6095335;3,67692176;2,927919644;2,326055925;1,99304626;1,741593668;1,520648713;1,328286147;1,148035134;1,018728495;0,894418802;0,784374408;0,683126296;0,586392554
BE.OFF.CO2-INT (kg/sqm);51,6591503;48,74189525;45,19656335;41,73772994;38,38344234;35,27867798;32,03373431;29,05105861;26,20128779;23,48616532;20,81375402;18,54456861;16,30359087;14,18148438;12,17471907;10,28622659;8,488148154;6,813628109;5,377828894;4,219434243;3,284272284;2,767791111;2,377023879;2,031981925;1,730136103;1,445528433;1,241007917;1,043088392;0,86690526;0,703772107;0,54680071
BG.OFF.CO2-INT (kg/sqm);56,72304753;52,91746106;48,52202961;44,31410383;40,30732568;36,64586197;32,92019144;29,54026444;26,3657543;23,39210201;20,52314708;18,10512544;15,76456511;13,58532959;11,55939409;9,685063215;7,932430172;6,328242925;4,971796087;3,890103535;3,02720354;2,546578624;2,184061449;1,867904248;1,594616255;1,341293419;1,159215857;0,986230322;0,834324905;0,695959266;0,565343312
CY.OFF.CO2-INT (kg/sqm);135,3871506;125,8159794;114,7445543;104,1190378;94,02392095;84,8216096;75,57168522;67,22686008;59,45618499;52,24167148;45,36115243;39,57507877;34,04510577;28,95328876;24,27868304;20,01466246;16,0964091;12,57730404;9,650367365;7,35050454;5,546448582;4,521685133;3,748991039;3,087748229;2,527524945;2,025836901;1,663255899;1,333451346;1,05389199;0,811369019;0,596858851
CZ.OFF.CO2-INT (kg/sqm);110,4651203;103,9185697;96,06002818;88,42508519;81,05198086;74,24707168;67,18277281;60,70996034;54,55201268;48,70999193;42,98896705;38,13958059;33,3747283;28,8816702;24,65087704;20,68631731;16,92861366;13,44425781;10,46692209;8,07164513;6,14358219;5,07584554;4,268345671;3,557489592;2,937416869;2,355273133;1,936603525;1,533317934;1,17543687;0,84536273;0,529296105
DK.OFF.CO2-INT (kg/sqm);30,98049636;29,00116025;26,69265368;24,47367694;22,35079568;20,40342414;18,40723488;16,58884857;14,87251775;13,25718187;11,69068823;10,36740783;9,0804773;7,877607054;6,755158673;5,712929824;4,7346959;3,83610607;3,074079768;2,464910632;1,977725667;1,706765531;1,502214993;1,323342194;1,16831581;1,024092826;0,920402617;0,821517876;0,734444189;0,65488;0,579498038
EE.OFF.CO2-INT (kg/sqm);198,9877197;184,7315938;168,5821943;153,2491051;138,7512811;125,5668556;112,2591407;100,2363377;89,00127863;78,5293122;68,48484851;60,0394827;51,91352491;44,38708985;37,42761502;31,02409374;25,07149398;19,65446466;15,09648972;11,47775524;8,604421876;7,003604966;5,799768085;4,755530123;3,85793079;3,031616075;2,440452597;1,883079228;1,397331232;0,958485732;0,547701715
FI.OFF.CO2-INT (kg/sqm);50,5534153;47,05299431;43,04858125;39,22939508;35,60562709;32,30220259;28,95776732;25,9309655;23,09717801;20,45117527;17,90838768;15,76783384;13,70449034;11,79027628;10,01750376;8,38397246;6,863454519;5,478130809;4,311182238;3,383561399;2,646074199;2,233477525;1,922174477;1,651610338;1,418523079;1,203752905;1,048999597;0,903021882;0,775455694;0,660044784;0,552058201
FR.OFF.CO2-INT (kg/sqm);23,75884434;22,23886319;20,45939486;18,74658657;17,1093229;15,60989515;14,07859443;12,68739217;11,37813546;10,1491595;8,960089816;7,957156988;6,983080621;6,073390936;5,224898125;4,437148811;3,697672312;3,018211812;2,441854023;1,980999556;1,612334926;1,407419027;1,252764509;1,117506548;1,000268054;0,891146762;0,812741742;0,737900568;0,671939989;0,611576275;0,554264494
DE.OFF.CO2-INT (kg/sqm);53,93257877;50,73557049;46,90782779;43,19317225;39,61068072;36,30327249;32,88190055;29,74548808;26,76354275;23,93559431;21,17233184;18,819804;16,51301967;14,33666077;12,28595368;10,36290701;8,537615077;6,843536186;5,394727664;4,228354391;3,287907113;2,769084104;2,376025003;2,029817134;1,727700354;1,444313847;1,239897378;1,043331377;0,868882052;0,707940278;0,553694529
EL.OFF.CO2-INT (kg/sqm);71,89557201;67,3336581;61,98994918;56,853032;51,93989781;47,43806352;42,8142899;38,60314987;34,62280468;30,86861013;27,21346541;24,12430712;21,10332683;18,26520265;15,60153037;13,11272817;10,76013114;8,583748155;6,727417523;5,236224937;4,0376391;3,373926278;2,87242686;2,431581804;2,047582802;1,687674368;1,429120236;1,180506137;0,960267284;0,757521882;0,563759572
HU.OFF.CO2-INT (kg/sqm);54,6055896;51,17399707;47,06660269;43,07036086;39,22582989;35,69086828;32,07871378;28,79406245;25,70422533;22,806738;20,00939058;17,62400398;15,32131597;13,18227344;11,19885497;9,369278098;7,664856005;6,111141459;4,801955781;3,761138082;2,933707434;2,470265188;2,120668041;1,817045174;1,555681059;1,315061991;1,14174398;0,978329901;0,835525195;0,70627185;0,585236709
IE.OFF.CO2-INT (kg/sqm);98,74902696;92,18697184;84,53682789;77,17713255;70,14572075;63,70488411;57,14490287;51,18816602;45,59246849;40,35217976;35,30148868;31,04392712;26,92991869;23,10596028;19,55842144;16,28443483;13,23238041;10,44807493;8,100693041;6,233884458;4,749231041;3,92108806;3,297305852;2,75533439;2,288702691;1,858502161;1,54991435;1,258557643;1,004150534;0,773937642;0,558227145
IT.OFF.CO2-INT (kg/sqm);45,38571257;42,43093293;38,99437259;35,696862;32,54954776;29,6690734;26,72531215;24,04960587;21,52922902;19,16107966;16,86722809;14,93156701;13,04968111;11,29077583;9,648942637;8,12350992;6,690384758;5,372500445;4,253863497;3,358918503;2,642577054;2,244769491;1,944542552;1,681775085;1,453843917;1,241450471;1,088874538;0,943061982;0,81446697;0,696706901;0,584834843
LV.OFF.CO2-INT (kg/sqm);44,65263611;41,77225375;38,53818653;35,41908761;32,37486374;29,57533117;26,69379235;24,06369825;21,57516014;19,22748918;16,94442511;15,01378157;13,13080884;11,36654698;9,716196983;8,180058866;6,734568599;5,403588398;4,272775906;3,367451523;2,642364117;2,239701816;1,935715497;1,669541203;1,438580087;1,223300155;1,068663963;0,920869806;0,790542367;0,67121404;0,557862364
LT.OFF.CO2-INT (kg/sqm);54,98545755;51,51756572;47,39024979;43,38713547;39,54172292;36,00914249;32,39532454;29,10877985;26,01476506;23,11069628;20,30247304;17,93390187;15,63569156;13,49136901;11,49345607;9,64081963;7,904177766;6,310818319;4,960962953;3,882875247;3,02151476;2,542768316;2,181808702;1,866599069;1,593776205;1,34019544;1,15820003;0,984634288;0,831761887;0,691904292;0,559129332
LU.OFF.CO2-INT (kg/sqm);42,60710489;39,87913118;36,68423063;33,60916994;30,66597822;27,96668828;25,19948279;22,6798279;20,30187842;18,0636478;15,89176478;14,05742738;12,27135285;10,59999036;9,038161382;7,5856164;6,219666453;4,962495952;3,894708596;3,040012826;2,355556821;1,975600393;1,688827148;1,437728817;1,219836646;1,016676519;0,870768984;0,731238832;0,608135037;0,495340117;0,388103878
MT.OFF.CO2-INT (kg/sqm);67,81150358;62,65797679;56,88043143;51,43399769;46,24987549;41,61528155;36,98456335;32,86060859;29,05531932;25,54569761;22,23198686;19,46549415;16,82862554;14,40820228;12,18136474;10,137682;8,257992879;6,55705799;5,130004318;4,005811477;3,114499484;2,60788452;2,223202529;1,89108475;1,607750001;1,350513908;1,16328911;0,990460885;0,84225368;0,710964198;0,591611575
NL.OFF.CO2-INT (kg/sqm);57,49768382;53,66363453;49,22436801;44,96966223;40,91437029;37,20591872;33,42874165;30,00023198;26,77827351;23,75868031;20,84394494;18,38683606;16,00744786;13,7913371;11,73048312;9,82327994;8,039343149;6,40600297;5,024584977;3,92278929;3,043695969;2,554314427;2,185268198;1,863374951;1,585097028;1,327051397;1,141685866;0,965488638;0,810728793;0,669700427;0,536476473
PL.OFF.CO2-INT (kg/sqm);148,9466873;139,2871169;127,9845882;117,0964986;106,6655471;97,08672496;87,27372972;78,33464269;69,9036375;61,97750705;54,30497911;47,82646052;41,54073941;35,678305;30,22099189;25,16695442;20,43744407;16,10633611;12,44330533;9,522275725;7,192480469;5,896221094;4,919319933;4,067875585;3,332509686;2,651361536;2,162994484;1,699459287;1,293122487;0,923566048;0,575062895
PT.OFF.CO2-INT (kg/sqm);30,5588504;28,44831922;26,05750043;23,78404996;21,62623989;19,65498827;17,65353391;15,83660726;14,13119081;12,53583746;11,00188022;9,708401215;8,463144542;7,309611906;6,243676197;5,264180322;4,35565519;3,5308923;2,837897603;2,287837016;1,851047173;1,604223104;1,417055321;1,254311306;1,113919967;0,984796764;0,890475678;0,801705016;0,723877372;0,653403064;0,587590679
RO.OFF.CO2-INT (kg/sqm);66,34849693;61,58885544;56,19978253;51,08123171;46,24191402;41,84052117;37,40525486;33,39977625;29,66081372;26,1804261;22,84919111;20,04894186;17,36205014;14,87968061;12,59091787;10,49167624;8,547455432;6,784714787;5,305810225;4,134245619;3,205992768;2,686340494;2,295022956;1,95609071;1,665020989;1,397761381;1,205403081;1,024488787;0,86672396;0,724289348;0,591305693
SK.OFF.CO2-INT (kg/sqm);42,60245028;39,88581809;36,6938597;33,64251975;30,74874576;28,05415999;25,2877901;22,76494978;20,38174782;18,13751161;15,9607447;14,12077164;12,3319029;10,66054522;9,102043126;7,656420359;6,301589998;5,059232129;4,007327056;3,167628907;2,497173951;2,123708602;1,841892768;1,595953991;1,3832313;1,185889579;1,043991022;0,909033231;0,790379891;0,682137213;0,579773092
SI.OFF.CO2-INT (kg/sqm);44,13858958;41,31065741;38,01031359;34,8399802;31,80937825;29,03227238;26,18505787;23,59272;21,14527294;18,84030669;16,60164796;14,71032009;12,86671571;11,13982382;9,524459304;8,020581766;6,604835024;5,30051178;4,191785513;3,303740646;2,592122328;2,197269545;1,899216755;1,638093796;1,411390435;1,199859016;1,047993622;0,902659954;0,774387182;0,656788804;0,544890199
ES.OFF.CO2-INT (kg/sqm);22,59956111;21,26731296;19,67912083;18,1410872;16,65928215;15,29382438;13,87827553;12,58229397;11,35013703;10,18176562;9,038069673;8,068972963;7,117117389;6,219904674;5,375417272;4,584433908;3,835085275;3,1406219;2,547625161;2,070989367;1,687731085;1,4761488;1,316523219;1,176219884;1,054056993;0,939494345;0,857528833;0,77865666;0,708854604;0,644618462;0,583202985
SE.OFF.CO2-INT (kg/sqm);14,2269916;13,30488029;12,23246622;11,20142477;10,2175858;9,317160458;8,402583444;7,5728361;6,794356581;6,066071864;5,365061186;4,773494577;4,202463133;3,671849798;3,179711346;2,725597948;2,302470909;1,916514802;1,590507974;1,330120408;1,121839382;1,002194169;0,910161509;0,829235637;0,75850401;0,69274952;0,643209578;0,595987938;0,553652476;0,514477741;0,477153987
UK.OFF.CO2-INT (kg/sqm);48,07351338;45,34721845;42,04478709;38,81927269;35,68917265;32,78991095;29,76104976;26,97720441;24,31832481;21,78624044;19,29613203;17,18202054;15,09668943;13,12402603;11,26077396;9,509722937;7,84538548;6,298109902;4,973454506;3,90621737;3,046091411;2,570630338;2,211107566;1,894258201;1,617626748;1,357529831;1,170741191;0,990555516;0,83059324;0,68296447;0,541475763
HR.OFF.CO2-INT (kg/sqm);59,68373608;55,68630221;50,94905644;46,41359939;42,0979861;38,15495125;34,16077195;30,54292777;27,15625057;23,99622574;20,96460263;18,41308142;15,96002595;13,68995198;11,59365194;9,668127941;7,882364989;6,261425996;4,900266557;3,821179646;2,965692951;2,486128692;2,124589224;1,811304944;1,542203077;1,295280749;1,117353491;0,950271294;0,804748608;0,673626059;0,551530827
CH.OFF.CO2-INT (kg/sqm);22,21023647;20,98363376;19,4801461;18,00732715;16,57603537;15,24991261;13,86524443;12,59338181;11,37988665;10,22557058;9,091500688;8,129597019;7,181250672;6,284444881;5,437418632;4,641164467;3,88375114;3,178968694;2,575121888;2,088329319;1,695682477;1,479225737;1,315713115;1,171495933;1,045491004;0,926780313;0,84173305;0,759481477;0,68637001;0,618750071;0,553740764
NO.OFF.CO2-INT (kg/sqm);4,887925926;4,774960512;4,584606943;4,379774324;4,163738045;3,953704723;3,708891917;3,474537626;3,238116293;3,001301402;2,754281918;2,542737062;2,322301825;2,105235444;1,892214757;1,684725117;1,480022476;1,283597354;1,11289419;0,975350753;0,865076092;0,812842195;0,777218095;0,746805485;0,721545459;0,697650356;0,68530674;0,673133918;0,663672931;0,655631386;0,647949678
AT.RHS.CO2-INT (kg/sqm);45,24799455;42,48058853;39,2107308;36,0545445;33,02310435;30,23570372;27,35857285;24,73016594;22,23813242;19,88152533;17,58183772;15,63567805;13,72978898;11,93762062;10,25461731;8,681590573;7,19445836;5,818740806;4,645488627;3,703222593;2,94606086;2,527125199;2,210790664;1,932835607;1,69083801;1,464077091;1,301405649;1,145020509;1,006581522;0,879208507;0,7575147
BE.RHS.CO2-INT (kg/sqm);63,96983592;60,35905164;55,97087562;51,68976166;47,53804758;43,69517675;39,6788013;35,98704369;32,45978691;29,0991889;25,79145593;22,98280916;20,20907596;17,58247369;15,09863306;12,76118267;10,53564078;8,463031237;6,685894465;5,252110611;4,094629336;3,455363292;2,971697602;2,54462762;2,171022937;1,818754493;1,565612601;1,320640976;1,102573213;0,900657847;0,706369091
BG.RHS.CO2-INT (kg/sqm);70,96460477;66,20510406;60,7079069;55,44521589;50,43409247;45,85484057;41,19528765;36,96814288;32,99790508;29,27887246;25,69078082;22,6666541;19,73940526;17,01391918;14,48015952;12,13600595;9,944055171;7,937759847;6,24130393;4,888472635;3,809276782;3,208177675;2,754791379;2,359385721;2,017594934;1,700773801;1,473056393;1,256710034;1,066727768;0,893679183;0,73032283
CY.RHS.CO2-INT (kg/sqm);191,3813814;177,8465472;162,190166;147,1643556;132,8885966;119,8753764;106,7948254;94,994198;84,00549065;73,80326542;64,07335015;55,89111768;48,07104359;40,87057694;34,26009927;28,23024038;22,68933963;17,71288455;13,57382968;10,32153574;7,770374777;6,321230976;5,2285448;4,293464689;3,501238835;2,791789138;2,279054211;1,812669288;1,417337362;1,074379522;0,771035291
CZ.RHS.CO2-INT (kg/sqm);119,0081332;111,9620541;103,5038737;95,28635335;87,35065102;80,02649945;72,4231657;65,45645118;58,82862694;52,54083612;46,38327367;41,1638592;36,03542919;31,19953239;26,64591242;22,37884058;18,33440878;14,58418234;11,37966373;8,801617348;6,726435324;5,577226003;4,708110593;3,94301329;3,275626483;2,6490628;2,19844699;1,76438906;1,379200208;1,023940062;0,683756261
DK.RHS.CO2-INT (kg/sqm);44,84103259;41,97028057;38,6221125;35,40379504;32,3248507;29,50045884;26,60526365;23,96794694;21,47864755;19,13582727;16,86384589;14,94461151;13,07809757;11,3335014;9,705545965;8,193937819;6,775145421;5,471865715;4,366652435;3,483137237;2,776543131;2,383553099;2,086880962;1,827450818;1,602606586;1,393431185;1,243042942;1,099624364;0,973336079;0,857939276;0,748608214
EE.RHS.CO2-INT (kg/sqm);245,9426076;228,3246789;208,3670148;189,4181592;171,5015363;155,2080306;138,7621621;123,9042064;110,0197562;97,07834702;84,66525198;74,22834549;64,18616808;54,88488963;46,28426891;38,37070373;31,01439394;24,31994993;18,68713789;14,21505292;10,66414556;8,685832624;7,198113412;5,907628876;4,798362502;3,7771907;3,046622233;2,357812078;1,757517605;1,215185922;0,70753303
FI.RHS.CO2-INT (kg/sqm);63,50462544;59,10881354;54,08009081;49,28397512;44,73326465;40,58483999;36,38491421;32,58387099;29,02521424;25,70237667;22,50915621;19,82105895;17,22992208;14,82606123;12,59982201;10,54844122;8,638982081;6,899299206;5,433850783;4,268948979;3,342816088;2,824679162;2,433746287;2,093973137;1,801263274;1,531555919;1,337217457;1,153899342;0,993702335;0,848769867;0,713160834
FR.RHS.CO2-INT (kg/sqm);41,56737795;38,8914705;35,75873919;32,74336204;29,86098023;27,22125679;24,52542139;22,07622755;19,7712978;17,6077013;15,51435928;13,74870882;12,0338598;10,43236271;8,938601929;7,551779307;6,249940358;5,053758811;4,039088271;3,227759858;2,578730477;2,217978649;1,945711343;1,707591426;1,501194552;1,309087909;1,171056871;1,039299938;0,92317718;0,816907631;0,716010971
DE.RHS.CO2-INT (kg/sqm);71,36663285;67,13512858;62,06879524;57,15214211;52,41041893;48,03279121;43,50432311;39,35302238;35,40617166;31,66314854;28,00574263;24,89197791;21,83875848;18,95816788;16,24388783;13,69857687;11,28265236;9,040399156;7,122781519;5,578990243;4,334230663;3,647525597;3,127279441;2,669044757;2,269168267;1,89408284;1,623520774;1,363349452;1,132451374;0,919431654;0,715274678
EL.RHS.CO2-INT (kg/sqm);74,74191949;70,00849335;64,4638794;59,13383185;54,03598076;49,36489302;44,56728147;40,19781709;36,06782465;32,17248534;28,37991978;25,1746198;22,04006107;19,09523321;16,33141604;13,74904346;11,3079969;9,049789413;7,123667152;5,576410868;4,332762337;3,644096202;3,123742135;2,666322826;2,267886786;1,894447035;1,62617216;1,368211028;1,139691954;0,929324025;0,72827692
HU.RHS.CO2-INT (kg/sqm);67,36027744;63,12930421;58,06510282;53,13794668;48,39784205;44,03942019;39,58582353;35,53602107;31,72641431;28,15396472;24,70498238;21,76392606;18,92483277;16,28750576;13,84205503;11,58628291;9,484820051;7,569171677;5,955014545;4,671741026;3,651562526;3,080162595;2,649127686;2,27477665;1,952528433;1,655857769;1,44216577;1,240684799;1,064614103;0,905251521;0,756021554
IE.RHS.CO2-INT (kg/sqm);105,5851331;98,57711024;90,40705032;82,54717835;75,0379006;68,15933443;61,15352641;54,79196023;48,81597017;43,21954307;37,82559897;33,27868675;28,88508375;24,80124303;21,01260779;17,51611584;14,25663893;11,28310761;8,77619391;6,78251404;5,196961211;4,312536313;3,646360871;3,067556165;2,569211432;2,109773788;1,780213858;1,469056085;1,197359063;0,951500536;0,72113001
IT.RHS.CO2-INT (kg/sqm);57,17498946;53,45392059;49,12612654;44,97344327;41,00990808;37,38241474;33,67522176;30,30560081;27,13159225;24,1492897;21,26055325;18,82289999;16,45296791;14,23791012;12,17028574;10,24924902;8,444458788;6,784795837;5,37605284;4,249013816;3,34689718;2,845922651;2,467835194;2,136921907;1,849879326;1,582404002;1,390259198;1,206631778;1,04468708;0,896387247;0,755502415
LV.RHS.CO2-INT (kg/sqm);54,94127279;51,39944488;47,4227126;43,58734972;39,84405605;36,40164413;32,85839419;29,62433027;26,56432898;23,67754332;20,87020074;18,49620787;16,18083285;14,01142924;11,982096;10,09320204;8,315772126;6,679148154;5,288658024;4,175436667;3,283841562;2,788712654;2,414919492;2,087621439;1,80362285;1,538906442;1,348759888;1,167026561;1,006770975;0,860040318;0,720658778
LT.RHS.CO2-INT (kg/sqm);67,72295681;63,453864;58,3729977;53,44502781;48,71119417;44,36246749;39,91373467;35,86788637;32,05904892;28,48404148;25,02702314;22,11123147;19,2820564;16,64232241;14,18282362;11,90216514;9,764299937;7,80282026;6,141102389;4,813939753;3,753575693;3,164222537;2,719868974;2,331835195;1,995980968;1,683814422;1,459771881;1,246106549;1,057915423;0,885745967;0,722295475
LU.RHS.CO2-INT (kg/sqm);54,89081406;51,37644863;47,26055556;43,29904854;39,5074243;36,0300113;32,46510475;29,21911011;26,15567023;23,2722259;20,47425515;18,11113416;15,81018874;13,65702336;11,64496666;9,773697204;8,013985495;6,394411032;5,018813107;3,91773458;3,035970757;2,546484465;2,177043228;1,853560897;1,572857051;1,311132047;1,123163815;0,94341137;0,7848205;0,63951024;0,501361061
MT.RHS.CO2-INT (kg/sqm);88,47145173;81,74723118;74,20880345;67,10240368;60,33826284;54,29113568;48,24906552;42,86821034;37,90314363;33,32385814;29,00019343;25,39052807;21,94999369;18,79187296;15,88633907;13,21978197;10,76720051;8,547854074;6,685862469;5,219037728;4,056071343;3,395050087;2,89312458;2,459783824;2,090094209;1,754457605;1,510170367;1,284667492;1,091289641;0,919985704;0,764256745
NL.RHS.CO2-INT (kg/sqm);83,51838058;77,9434203;71,48843428;65,30181174;59,40515006;54,01281714;48,5205528;43,53527385;38,85033394;34,45964647;30,2214292;26,64863098;23,18884377;19,96647271;16,96985524;14,19665615;11,60269452;9,227710277;7,219037496;5,616953972;4,338694361;3,627101354;3,090483822;2,622429831;2,217795396;1,842580046;1,573046351;1,316843972;1,091812961;0,886748423;0,693032017
PL.RHS.CO2-INT (kg/sqm);185,1380733;173,1332283;159,0865263;145,5548864;132,5913745;120,6868827;108,4913624;97,3819289;86,9039359;77,05339762;67,51803471;59,46657812;51,65472883;44,36893724;37,5866275;31,30550586;25,42770419;20,04503416;15,49264569;11,86241097;8,966958073;7,355976185;6,141890402;5,08372145;4,169813966;3,323287913;2,716348831;2,1402706;1,635278129;1,175996028;0,742878799
PT.RHS.CO2-INT (kg/sqm);37,75049735;35,14561596;32,19479513;29,38883382;26,72559939;24,29262104;21,82236556;19,57985975;17,47498321;15,50594987;13,61269348;12,01624258;10,47930915;9,055584292;7,739974213;6,53105079;5,409721604;4,39177431;3,536459304;2,857557898;2,318458667;2,013820939;1,782812802;1,581949219;1,408673984;1,249306223;1,132892287;1,023328852;0,927271621;0,840290099;0,759062464
RO.RHS.CO2-INT (kg/sqm);81,7591662;75,89655856;69,25865944;62,95397131;56,99322386;51,57188289;46,10881886;41,17513855;36,5697349;32,28282649;28,17963432;24,73047482;21,42094152;18,36332498;15,54418031;12,95847505;10,56371405;8,392488169;6,570872567;5,127817741;3,984458042;3,34438517;2,862386432;2,444912388;2,086392199;1,757199711;1,520265639;1,297427527;1,103103377;0,927661961;0,7638616
SK.RHS.CO2-INT (kg/sqm);51,88648573;48,58060784;44,69630409;40,98311932;37,46167706;34,18262754;30,8162237;27,74617173;24,8460461;22,11502832;19,46611411;17,22704537;15,05016563;13,01628543;11,11973956;9,360556865;7,711859727;6,200030702;4,919964256;3,898133054;3,082254404;2,627783297;2,284840762;1,985557125;1,726694243;1,48654851;1,313871729;1,149641188;1,005251582;0,873530741;0,748963534
SI.RHS.CO2-INT (kg/sqm);53,94380261;50,49011934;46,45949145;42,58764208;38,88644325;35,49483288;32,01760056;28,85164274;25,86263649;23,04763849;20,31362023;18,0037885;15,7522403;13,64323016;11,67042562;9,833777359;8,104761051;6,51182349;5,157763657;4,073216534;3,204134769;2,721910878;2,357906414;2,039003434;1,762136254;1,50379819;1,318328758;1,140836362;0,984180013;0,840560038;0,703901052
ES.RHS.CO2-INT (kg/sqm);26,19508325;24,65556238;22,82027745;21,04295474;19,33060873;17,75271144;16,11692985;14,61931796;13,1954606;11,84531259;10,52367909;9,403809182;8,303862804;7,267060684;6,291186943;5,377141461;4,511208289;3,70869949;3,023443623;2,472652275;2,029766221;1,785265715;1,6008054;1,438673508;1,297504371;1,165117932;1,07040013;0,979256932;0,89859499;0,824364914;0,753394345
SE.RHS.CO2-INT (kg/sqm);16,12522108;15,0928901;13,89229072;12,73800922;11,6365723;10,62851941;9,604623297;8,675696521;7,804165596;6,988829242;6,204026983;5,541750609;4,902463961;4,308426585;3,757462983;3,249069557;2,775366279;2,343276964;1,978302645;1,686791037;1,453614247;1,319667881;1,216634587;1,12603567;1,046849515;0,973235412;0,917773977;0,86490795;0,817512143;0,773654865;0,731869815
UK.RHS.CO2-INT (kg/sqm);57,04633683;53,81445094;49,89958419;46,07589865;42,36532203;38,92839271;35,33782967;32,03772064;28,88575223;25,8840932;22,93219457;20,42602143;17,95396599;15,61547248;13,40668059;11,33089743;9,357908851;7,523691257;5,953378723;4,688222626;3,668586441;3,104951186;2,678754971;2,303145941;1,975213227;1,666881377;1,445452813;1,231851732;1,042224477;0,867217975;0,699490208
HR.RHS.CO2-INT (kg/sqm);72,89325281;68,01371438;62,23111147;56,69482552;51,42689575;46,61376045;41,73819478;37,32200922;33,18800173;29,33066149;25,63005706;22,51549752;19,52113193;16,75012595;14,1912402;11,84081523;9,660992069;7,682364189;6,020840821;4,703634279;3,659369299;3,073980695;2,632661142;2,25024514;1,921761181;1,62035107;1,403161012;1,199209171;1,021574328;0,861517267;0,71247956
CH.RHS.CO2-INT (kg/sqm);24,08675397;22,76301966;21,14047456;19,55102676;18,00639455;16,57525944;15,08094283;13,70836459;12,39877578;11,1530523;9,929178236;8,891103815;7,867660287;6,899838683;5,985738539;5,126430993;4,309039995;3,548447585;2,896783657;2,371443199;1,947703633;1,714106224;1,537645446;1,382008064;1,24602512;1,117914026;1,026132082;0,937367212;0,85846623;0,785491636;0,715334406
NO.RHS.CO2-INT (kg/sqm);8,675292593;8,465894836;8,113046924;7,733359997;7,332905462;6,943578277;6,489782281;6,055372659;5,617131474;5,178160772;4,720274378;4,328145348;3,919536707;3,51717273;3,122308032;2,73769593;2,358249935;1,994147521;1,677724481;1,422767798;1,218357741;1,121534647;1,055500219;0,999126041;0,952302923;0,90800989;0,885129209;0,862565121;0,84502781;0,830121642;0,815882484
AT.RSM.CO2-INT (kg/sqm);37,55020025;35,25628914;32,5458943;29,92972206;27,41695226;25,10646756;22,7216052;20,54291086;18,47725683;16,52385818;14,61764026;13,0044627;11,42466556;9,939131852;8,544085387;7,240198827;6,007510496;4,867174109;3,894661875;3,113614746;2,486001126;2,138744105;1,876533464;1,646135688;1,445543157;1,257580355;1,122741511;0,993113402;0,878360912;0,77278104;0,67190868
BE.RSM.CO2-INT (kg/sqm);53,53136296;50,51180204;46,8421381;43,26200609;39,79008623;36,5764402;33,21769888;30,13042306;27,18071299;24,37037328;21,60424259;19,25547862;16,93591153;14,73938441;12,66224341;10,70752296;8,846387315;7,113143153;5,626991576;4,427972925;3,460015563;2,925421797;2,520950662;2,163808354;1,851377033;1,556788394;1,345095503;1,140235093;0,957873356;0,789019251;0,626542988
BG.RSM.CO2-INT (kg/sqm);70,81904256;66,06381308;60,57154917;55,31358096;50,3069546;45,73181216;41,07644079;36,85308951;32,88641465;29,17071954;25,5858479;22,56443507;19,63981318;16,91677298;14,38528715;12,04323725;9,85325356;7,84875871;6,153825213;4,802207967;3,723980597;3,123420924;2,670441503;2,275390687;1,933906627;1,617369814;1,389856762;1,173704554;0,983892781;0,810999492;0,647789737
CY.RSM.CO2-INT (kg/sqm);167,9197846;156,0447211;142,3082751;129,1250732;116,5999443;105,1825295;93,7060407;83,35251906;73,71135207;64,76022122;56,22348118;49,04463227;42,18353043;35,86605383;30,06621613;24,77579617;19,91437365;15,54817906;11,91669467;9,063228104;6,824914887;5,553478953;4,594788401;3,774376753;3,079301206;2,456851013;2,006992546;1,5978002;1,250947654;0,950046583;0,683901321
CZ.RSM.CO2-INT (kg/sqm);89,03162101;83,76600701;77,44511382;71,3040686;65,37362914;59,90020844;54,21815176;49,01184778;44,05880031;39,35986363;34,75824808;30,85772104;27,02518772;23,41126774;20,00829641;16,81946571;13,79701642;10,99443009;8,599657354;6,673054348;5,122247522;4,263430493;3,613930789;3,042164984;2,54341933;2,075181255;1,738431001;1,414054636;1,126198682;0,860708786;0,606485612
DK.RSM.CO2-INT (kg/sqm);40,79248713;38,17981812;35,13265317;32,20366515;29,40152049;26,83104383;24,19612912;21,79590939;19,53040011;17,39820134;15,33047299;13,5837794;11,88506662;10,29731111;8,815710238;7,439996932;6,148755162;4,962641396;3,956787716;3,152701276;2,509630573;2,151970675;1,881969612;1,645862456;1,441231909;1,250861552;1,113993338;0,98346821;0,868533349;0,763510815;0,664008708
EE.RSM.CO2-INT (kg/sqm);227,1420469;210,8690247;192,4348764;174,9325268;158,3836119;143,3339098;128,1434758;114,4197375;101,5951898;89,64169392;78,17618204;68,53600164;59,26041775;50,66917453;42,72510267;35,41563831;28,62088994;22,43748225;17,23466432;13,1039666;9,824126205;7,996832497;6,622681872;5,430709544;4,406121658;3,462903437;2,788104653;2,15187646;1,597406895;1,096475391;0,627575391
FI.RSM.CO2-INT (kg/sqm);60,99653696;56,77066552;51,93635136;47,32565173;42,95087005;38,96282195;34,92526375;31,27116746;27,85008707;24,65570918;21,58593744;19,00176103;16,51079655;14,19986808;12,05969444;10,08761928;8,251979124;6,579551747;5,170757019;4,050889889;3,160560954;2,662455011;2,286635456;1,959997811;1,678604003;1,419323435;1,232498026;1,056266922;0,902263072;0,76293364;0,632567202
FR.RSM.CO2-INT (kg/sqm);20,65297229;19,34173132;17,80663874;16,32905173;14,91663474;13,62312456;12,30211854;11,10197116;9,972515682;8,912315939;7,88654211;7,021342819;6,181037109;5,396275809;4,664307168;3,984740074;3,346816451;2,760666785;2,263460654;1,865895686;1,547860053;1,371085412;1,237669719;1,120986837;1,019848796;0,925713215;0,858075616;0,793512438;0,736610277;0,684536358;0,635095248
DE.RSM.CO2-INT (kg/sqm);73,43472658;69,0745172;63,85408666;58,78788898;53,90194192;49,39116461;44,72495898;40,44739261;36,38049478;32,52362416;28,75497487;25,54650213;22,40041621;19,43220979;16,63537241;14,01264347;11,52323639;9,212782982;7,236839236;5,646092123;4,363472033;3,655880199;3,119810275;2,647637961;2,235598859;1,849104863;1,570313402;1,302228728;1,064307673;0,844808762;0,634442163
EL.RSM.CO2-INT (kg/sqm);81,1182101;75,97173484;69,94328574;64,14812657;58,60542583;53,52672875;48,31046711;43,5597137;39,06932908;34,83407393;30,7105608;27,22555932;23,81747213;20,61567214;17,61067823;14,80296217;12,14890454;9,693640926;7,599441019;5,917167764;4,56499574;3,81623509;3,250473789;2,753139069;2,319934627;1,913907707;1,622222578;1,341751193;1,093291044;0,864565949;0,645975033
HU.RSM.CO2-INT (kg/sqm);61,40672309;57,54851653;52,93049273;48,43743992;44,11495859;40,14053215;36,07931622;32,38631851;28,91235424;25,65465259;22,50954021;19,82760341;17,23864626;14,83367894;12,60368277;10,54665373;8,630338649;6,883467011;5,41152396;4,241312273;3,31101582;2,789958643;2,396899736;2,055530611;1,761673827;1,491141106;1,296276277;1,112546633;0,951988511;0,806666448;0,670584273
IE.RSM.CO2-INT (kg/sqm);110,0721352;102,7588014;94,23280533;86,03051084;78,19408453;71,01584733;63,70482486;57,06611123;50,8297717;44,98953113;39,36059491;34,61559229;30,03057796;25,76882098;21,81513037;18,16631055;14,76483155;11,66175561;9,045625923;6,965089564;5,310460674;4,387504996;3,692307011;3,088286148;2,568230571;2,088777105;1,744859595;1,420145948;1,136612197;0,880042618;0,639635789
IT.RSM.CO2-INT (kg/sqm);52,25713127;48,85478187;44,89767493;41,10068006;37,47663223;34,15984338;30,77018136;27,68917743;24,78703118;22,0601708;19,41886233;17,19000058;15,0230595;12,99772732;11,10720049;9,350705683;7,700500548;6,182992157;4,894911756;3,864406631;3,039558691;2,581493967;2,23579071;1,933221028;1,670764411;1,426199061;1,250511972;1,08261273;0,934539028;0,798941471;0,670123801
LV.RSM.CO2-INT (kg/sqm);49,21320876;46,04023258;42,47764367;39,04170173;35,68824076;32,60432723;29,43007711;26,53281387;23,79148611;21,205335;18,69035365;16,56359227;14,48934417;12,54586579;10,72787062;9,035689149;7,443363683;5,977180397;4,731498175;3,734209502;2,935466565;2,491901187;2,157035454;1,863822753;1,60940024;1,37225183;1,201907448;1,039100125;0,895533818;0,76408393;0,63921781
LT.RSM.CO2-INT (kg/sqm);61,08338714;57,23214797;52,64859073;48,20296457;43,93247284;40,00939428;35,99609805;32,34625249;28,91021944;25,68512941;22,56647985;19,93608234;17,3838235;15,00246349;12,78369747;10,72626708;8,797653541;7,028161124;5,52909019;4,331828628;3,375251721;2,843583739;2,442722965;2,092669463;1,789688243;1,508076181;1,305962653;1,113210625;0,94343942;0,788121701;0,640669546
LU.RSM.CO2-INT (kg/sqm);44,22115426;41,39254615;38,07978635;34,89128728;31,83952181;29,04065561;26,17136845;23,558764;21,09309244;18,77229394;16,52029058;14,61828484;12,76632237;11,03330366;9,413859122;7,907730045;6,491390477;5,187843207;4,080665388;3,194440061;2,48473461;2,090761666;1,793409413;1,533048115;1,307117945;1,096463281;0,945173247;0,800495855;0,672850785;0,555894883;0,444702721
MT.RSM.CO2-INT (kg/sqm);97,16099202;89,76395161;81,47123514;73,65377497;66,21281989;59,56062227;52,91398764;46,99472861;41,5328615;36,49537656;31,73908959;27,76824415;23,98345279;20,50933316;17,31307399;14,37970342;11,68171873;9,240306349;7,192005428;5,578411436;4,299079613;3,571917125;3,019769374;2,543068907;2,136388458;1,767168339;1,498437924;1,250371422;1,037644345;0,84919988;0,677888812
NL.RSM.CO2-INT (kg/sqm);78,80275193;73,53992819;67,44635049;61,60611085;56,03959746;50,94917595;45,76441809;41,05826;36,63562526;32,49076806;28,48984441;25,11708365;21,85100652;18,80905284;15,98021303;13,36228263;10,91355436;8,671543147;6,775333978;5,262949534;4,05625842;3,384506806;2,877933961;2,436085853;2,054106501;1,69989909;1,445456321;1,203598461;0,991166715;0,797583539;0,614713124
PL.RSM.CO2-INT (kg/sqm);177,4228421;165,9148231;152,4494503;139,4778235;127,0508124;115,6389934;103,9481902;93,29852573;83,25416925;73,81129999;64,67056242;56,95231902;49,46376668;42,47950089;35,97788014;29,95670557;24,32215941;19,16225363;14,79826783;11,31827203;8,542648772;6,998338104;5,834497815;4,820121668;3,944036661;3,132544475;2,550723843;1,998486873;1,514393745;1,074119243;0,658926768
PT.RSM.CO2-INT (kg/sqm);34,16093265;31,80278246;29,13145979;26,59127573;24,18029963;21,97777003;19,74149415;17,71139577;15,80589057;14,02336168;12,30943223;10,86419522;9,472838258;8,183966892;6,992969801;5,898554136;4,883435889;3,961907326;3,187606718;2,573010028;2,084973622;1,809190809;1,600063482;1,418225454;1,261362639;1,117089998;1,011702649;0,912516929;0,825558122;0,746815385;0,673281533
RO.RSM.CO2-INT (kg/sqm);73,99639058;68,68942043;62,68063823;56,97348644;51,57767783;46,67015264;41,72485876;37,25877545;33,08985589;29,2092457;25,49493977;22,37267957;19,37681229;16,60898597;14,05703;11,71638886;9,548594952;7,583150284;5,934181053;4,627893928;3,592897871;3,013488873;2,577172294;2,199264983;1,874724086;1,576731314;1,362253026;1,160534733;0,984627948;0,825814257;0,677538322
SK.RSM.CO2-INT (kg/sqm);43,1824809;40,43381751;37,20422347;34,11690586;31,18901204;28,46265502;25,66366749;23,11108093;20,69977918;18,4290817;16,22664902;14,36498126;12,55502038;10,86395609;9,287078055;7,824410279;6,453605421;5,196599194;4,132291347;3,282692508;2,60433237;2,226463575;1,941324915;1,69248633;1,477255475;1,277586942;1,134015291;0,997466244;0,87741389;0,767894946;0,664323873
SI.RSM.CO2-INT (kg/sqm);46,06046707;43,11301714;39,67318988;36,36886772;33,21018252;30,31570698;27,34815977;24,64626113;22,09537687;19,69299513;17,35972328;15,38846164;13,46694045;11,6670644;9,983429236;8,415992863;6,940411984;5,580963727;4,425379023;3,499802446;2,758108786;2,346568218;2,035918733;1,763759854;1,52747526;1,307003824;1,148720096;0,997244147;0,863550143;0,74098167;0,624353859
ES.RSM.CO2-INT (kg/sqm);23,86379679;22,46019413;20,78693925;19,16652933;17,60535957;16,16676859;14,67540369;13,31001003;12,01185941;10,78091062;9,575958918;8,554957892;7,552121428;6,606854466;5,717136758;4,883788735;4,094305378;3,362646906;2,737889569;2,23572541;1,831940014;1,609025491;1,440850448;1,293032538;1,164326666;1,043628102;0,95727256;0,874176034;0,800635417;0,73295882;0,668253962
SE.RSM.CO2-INT (kg/sqm);9,628697569;9,026499077;8,326143143;7,652806209;7,01029556;6,422259417;5,824981315;5,283102489;4,774704877;4,299087726;3,841282291;3,454950931;3,082030365;2,735505446;2,414107121;2,117541622;1,841212225;1,589157857;1,376254256;1,206204288;1,070183271;0,992047188;0,931943892;0,879094049;0,83290171;0,789959763;0,757606969;0,726768175;0,699120373;0,673536731;0,649161899
UK.RSM.CO2-INT (kg/sqm);48,30120852;45,56638292;42,25361814;39,01801099;35,87811675;32,96978317;29,93144456;27,13888846;24,47168913;21,93168177;19,43378173;17,31305511;15,22119893;13,242363;11,37328074;9,616750618;7,94720539;6,395088332;5,066288043;3,995711484;3,13289416;2,655945353;2,295297621;1,977456824;1,699959781;1,439049011;1,251675903;1,070926421;0,910463617;0,762372912;0,620441481
HR.RSM.CO2-INT (kg/sqm);61,93534892;57,79113968;52,87995457;48,17796734;43,70389595;39,61608312;35,47524795;31,72456594;28,21353876;24,93748604;21,79454961;19,14934318;16,6062179;14,25279272;12,079522;10,08329776;8,231966241;6,551510585;5,140372911;4,021664737;3,134766796;2,637594184;2,262779927;1,937992664;1,659010076;1,403021403;1,218561119;1,045344098;0,894478198;0,75854117;0,631962918
CH.RSM.CO2-INT (kg/sqm);19,1431417;18,09483008;16,80987974;15,55114029;14,32789189;13,19452582;12,01112411;10,92413128;9,887021983;8,900489884;7,931261107;7,109173578;6,298672767;5,532220906;4,808312954;4,127797181;3,480476592;2,878136796;2,362061284;1,946025757;1,610451539;1,42545756;1,285712083;1,162457384;1,054767723;0,953312056;0,880626717;0,810330704;0,74784625;0,690055111;0,63449514
NO.RSM.CO2-INT (kg/sqm);2,679111111;2,627740173;2,541177029;2,448029547;2,34978721;2,254274712;2,14294627;2,03637383;1,928861404;1,821170008;1,708838081;1,612638215;1,512395454;1,413684679;1,316813679;1,222457919;1,129369545;1,040045367;0,962418229;0,899870453;0,849723133;0,825969807;0,809769774;0,795939662;0,784452684;0,773586404;0,767973154;0,762437572;0,758135195;0,754478308;0,750985057
AT.RWH.CO2-INT (kg/sqm);30,8831098;28,99398889;26,76187818;24,60736327;22,53800411;20,63523424;18,6712116;16,87697598;15,17583325;13,56713698;11,9972958;10,66878423;9,367762669;8,144370545;6,995498022;5,921699063;4,906534487;3,967425163;3,166525256;2,523303967;2,006440865;1,720461825;1,504521634;1,314780516;1,149585125;0,994790783;0,883745993;0,776992435;0,682489502;0,59554056;0,512468429
BE.RWH.CO2-INT (kg/sqm);43,63641033;41,17312157;38,17949363;35,25890379;32,42659095;29,80497199;27,06498761;24,54645858;22,14015254;19,84754167;17,59099549;15,67492755;13,78267774;11,99080114;10,296317;8,70170075;7,183428839;5,769487879;4,557119401;3,578987398;2,789349912;2,353240541;2,023282236;1,731933707;1,477059378;1,236740702;1,064046481;0,896926042;0,748159506;0,610412188;0,477867768
BG.RWH.CO2-INT (kg/sqm);55,25175722;51,54104457;47,25519187;43,15217029;39,24528171;35,67509883;32,04230981;28,74664488;25,65127575;22,75175704;19,95432558;17,59658557;15,31437575;13,1894689;11,21404026;9,386436731;7,677497086;6,113302462;4,790672042;3,735946244;2,894558472;2,425915605;2,072436036;1,764160681;1,497685797;1,250678337;1,073139995;0,904467014;0,756348622;0,621432459;0,494072779
CY.RWH.CO2-INT (kg/sqm);115,0856338;106,9506871;97,54061061;88,50953093;79,92926051;72,10782358;64,24591828;57,15329545;50,54866722;44,41674446;38,56869783;33,65086702;28,95070708;24,62295461;20,64980782;17,02563484;13,69534418;10,70430668;8,216578349;6,261826832;4,728482721;3,857492554;3,200746884;2,638728414;2,162570749;1,736164681;1,427991621;1,147676664;0,910067242;0,703936625;0,521615283
CZ.RWH.CO2-INT (kg/sqm);75,32431149;70,86638182;65,51504059;60,31596073;55,29518215;50,66132092;45,85082607;41,44310895;37,24980172;33,27162762;29,3758467;26,07361543;22,82894843;19,76936201;16,88836715;14,18866623;11,62982573;9,257123749;7,229681474;5,598597103;4,285666121;3,558581698;3,008707742;2,524644204;2,102400369;1,705984603;1,420887945;1,146267166;0,902564989;0,677798174;0,462569897
DK.RWH.CO2-INT (kg/sqm);28,4173395;26,60012796;24,48070782;22,44348427;20,49448515;18,70662;16,87393572;15,20449081;13,62874218;12,14571612;10,70753172;9,492639307;8,311119396;7,206774516;6,176264262;5,219402874;4,321294679;3,496307045;2,796697217;2,237424247;1,790143899;1,541377717;1,353581618;1,189360031;1,047031635;0,914621747;0,819424653;0,728639419;0,648697812;0,575650611;0,506443077
EE.RWH.CO2-INT (kg/sqm);186,6114107;173,2394507;158,0916379;143,7095079;130,1108398;117,7441132;105,2617437;93,98459564;83,44633566;73,62384125;64,20233583;56,28075215;48,65876677;41,59912169;35,07127393;29,06489945;23,4814803;18,40041548;14,12512644;10,7308261;8,035697054;6,534162909;5,404988068;4,42551381;3,583583645;2,808517021;2,254017539;1,731212502;1,275590628;0,863962353;0,478655187
FI.RWH.CO2-INT (kg/sqm);41,94986102;39,04687277;35,72591106;32,55856273;29,55327967;26,81366562;24,04004029;21,52983648;19,17970436;16,98530691;14,87650843;13,10129262;11,39010932;9,802602861;8,332397478;6,977668376;5,716664133;4,567779908;3,599999745;2,830700165;2,219083253;1,876906326;1,618734782;1,394349052;1,201043853;1,022929479;0,894588621;0,773525585;0,667731698;0,572018491;0,482462469
FR.RWH.CO2-INT (kg/sqm);17,56590378;16,44700491;15,13709058;13,87624649;12,67101282;11,56724387;10,44001236;9,415911096;8,452132139;7,547449998;6,672143935;5,9338582;5,216814479;4,54716752;3,92256922;3,342685838;2,798337367;2,298168283;1,873895866;1,534648542;1,263264626;1,112420541;0,998575206;0,899008195;0,812705797;0,73237869;0,674662653;0,619570059;0,571014709;0,526579361;0,484390623
DE.RWH.CO2-INT (kg/sqm);47,1502674;44,35528978;41,00889394;37,76136432;34,6293788;31,73788426;28,74675718;26,00475532;23,39779602;20,92546817;18,50969189;16,45299948;14,43629823;12,53362114;10,74079488;9,059575457;7,463817901;5,98277307;4,716155331;3,696456003;2,87427199;2,420692089;2,077061014;1,774389528;1,510264582;1,262514537;1,083803878;0,911956474;0,759444526;0,618741526;0,483892512
EL.RWH.CO2-INT (kg/sqm);46,15381692;43,23363126;39,81300069;36,52474225;33,37973244;30,49800511;27,53822164;24,84257437;22,29466418;19,89151819;17,55177627;15,57433524;13,64053651;11,82378817;10,11871048;8,525571145;7,019619861;5,626467223;4,438187434;3,483640879;2,71639861;2,291540819;1,970519546;1,688324521;1,442517957;1,212132318;1,046625892;0,887482308;0,74650237;0,616720391;0,492688695
HU.RWH.CO2-INT (kg/sqm);50,89596416;47,69533542;43,86438976;40,13711552;36,55134122;33,25430067;29,88526271;26,82168527;23,93981005;21,23733849;18,62826691;16,40342907;14,25572378;12,2606498;10,41072557;8,704288613;7,114582875;5,665441293;4,444370531;3,473605206;2,701864887;2,269614684;1,943547219;1,660359729;1,416586761;1,192162592;1,030509772;0,878094299;0,744901083;0,624347151;0,511458297
IE.RWH.CO2-INT (kg/sqm);86,07793877;80,3579848;73,6895752;67,27434128;61,14526264;55,53097131;49,81282507;44,62050955;39,74290158;35,17509321;30,77255162;27,06135815;23,47529579;20,14206165;17,04977447;14,19593488;11,53554717;9,108548472;7,06240346;5,43516032;4,141030804;3,41916248;2,875429539;2,403008665;1,996259287;1,621265906;1,352278822;1,098311593;0,876552261;0,675882331;0,487853718
IT.RWH.CO2-INT (kg/sqm);41,30620908;38,61562482;35,48633725;32,4836666;29,6177628;26,99483997;24,31428891;21,87782524;19,58280255;17,42639626;15,33764459;13,57505654;11,86143549;10,25979901;8,764766857;7,375727481;6,070742174;4,870693699;3,852077309;3,037151929;2,384860636;2,022622195;1,749239412;1,509966742;1,302415558;1,109012822;0,970079144;0,837304109;0,720207148;0,612976347;0,511107092
LV.RWH.CO2-INT (kg/sqm);41,28004693;38,61537667;35,62350905;32,73799974;29,92175809;27,33188277;24,66614267;22,23301656;19,9308453;17,75899164;15,64690645;13,86084898;12,11889226;10,48675613;8,960001005;7,538904416;6,20166705;4,970364081;3,924238242;3,086713688;2,415928145;2,043421262;1,762200507;1,515960031;1,302295615;1,103138017;0,960082544;0,823356705;0,7027895;0,592397683;0,487534924
LT.RWH.CO2-INT (kg/sqm);50,99574688;47,77757689;43,94746774;40,23261648;36,66411093;33,38591055;30,03232254;26,98244095;24,11122523;21,41627757;18,81027364;16,61226257;14,47954569;12,48963516;10,63559133;8,916362684;7,304775878;5,826153765;4,573501078;3,573046143;2,773711965;2,329439909;1,994472888;1,701961406;1,448784433;1,213463944;1,044573968;0,883506643;0,741642537;0,611856046;0,488642171
LU.RWH.CO2-INT (kg/sqm);38,88104113;36,39066502;33,47402987;30,66679692;27,97994759;25,51575699;22,98956605;20,68936488;18,51852703;16,47523899;14,49251988;12,81794728;11,187434;9,661641729;8,235842952;6,909809893;5,662829724;4,515154667;3,540368102;2,760113541;2,135271418;1,788407954;1,526611722;1,297383236;1,098468761;0,913003218;0,779803753;0,652426221;0,540044364;0,437073513;0,3391772
MT.RWH.CO2-INT (kg/sqm);58,85465583;54,38210297;49,36798777;44,64123194;40,14212648;36,119936;32,10110913;28,52208327;25,21961526;22,17374604;19,29790061;16,89696521;14,60852572;12,50793104;10,57534215;8,801706452;7,170394672;5,694216996;4,45573057;3,480085714;2,706549422;2,266877272;1,933026181;1,644793602;1,398897987;1,175652417;1,013167028;0,863175885;0,734552403;0,62061118;0,517029509
NL.RWH.CO2-INT (kg/sqm);56,6129312;52,83388221;48,45829795;44,26462688;40,267509;36,612256;32,88926337;29,50993644;26,33419768;23,35792121;20,48499838;18,06313726;15,71788192;13,53356176;11,5022712;9,622427268;7,864081448;6,254171897;4,892570653;3,806580471;2,940097939;2,457736685;2,093984506;1,776708889;1,502422925;1,248079016;1,065372595;0,891702955;0,739163175;0,600157892;0,468845066
PL.RWH.CO2-INT (kg/sqm);142,1905914;132,9661494;122,1727583;111,7751374;101,8140623;92,66673105;83,29577542;74,75936163;66,70814245;59,13905525;51,81214667;45,62546171;39,62288938;34,02453624;28,81305516;23,98668364;19,47022046;15,3342131;11,83618849;9,046740607;6,821894123;5,584026501;4,651131171;3,838041282;3,135800933;2,485336021;2,018968122;1,576313493;1,188280683;0,835371413;0,502567054
PT.RWH.CO2-INT (kg/sqm);27,4309262;25,53544249;23,3882304;21,34642767;19,40848244;17,63808673;15,84056573;14,20877042;12,67712325;11,24432458;9,866666205;8,704983113;7,586608858;6,55061264;5,593287873;4,713595361;3,8976422;3,156916531;2,534532853;2,040519359;1,648235161;1,426560633;1,258463859;1,112302252;0,98621575;0,870249243;0,785538776;0,705813186;0,635915601;0,572622103;0,513515512
RO.RWH.CO2-INT (kg/sqm);61,63247498;57,20879331;52,20010869;47,44285133;42,9451174;38,85439734;34,73219478;31,00944331;27,53439586;24,29967177;21,20357236;18,60097901;16,10374182;13,79659062;11,66938045;9,718314016;7,91132624;6,273008834;4,89849291;3,809623318;2,946891294;2,463918733;2,100222385;1,785213708;1,514689175;1,266294115;1,087513446;0,919369008;0,772740027;0,640359178;0,516762188
SK.RWH.CO2-INT (kg/sqm);38,10702595;35,6762836;32,8202369;30,09001039;27,5007681;25,08975208;22,61450627;20,35716176;18,22476049;16,21670066;14,26900987;12,6226698;11,022056;9,526586751;8,132096531;6,838606568;5,626354303;4,514738279;3,573532395;2,822201444;2,222303065;1,888140037;1,635981617;1,415924665;1,225588243;1,049014146;0,922048547;0,801293291;0,695126656;0,598275098;0,506683456
SI.RWH.CO2-INT (kg/sqm);39,92861017;37,36932416;34,38250435;31,51334434;28,77064164;26,25735356;23,68061697;21,33454441;19,11959842;17,03359793;15,00760592;13,29594924;11,62748245;10,06464077;8,602731655;7,241718546;5,960464039;4,780048088;3,776647913;2,972964984;2,328948544;1,971605741;1,701867186;1,465550225;1,260383089;1,068946602;0,931508022;0,799980672;0,683893478;0,577466638;0,476198107
ES.RWH.CO2-INT (kg/sqm);22,0899808;20,7841193;19,22738306;17,71981188;16,26735562;14,92894225;13,54142991;12,27111669;11,06336399;9,918133456;8,797089673;7,847186993;6,91418397;6,034741544;5,206980148;4,431663083;3,697156126;3,016447366;2,435195582;1,968000086;1,592332658;1,384940993;1,228476974;1,0909525;0,97120918;0,858915572;0,778573478;0,701263455;0,632843906;0,569880031;0,509680956
SE.RWH.CO2-INT (kg/sqm);3,577849314;3,371110858;3,130674346;2,899513624;2,678935755;2,47705932;2,272010064;2,085979721;1,911443685;1,748161383;1,590993954;1,458364015;1,330338085;1,211373943;1,101035915;0,99922315;0,904357564;0,817825745;0,744734626;0,686355423;0,639658569;0,612833969;0,592200137;0,57405646;0,558198345;0,54345611;0,532349196;0,521762048;0,512270387;0,503487365;0,495119335
UK.RWH.CO2-INT (kg/sqm);36,46925608;34,40463122;31,90369788;29,46101379;27,09058706;24,89497436;22,60121587;20,49300804;18,47943685;16,56188776;14,67612709;13,07510913;11,49588657;10,00198735;8,590945377;7,264873338;6,004469535;4,832716768;3,829554404;3,02133505;2,36996112;2,009894151;1,737627329;1,497677106;1,288183933;1,091212374;0,949757219;0,813302495;0,692162963;0,580363602;0,473214115
HR.RWH.CO2-INT (kg/sqm);53,8734369;50,26408847;45,98675178;41,89161343;37,9949756;34,43474494;30,82833512;27,56172443;24,50383819;21,65060009;18,91329799;16,60948776;14,39458385;12,34489694;10,45211334;8,713526228;7,10113165;5,637559321;4,408546199;3,434220977;2,661788047;2,228781634;1,902341735;1,619472234;1,376495756;1,153545548;0,992892116;0,842030868;0,710636055;0,592243361;0,482001578
CH.RWH.CO2-INT (kg/sqm);16,88742465;15,95834695;14,81954556;13,70397387;12,61985651;11,61539836;10,56659557;9,603236204;8,684086675;7,809761744;6,950772072;6,222187951;5,503872685;4,824596288;4,183024897;3,579910302;3,006215305;2,472385031;2,015007428;1,646291363;1,348885018;1,184932068;1,061081102;0,951845268;0,85640412;0,766487919;0,702069737;0,639769122;0,584391587;0,533173554;0,483932918
NO.RWH.CO2-INT (kg/sqm);4,000929146;3,909726267;3,756043888;3,590671817;3,416254445;3,246683573;3,049033408;2,859826949;2,668951658;2,477758627;2,278326895;2,107535684;1,929566804;1,754317777;1,58233505;1,414817826;1,249550692;1,090966432;0,953148851;0,842102851;0,753072357;0,710901204;0,682140008;0,657586319;0,63719258;0,617900816;0,60793517;0,598107415;0,590469066;0,583976707;0,577774862
AT.HOT.CO2-INT (kg/sqm);38,15273755;35,8202896;33,06436115;30,40423819;27,84925481;25,49995484;23,07502768;20,8597321;18,75937586;16,77316085;14,83491918;13,19464084;11,58830371;10,0778136;8,659330874;7,333539511;6,08014248;4,92064887;3,931798796;3,137630369;2,499473077;2,146382269;1,879766588;1,645498215;1,441535806;1,250415299;1,113311214;0,981505401;0,864825112;0,757471538;0,65490456
BE.HOT.CO2-INT (kg/sqm);54,11299076;51,05932824;47,34822073;43,72765627;40,21652608;36,96658654;33,56991306;30,4477709;27,4647481;24,62266965;21,8252995;19,45000961;17,10424635;14,88291262;12,78231329;10,80551709;8,923362592;7,17054393;5,667608409;4,455048566;3,476159518;2,935528285;2,52648923;2,165313514;1,849353731;1,551438137;1,337354478;1,130180465;0,945759214;0,774998145;0,610686946
BG.HOT.CO2-INT (kg/sqm);67,12359794;62,61768325;57,41337656;52,43108153;47,6869506;43,35168106;38,94038895;34,9384663;31,17976263;27,65887994;24,26196169;21,39896033;18,62767521;16,04740292;13,64864189;11,42938473;9,354221016;7,454821034;5,848752226;4,567999734;3,546303397;2,977230828;2,548000938;2,17366248;1,850082293;1,550141379;1,334556746;1,129737313;0,949877295;0,786048732;0,631396
CY.HOT.CO2-INT (kg/sqm);148,7790332;138,2618847;126,096203;114,4205018;103,3276229;93,21579095;83,05164004;73,88204487;65,3433465;57,41577856;49,8552158;43,49726914;37,42073513;31,82566276;26,68903721;22,00357743;17,69805916;13,83113946;10,61491575;8,08774344;6,105381614;4,979334534;4,130270365;3,403672889;2,788079316;2,236806379;1,838389282;1,475988131;1,168798217;0,90230522;0,666593702
CZ.HOT.CO2-INT (kg/sqm);107,298126;100,9438489;93,3161141;85,90541079;78,74885588;72,14380813;65,28698902;59,00428424;53,02719663;47,3567571;41,80375978;37,09680069;32,47189298;28,11079682;24,00426284;20,15614296;16,50880376;13,12678407;10,23689325;7,911966016;6,040530638;5,00415361;4,22037016;3,530392055;2,928530982;2,363484913;1,957111709;1,56567069;1,218300658;0,897920857;0,591137167
DK.HOT.CO2-INT (kg/sqm);34,62558271;32,41333199;29,83317627;27,35308565;24,98039836;22,80387356;20,57278651;18,54042504;16,62212825;14,81671078;13,06588296;11,58688805;10,1485204;8,804104681;7,549574314;6,384703159;5,291357412;4,287027726;3,435331423;2,754479463;2,20996593;1,907121073;1,678500438;1,478579121;1,305310301;1,144116151;1,028224392;0,917703577;0,82038366;0,731456905;0,647204514
EE.HOT.CO2-INT (kg/sqm);189,3429874;175,7843458;160,4250593;145,8421451;132,0536305;119,514256;106,8576242;95,4230396;84,73765841;74,77803537;65,22499939;57,19282506;49,46443163;42,30622915;35,68724823;29,59702071;23,93565328;18,78365337;14,44867841;11,00699135;8,274236485;6,751739912;5,60680103;4,613652651;3,759968573;2,974081497;2,411840829;1,881737082;1,419754419;1,002379536;0,611693222
FI.HOT.CO2-INT (kg/sqm);29,89777417;27,84789818;25,5028802;23,26633264;21,14422361;19,20971043;17,25118099;15,47866038;13,81917058;12,2696491;10,7805713;9,527044953;8,31873364;7,197753776;6,159603275;5,202993598;4,312565497;3,501308275;2,817933372;2,274710803;1,842832094;1,601212009;1,418910325;1,260465688;1,123967828;0,998196607;0,907571768;0,822085989;0,747382156;0,679796556;0,616558705
FR.HOT.CO2-INT (kg/sqm);22,60541446;21,16522889;19,47917864;17,85628892;16,30497791;14,88426674;13,43335585;12,11518858;10,87466489;9,710207406;8,583561203;7,633280089;6,710340536;5,84840751;5,04445866;4,298064411;3,597408762;2,953618408;2,407518104;1,970857458;1,621546891;1,427388615;1,280853111;1,152695888;1,041612151;0,938219481;0,863930547;0,793018366;0,730520569;0,673325814;0,619022772
DE.HOT.CO2-INT (kg/sqm);60,29163274;56,71763779;52,4385331;48,28585065;44,2809168;40,58350369;36,75868842;33,25243464;29,91886255;26,75744644;23,66834398;21,0384094;18,45961233;16,02662028;13,73409672;11,58428712;9,543759345;7,649917076;6,030267108;4,726356754;3,675013267;3,095011386;2,655603313;2,268571103;1,930829141;1,614026099;1,38550513;1,165760346;0,970740203;0,790820403;0,618386215
EL.HOT.CO2-INT (kg/sqm);85,77721508;80,33173498;73,95303928;67,82118742;61,95646156;56,58269749;51,06337649;46,03660927;41,285338;36,80401895;32,44093401;28,75345759;25,14736409;21,75954287;18,57996195;15,60912052;12,80086491;10,20295305;7,987082317;6,207070743;4,776338938;3,984076076;3,385444633;2,859215286;2,400842119;1,971225458;1,662593729;1,365827249;1,102931825;0,860918041;0,629627221
HU.HOT.CO2-INT (kg/sqm);60,95647123;57,12578845;52,54070885;48,07970871;43,78806322;39,84198966;35,80974576;32,14309327;28,69391166;25,4594499;22,33677421;19,6739699;17,10348193;14,71567123;12,50158348;10,45922893;8,556584516;6,822174762;5,360732301;4,198868706;3,275208829;2,757868785;2,367613893;2,028680038;1,736919578;1,46831679;1,274842094;1,092423146;0,933010418;0,788725058;0,65361367
IE.HOT.CO2-INT (kg/sqm);108,6763761;101,4552386;93,03672637;84,93783492;77,2001993;70,11245526;62,89359992;56,33857789;50,18085739;44,41424239;38,85626792;34,17108364;29,64387075;25,43584003;21,53199202;17,92917141;14,57057349;11,50661678;8,923467591;6,86915972;5,235390073;4,324069727;3,637635825;3,041229611;2,527730166;2,054320978;1,714739098;1,394118986;1,114159631;0,860824522;0,623448405
IT.HOT.CO2-INT (kg/sqm);68,71309621;64,22429801;59,00359536;53,99413225;49,21284219;44,83692599;40,36486654;36,30002684;32,4711582;28,87354827;25,38880896;22,44822013;19,58932468;16,91725712;14,42304137;12,10565718;9,928503398;7,926419501;6,227025254;4,867456024;3,779215071;3,174879692;2,718785394;2,31959822;1,973333137;1,650672419;1,418884381;1,197371031;1,002013972;0,823116982;0,653164852
LV.HOT.CO2-INT (kg/sqm);49,30450929;46,12451242;42,55404074;39,11049626;35,74961525;32,65887808;29,47760446;26,57393058;23,82653721;21,23466385;18,71411773;16,58265056;14,50381288;12,55603425;10,73401649;9,038090812;7,442242084;5,972814645;4,724376161;3,724880836;2,924370558;2,479823725;2,144217051;1,850355572;1,59537011;1,357696974;1,186975679;1,02380812;0,87992415;0,74818341;0,623041005
LT.HOT.CO2-INT (kg/sqm);60,9745375;57,12920085;52,55266848;48,11385581;43,84990914;39,93284319;35,92569785;32,28144614;28,85067924;25,63053207;22,51666223;19,89029614;17,34194896;14,96423868;12,7488732;10,69459609;8,768938389;7,002157942;5,505384523;4,309957916;3,354847083;2,82399395;2,423747546;2,074230545;1,771713681;1,490533226;1,288729462;1,096272852;0,926761842;0,771682167;0,624456001
LU.HOT.CO2-INT (kg/sqm);45,3269569;42,42617035;39,02887787;35,75901691;32,62937862;29,75909292;26,8165893;24,13731824;21,6087294;19,22871039;16,91924199;14,96870221;13,06948265;11,29224199;9,631473594;8,086912171;6,634431442;5,297621166;4,16219116;3,253351756;2,525536539;2,121510469;1,816570589;1,549565574;1,317870277;1,101840275;0,946689727;0,798320559;0,667418332;0,547478031;0,433448545
MT.HOT.CO2-INT (kg/sqm);110,1852594;101,7883763;92,37475035;83,50062015;75,05388645;67,50252494;59,95747837;53,23812525;47,03798878;41,31959735;35,92041284;31,41283638;27,11646255;23,17275329;19,54446234;16,2145941;13,15192835;10,38051528;8,055349731;6,223649553;4,771393076;3,945941528;3,319161099;2,778026009;2,3163754;1,897248555;1,592194402;1,31059726;1,069116302;0,855200185;0,660733352
NL.HOT.CO2-INT (kg/sqm);100,7267755;93,98720231;86,18376541;78,7047533;71,57627507;65,05748021;58,4178782;52,39117115;46,72754417;41,41963916;36,29605548;31,97689734;27,79435828;23,89883175;20,2762189;16,92369667;13,78785472;10,9167347;8,488448832;6,551688993;5,006400098;4,146154839;3,497437546;2,931606765;2,442443927;1,98884584;1,663006377;1,35328315;1,081243011;0,833340355;0,599156463
PL.HOT.CO2-INT (kg/sqm);171,6385772;160,5060507;147,4800365;134,9316579;122,9101249;111,8706596;100,561313;90,2591339;80,54251243;71,40775238;62,56526584;55,09885924;47,85464916;41,09827138;34,80879051;28,98407948;23,53338163;18,54183724;14,32024293;10,95379511;8,26873703;6,77481532;5,64894971;4,667671409;3,820171979;3,035157785;2,472321246;1,938103089;1,469805325;1,043896439;0,642251184
PT.HOT.CO2-INT (kg/sqm);36,10643144;33,61008229;30,78220725;28,09315616;25,54088526;23,20927681;20,8419444;18,69287247;16,67569549;14,78870182;12,97432785;11,44439299;9,971495805;8,607090368;7,346295112;6,187741417;5,113132351;4,137597775;3,317919422;2,667304405;2,150666715;1,858721701;1,637338506;1,444843893;1,278788161;1,12606045;1,014496894;0,909498413;0,817443401;0,73408596;0,65624267
RO.HOT.CO2-INT (kg/sqm);73,73201273;68,4429377;62,45441711;56,76650985;51,38889591;46,4979189;41,56930056;37,11827689;32,96341492;29,09589016;25,39410887;22,28237694;19,29661172;16,53811852;13,99476775;11,66201925;9,501535149;7,542717962;5,899309057;4,597426735;3,565920685;2,988465455;2,553620136;2,176987129;1,853540584;1,556552644;1,342797577;1,141759478;0,966445851;0,80816768;0,660391732
SK.HOT.CO2-INT (kg/sqm);45,00078408;42,13348633;38,7645006;35,54393206;32,48966817;29,64563955;26,72584562;24,06308753;21,5477122;19,17900972;16,8815184;14,93949967;13,05141953;11,28736765;9,642430384;8,116632776;6,686662959;5,375403405;4,265159238;3,37889108;2,671252413;2,27707452;1,979629063;1,720050419;1,495530039;1,287243664;1,137475354;0,995032747;0,869798844;0,755552981;0,647511704
SI.HOT.CO2-INT (kg/sqm);47,33794245;44,30659745;40,76886026;37,37048515;34,12189235;31,14502957;28,09301525;25,3142108;22,69071916;20,21995695;17,82027175;15,79290087;13,81668624;11,96557922;10,23402171;8,621970433;7,104389189;5,706246121;4,517769299;3,565847466;2,803042523;2,379788023;2,060296331;1,780390826;1,537380718;1,310633869;1,147844814;0,992057312;0,854557893;0,728500678;0,608553218
ES.HOT.CO2-INT (kg/sqm);29,41887393;27,67810053;25,60289957;23,5932379;21,65704694;19,8728804;18,02326268;16,32987677;14,7198869;13,19324196;11,69883907;10,43257514;9,188839226;8,016502049;6,913058061;5,879524777;4,900393243;3,992977177;3,218141833;2,595348763;2,094566814;1,818104192;1,609530463;1,426204019;1,26658067;1,116888128;1,009788424;0,90673061;0,815524207;0,731590468;0,651342333
SE.HOT.CO2-INT (kg/sqm);8,94755099;8,389930778;7,741419315;7,117926746;6,522978519;5,978472275;5,425408216;4,923642452;4,452879425;4,012470257;3,588554276;3,230821439;2,88550665;2,564633546;2,267027018;1,992415044;1,736541176;1,503145357;1,306002135;1,148540267;1,022588327;0,950236337;0,894582241;0,845644655;0,802871744;0,763108614;0,733150763;0,704594839;0,67899369;0,6553039;0,632733436
UK.HOT.CO2-INT (kg/sqm);56,13094197;52,94612578;49,08827578;45,32027901;41,66374382;38,27687049;34,73860099;31,48655527;28,38049263;25,42255025;22,51364354;20,04397071;17,60791869;15,30348336;13,12686068;11,08130956;9,137055897;7,329552142;5,782109892;4,535379731;3,53059369;2,97516731;2,555178285;2,185039685;1,861883036;1,55804178;1,339838137;1,129347977;0,942482484;0,770024804;0,604739852
HR.HOT.CO2-INT (kg/sqm);63,82209211;59,54925477;54,48563614;49,63770849;45,02477074;40,81008024;36,5407217;32,67362591;29,05362336;25,67588842;22,43540143;19,708093;17,08603411;14,65956325;12,41883848;10,36065538;8,451862174;6,719248483;5,264311875;4,110881202;3,196455695;2,683851825;2,297404071;1,96253605;1,674894392;1,410960335;1,220774767;1,042181431;0,886632951;0,746476705;0,615969713
CH.HOT.CO2-INT (kg/sqm);24,85080362;23,47830615;21,79599045;20,14799125;18,54645855;17,06260391;15,51324032;14,09009964;12,73226876;11,44065586;10,17169726;9,095382703;8,034238007;7,030764211;6,082990843;5,192028499;4,344526807;3,555916024;2,880246383;2,335553662;1,896204562;1,654001993;1,471040829;1,309670146;1,168677921;1,035847526;0,940684559;0,848649807;0,766842305;0,691179505;0,618437852
NO.HOT.CO2-INT (kg/sqm);4,816462222;4,707382973;4,523577828;4,325791733;4,117187398;3,91437951;3,6779886;3,451696418;3,223408303;2,994740169;2,756218494;2,551951071;2,339099109;2,129500109;1,923807626;1,723455914;1,525795324;1,336127496;1,171296755;1,038485001;0,932003939;0,88156696;0,847168378;0,817802004;0,793410957;0,770337879;0,7584189;0,74666484;0,737529323;0,729764419;0,722346972
AT.DWC.CO2-INT (kg/sqm);27,23438962;25,54649223;23,5521393;21,62711689;19,7781797;18,0780872;16,32326639;14,7201474;13,20020531;11,76286258;10,36023619;9,17323371;8,01079309;6,917713045;5,891214996;4,9317939;4,024761626;3,185683426;2,470092989;1,895385713;1,433577327;1,178059921;0,985121035;0,815590575;0,667991304;0,529685194;0,430468564;0,335086076;0,250649314;0,172961914;0,098738378
BE.DWC.CO2-INT (kg/sqm);38,38891946;35,75158762;32,72213909;29,82925554;27,08080338;24,57343197;22,02808434;19,72217373;17,55968056;15,53685804;13,58804092;11,9470151;10,36052505;8,884901942;7,514312808;6,247227743;5,0630702;3,979593028;3,063666688;2,333409472;1,750909147;1,4269309;1,182770664;0,969844636;0,785791576;0,615063537;0,492556048;0,376040434;0,273684155;0,180352411;0,092071796
BG.DWC.CO2-INT (kg/sqm);40,92976144;38,35575911;35,32103001;32,3934847;29,58494773;27,00506956;24,34970562;21,92737662;19,63522777;17,47187214;15,36556751;13,58449914;11,84413308;10,21058179;8,679314403;7,250693583;5,902707133;4,658051217;3,598140652;2,747913293;2,06554198;1,687337095;1,401719441;1,151064509;0,933085215;0,729225146;0,582820618;0,442362638;0,31815061;0,204027619;0,09519405
CY.DWC.CO2-INT (kg/sqm);101,3367459;96,36713972;89,95818095;83,58971347;77,33564718;71,51670292;65,3378745;59,63399015;54,13699922;48,8480582;43,56600088;39,06939739;34,5496;30,20307251;26,02430744;22,02376856;18,14278145;14,46274406;11,26174636;8,648442302;6,513068971;5,346103307;4,461370536;3,670190354;2,969515138;2,296759656;1,813789214;1,33684751;0,905825312;0,49946557;0,100500722
CZ.DWC.CO2-INT (kg/sqm);56,18967255;52,37596361;47,9737243;43,76028111;39,74946996;36,08532917;32,35899694;28,97970903;25,8072433;22,83688809;19,97253794;17,55930338;15,22445457;13,05141925;11,03197636;9,164220685;7,418126358;5,820168377;4,469207887;3,392109784;2,533036136;2,05520988;1,695133706;1,381202839;1,109932963;0,858429714;0,678004044;0,506506086;0,355936325;0,21874639;0,089124323
DK.DWC.CO2-INT (kg/sqm);35,85204612;33,65407735;31,04751333;28,52691865;26,10119141;23,86697334;21,55574391;19,44128873;17,43381442;15,53333863;13,67717845;12,10540157;10,56557446;9,117377894;7,757420961;6,486561132;5,285510395;4,174928941;3,228197734;2,468178872;1,85776168;1,520008718;1,265062272;1,041192557;0,846421551;0,66407333;0,533364591;0,407840932;0,296855693;0,194877205;0,097577461
EE.DWC.CO2-INT (kg/sqm);153,4966068;143,8351699;132,4930818;121,5794248;111,1221392;101,5233466;91,62997626;82,60043428;74,04497473;65,95751159;58,06581748;51,3885905;44,84715799;38,69325193;32,91054622;27,50144486;22,38265344;17,6421639;13,5949542;10,34085612;7,722581811;6,272349423;5,175666102;4,210361121;3,368292861;2,577589712;2,008604453;1,460249348;0,973215943;0,523508835;0,092223509
FI.DWC.CO2-INT (kg/sqm);40,23673135;37,82343006;34,94193583;32,15106667;29,46245052;26,98601577;24,41758081;22,06665558;19,83095071;17,70989269;15,63121607;13,86983095;12,1366365;10,50006888;8,95648388;7,507324134;6,130721926;4,851395458;3,756316494;2,874125877;2,163035054;1,770338004;1,473510843;1,21184448;0,983317641;0,768283268;0,6139452;0,464915471;0,332535767;0,210263849;0,092957066
FR.DWC.CO2-INT (kg/sqm);21,50664713;20,15381551;18,55310614;17,00630479;15,52211847;14,15932613;12,7596267;11,48451003;10,28009489;9,145356156;8,042559971;7,11094777;6,201974381;5,349765572;4,55171217;3,807805898;3,106465377;2,459367063;1,908655901;1,467137636;1,11299424;0,916759764;0,76865507;0,638785425;0,525943409;0,420499037;0,344865243;0,272355336;0,208282284;0,149440629;0,093328568
DE.DWC.CO2-INT (kg/sqm);40,26833932;37,59087421;34,48482304;31,50620763;28,66624719;26,06561361;23,4192595;21,01328908;18,75010257;16,62643942;14,57691753;12,84072042;11,15939207;9,589950885;8,126923243;6,769572577;5,49570874;4,326073671;3,334405453;2,54181244;1,907442782;1,555807668;1,290018023;1,057691443;0,856440378;0,669573314;0,534874038;0,406743242;0,293963319;0,190917754;0,093232596
EL.DWC.CO2-INT (kg/sqm);39,71008929;37,07977288;34,0317134;31,11348844;28,33341017;25,79310183;23,19939443;20,84397269;18,62616611;16,54239183;14,52289703;12,8189904;11,16048288;9,608552833;8,157888145;6,807939975;5,53735594;4,366782174;3,371659844;2,574488656;1,935547965;1,581025511;1,313347269;1,07873376;0,874951165;0,684719175;0,548057981;0,417219671;0,301687014;0,195738342;0,094927375
HU.DWC.CO2-INT (kg/sqm);42,5542058;40,28629374;37,42250656;34,58531242;31,80910309;29,22780824;26,52146227;24,03156904;21,65107557;19,3817659;17,14600642;15,22467262;13,33055823;11,5391168;9,846814094;8,255817592;6,742699353;5,33530493;4,129971529;3,158684247;2,375711746;1,942985711;1,616019934;1,327985578;1,076626771;0,840270898;0,670797071;0,507189517;0,361861681;0,227550153;0,098543754
IE.DWC.CO2-INT (kg/sqm);73,81787367;69,60703686;64,47042256;59,44928079;54,57708159;50,06697438;45,36125622;41,03976148;36,91671188;32,99425658;29,14009164;25,86953952;22,64478166;19,5949624;16,71445716;14,00696198;11,43234204;9,037514894;6,986014515;5,332115566;3,99794832;3,260418557;2,702432581;2,2101287;1,779745632;1,374325366;1,082787874;0,80085685;0,549887822;0,317519811;0,09399581
IT.DWC.CO2-INT (kg/sqm);31,71303932;29,64379757;27,23188315;24,91564482;22,70312362;20,67704275;18,60393546;16,71848522;14,94108826;13,26972161;11,64925431;10,28135222;8,950157133;7,704923573;6,541590528;5,459814814;4,442576197;3,506318738;2,711055334;2,074452016;1,564596365;1,281603912;1,068008063;0,880951389;0,718601801;0,567191137;0,458439237;0,354412127;0,262610474;0,178477403;0,098476087
LV.DWC.CO2-INT (kg/sqm);35,26244431;32,9540523;30,3653779;27,87006136;25,43607763;23,19855587;20,89729741;18,79764916;16,81201115;14,93971917;13,12004943;11,58161046;10,08207976;8,677819104;7,364922429;6,143534531;4,994872734;3,937782279;3,040061274;2,321609215;1,746402211;1,426876623;1,185671395;0,974548439;0,79142152;0,620818024;0,498265514;0,381202435;0,278015718;0,183584196;0,093934387
LT.DWC.CO2-INT (kg/sqm);43,19795927;40,5669821;37,39498233;34,30384501;31,32114345;28,57260113;25,74239799;23,16031324;20,7192098;18,41823688;16,18183379;14,29204266;12,44873735;10,72112661;9,104075969;7,597646216;6,178505876;4,870195196;3,757520925;2,865976798;2,151291654;1,75506945;1,456102144;1,194130583;0,966634327;0,754162528;0,601711345;0,455553182;0,326322565;0,207537032;0,094147723
LU.DWC.CO2-INT (kg/sqm);32,82644395;30,47890486;27,81038949;25,27249442;22,87135808;20,6875645;18,48536174;16,49714811;14,64102254;12,91271267;11,25668788;9,86524076;8,527518268;7,289230555;6,144694642;5,091809478;4,113039934;3,2220944;2,472101645;1,876280679;1,402767606;1,138783721;0,940058297;0,767423627;0,618758117;0,481583002;0,383162241;0,290084028;0,208661025;0,134794647;0,06534999
MT.DWC.CO2-INT (kg/sqm);47,47324006;44,63898103;41,23471012;37,94742713;34,73119091;31,815725;28,78263242;26,03579317;23,43657682;20,97511847;18,57362496;16,55015301;14,54956215;12,65484862;10,85194843;9,137601788;7,499389286;5,95874556;4,625125563;3,547887868;2,670521247;2,187425611;1,820471659;1,495043772;1,210425585;0,940841016;0,747920366;0,561268434;0,396642165;0,244872857;0,099617171
NL.DWC.CO2-INT (kg/sqm);42,95451026;40,28739466;37,12935761;34,07752975;31,14514803;28,44851062;25,66768387;23,12845597;20,72293172;18,4501079;16,23452035;14,3602011;12,52657439;10,80381623;9,18735468;7,677778079;6,25190502;4,933979695;3,810735492;2,909065607;2,184867349;1,783751331;1,480803141;1,214731617;0,983164652;0,766329341;0,610629824;0,461037692;0,32860085;0,206746234;0,090333373
PL.DWC.CO2-INT (kg/sqm);111,1386746;104,4819113;96,50676885;88,75788652;81,27178857;74,35715232;67,18233973;60,60607152;54,35207609;48,42343058;42,62666145;37,71384998;32,89769228;28,365853;24,10868196;20,12962105;16,36903049;12,89194125;9,927763928;7,547806142;5,63601914;4,575758185;3,774377569;3,07048111;2,457831305;1,884445574;1,472210134;1,076486522;0,726260112;0,404225816;0,09683066
PT.DWC.CO2-INT (kg/sqm);20,51395434;19,308174;17,87325971;16,48502265;15,14405666;13,90440039;12,60863881;11,41667825;10,27692663;9,190472281;8,121260209;7,213196576;6,317460463;5,470421084;4,670849311;3,919960869;3,206710328;2,54409812;1,977304643;1,521158618;1,153930156;0,9518923;0,799627192;0,665649071;0,548899877;0,439198228;0,36099542;0,285611594;0,218935631;0,157595447;0,098940122
RO.DWC.CO2-INT (kg/sqm);51,99015366;48,75392206;44,93601859;41,25401516;37,7197549;34,47129457;31,11867693;28,05586466;25,15150815;22,40435259;19,72287274;17,453104;15,22995448;13,13930373;11,17604048;9,341253148;7,606919717;6,002764536;4,634865112;3,536380421;2,653709309;2,165612749;1,797198276;1,473448451;1,191483705;0,927012388;0,737235562;0,554458544;0,392335422;0,242804736;0,099565666
SK.DWC.CO2-INT (kg/sqm);35,39881897;33,25491356;30,68926423;28,22149752;25,8673856;23,66418844;21,37987964;19,28686661;17,29716369;15,41154529;13,56856084;12,00650506;10,47583749;9,036120223;7,68441537;6,421936781;5,22996099;4,129111872;3,191678791;2,439825208;1,836623392;1,50213743;1,24957888;1,028102067;0,835653444;0,655859722;0,526784374;0,403070835;0,29373561;0,193332859;0,097623775
SI.DWC.CO2-INT (kg/sqm);36,06033687;33,71946301;30,9900871;28,36914431;25,86457314;23,57004489;21,21880118;19,07857189;17,05863783;15,15693254;13,310674;11,75109297;10,23148737;8,808578662;7,478036624;6,239765001;5,07450167;4,001339424;3,089375887;2,359106844;1,774063296;1,449376013;1,204298905;0,989641759;0,803324152;0,629537234;0,504764289;0,385403752;0,280083517;0,183559705;0,091750099
ES.DWC.CO2-INT (kg/sqm);14,43328048;13,48651677;12,38701499;11,33250556;10,32603735;9,40461794;8,462578387;7,605860196;6,79849904;6,039623155;5,304480897;4,683858695;4,080650293;3,517057837;2,99127301;2,503131198;2,044990115;1,624151836;1,26725989;0,981942329;0,753740896;0,626810656;0,530982893;0,447175989;0,374530263;0,306929869;0,258310076;0,211920214;0,171041956;0,133656046;0,09820131
SE.DWC.CO2-INT (kg/sqm);13,60374062;12,84333235;11,90624853;10,98820796;10,09622175;9,270680782;8,406891579;7,613763176;6,856289289;6,1347691;5,424064716;4,821800484;4,226157538;3,661658306;3,12733995;2,6240555;2,144302796;1,697244443;1,314520505;1,006955515;0,759962317;0,627335316;0,529004296;0,443104394;0,368981006;0,299518595;0,252038357;0,206313177;0,166497545;0,130170556;0,095395692
UK.DWC.CO2-INT (kg/sqm);29,81574922;27,78625458;25,45286589;23,21900141;21,09230019;19,14885935;17,17287494;15,38102394;13,69899524;12,12430181;10,60627104;9,327335176;8,090568432;6,939991114;5,871241289;4,883332643;3,960498027;3,11656622;2,40347669;1,835152742;1,382086786;1,129658591;0,939308505;0,773405324;0,630081946;0,49732694;0,401920042;0,31134165;0,231841308;0,159464488;0,091175167
HR.DWC.CO2-INT (kg/sqm);48,92199201;46,25317484;42,87544839;39,57455097;36,36977183;33,40185939;30,29736485;27,44360128;24,71658736;22,11808792;19,55947741;17,38788409;15,24191956;13,20865642;11,28443835;9,471874861;7,743802883;6,132137057;4,748681446;3,631594164;2,728945989;2,232312886;1,857149095;1,525613413;1,235359709;0,960981337;0,764508669;0,573710126;0,403570234;0,245556022;0,092868266
CH.DWC.CO2-INT (kg/sqm);17,39799351;16,24584362;14,90227098;13,61033463;12,37672122;11,24770173;10,0977325;9,054242963;8,07418424;7,156279281;6,27074618;5,524748267;4,802516572;4,12989497;3,504274434;2,92502927;2,382782835;1,885802824;1,465068628;1,129187383;0,86090415;0,711696155;0,599151438;0,500856408;0,415760562;0,336681489;0,279864882;0,225719319;0,178058554;0,134510074;0,093240381
NO.DWC.CO2-INT (kg/sqm);7,093688831;6,635096072;6,107437013;5,599566221;5,113477948;4,667673959;4,210677188;3,794572062;3,401884242;3,032285339;2,673662998;2,370781521;2,075887587;1,799948355;1,54210761;1,302322735;1,076848002;0,869343288;0,693107493;0,552048848;0,439092442;0,376385375;0,329057795;0,287620398;0,251665075;0,21814361;0,194069049;0,171048711;0,150739655;0,132132465;0,114443481
AT.DWW.CO2-INT (kg/sqm);10,40202381;9,765270387;9,012907671;8,286699655;7,589194523;6,947840532;6,285840478;5,681069407;5,107676536;4,565443981;4,03630805;3,588515487;3,149988801;2,737628152;2,350385329;1,988447053;1,646272278;1,329732942;1,059778935;0,842972612;0,668757003;0,572363949;0,499578424;0,435623647;0,379942335;0,327766836;0,290337706;0,254354994;0,222501519;0,193194217;0,165193646
BE.DWW.CO2-INT (kg/sqm);14,66243452;13,83436288;12,82800975;11,84620947;10,89408483;10,01278812;9,091701085;8,245059605;7,436143575;6,665447886;5,90687589;5,26276078;4,626652498;4,02428618;3,454659805;2,918605527;2,408215548;1,93289799;1,525342059;1,196528249;0,931079711;0,784474974;0,673554519;0,575613321;0,489933475;0,409146731;0,351092967;0,294912913;0,244902801;0,198596964;0,15404016
BG.DWW.CO2-INT (kg/sqm);15,632895;14,58430794;13,37319567;12,21374849;11,10972531;10,10084969;9,074282584;8,14298127;7,268280288;6,448923452;5,658414813;4,992155827;4,347240444;3,746776323;3,188552313;2,672101276;2,189182723;1,747166758;1,37341291;1,075364551;0,837602049;0,705171196;0,605283618;0,518170016;0,442868547;0,373068255;0,322898807;0,275234566;0,233378716;0,195253603;0,159263829
CY.DWW.CO2-INT (kg/sqm);38,70500711;35,9685865;32,80323971;29,76537928;26,87916137;24,24819867;21,60362329;19,21781794;16,99616345;14,93351688;12,96636012;11,3121079;9,731075465;8,275312874;6,938831982;5,719738355;4,599500403;3,593379897;2,75656174;2,099025489;1,5832416;1,290259293;1,069344214;0,880293322;0,720124152;0,576690348;0,473027577;0,378735671;0,298808986;0,229471092;0,168142125
CZ.DWW.CO2-INT (kg/sqm);21,46133327;20,19221509;18,66875354;17,18863894;15,75928454;14,44008079;13,07059161;11,81576833;10,62198492;9,489447302;8,380366012;7,440261064;6,516543959;5,645517039;4,825332958;4,056761047;3,328290379;2,652811078;2,075623001;1,611273183;1,237497753;1,03050569;0,873963285;0,736156302;0,615948634;0,503093903;0,421930363;0,343749178;0,274370142;0,210381773;0,149108908
DK.DWW.CO2-INT (kg/sqm);13,69348984;12,81256846;11,78514678;10,79757118;9,852763728;8,986068464;8,097646431;7,288357206;6,5244887;5,805568898;5,108386777;4,519448902;3,946688863;3,411340612;2,911784838;2,44793149;2,012559661;1,612634153;1,273487476;1,002371258;0,785545196;0,664951944;0,573914882;0,49430593;0,42531004;0,3611223;0,314974037;0,270964492;0,232211562;0,196800802;0,163251381
EE.DWW.CO2-INT (kg/sqm);58,62717621;54,42642689;49,66780033;45,14971006;40,8777413;36,99278217;33,07149426;29,52882201;26,21826856;23,1325701;20,17284076;17,68430601;15,28988891;13,07212883;11,02143081;9,134551592;7,380542153;5,784345374;4,441279927;3,374973657;2,528309336;2,056608216;1,701882325;1,394184291;1,1296952;0,88621103;0,712017172;0,54778;0,404648158;0,275336734;0,154293984
FI.DWW.CO2-INT (kg/sqm);16,09469254;14,97884663;13,70234077;12,48488056;11,32971474;10,27666634;9,210544746;8,245676681;7,342336717;6,498857791;5,688281256;5,005926688;4,348184833;3,737981678;3,172866522;2,652137951;2,167435189;1,725828937;1,35383517;1,058133048;0,823040733;0,691515321;0,592279763;0,506030741;0,431728402;0,363265089;0,313933638;0,267399625;0,226734743;0,189944656;0,155521257
FR.DWW.CO2-INT (kg/sqm);8,214344391;7,686503997;7,068552083;6,473749049;5,905180225;5,384477364;4,852706049;4,36958641;3,914923813;3,488140132;3,075214611;2,726928412;2,388663131;2,072757265;1,778103099;1,504543189;1,24774687;1,011792169;0,811641713;0,651601832;0,523576505;0,452415828;0,398709305;0,351738581;0,311025436;0,273131134;0,245903601;0,219913677;0,197007697;0,176045328;0,156142796
DE.DWW.CO2-INT (kg/sqm);15,38026849;14,46844409;13,3767268;12,31726331;11,29549454;10,35218278;9,376367216;8,481825452;7,631339534;6,824775343;6,036660352;5,365691715;4,707769662;4,08704648;3,502160675;2,953685123;2,433090372;1,949919127;1,536701878;1,204038488;0,935811851;0,787837421;0,675732337;0,576989777;0,490822514;0,409997346;0,351695362;0,295632424;0,245877423;0,199974934;0,15598223
EL.DWW.CO2-INT (kg/sqm);15,16704799;14,20722022;13,08290259;12,00209399;10,96836939;10,02118238;9,048339312;8,162314445;7,32484887;6,534965444;5,765922124;5,115962485;4,480347512;3,883205509;3,322768227;2,799123651;2,304136677;1,846225178;1,455652771;1,141905496;0,88972275;0,750077414;0,644561818;0,551807913;0,471014431;0,395289611;0,34088976;0,288581294;0,242242987;0,199585307;0,15881767
HU.DWW.CO2-INT (kg/sqm);16,25334249;15,23133716;14,00806286;12,81789228;11,6729046;10,62011364;9,544332891;8,566089945;7,64586705;6,782930241;5,949817349;5,239395638;4,553603427;3,916548517;3,325841946;2,780952859;2,273337676;1,810606585;1,420701684;1,110722795;0,864295363;0,726271853;0,62215397;0,53172826;0,453888156;0,382226393;0,330608397;0,281940013;0,239409564;0,200915015;0,164868031
IE.DWW.CO2-INT (kg/sqm);28,19432675;26,32061981;24,13622368;22,03476125;20,0270358;18,18794117;16,3148264;14,61395998;13,01618351;11,51988925;10,07773207;8,862042395;7,687342395;6,595462293;5,582510094;4,647667075;3,776193817;2,981172681;2,310909227;1,777867042;1,353944145;1,11747901;0,939366356;0,784613665;0,651373234;0,528535235;0,440422119;0,357229114;0,284586572;0,218852364;0,157259121
IT.DWW.CO2-INT (kg/sqm);12,11261919;11,32461439;10,40812438;9,528717301;8,689365806;7,921177354;7,136111035;6,422531807;5,750377101;5,118819668;4,507076578;3,990858655;3,488981936;3,019902697;2,582045196;2,175230327;1,793032791;1,441568628;1,143241381;0,904570133;0,713530338;0,607439765;0,52737279;0,457295813;0,396509266;0,339866445;0,299176248;0,260289763;0,225994994;0,194589776;0,164754821
LV.DWW.CO2-INT (kg/sqm);13,4682947;12,59877741;11,62249128;10,68091128;9,761934226;8,916823522;8,046957126;7,252995768;6,501766718;5,793062028;5,103860586;4,521046317;3,952622707;3,420035016;2,921834544;2,458111857;2,021753547;1,619963038;1,278598286;1,005302902;0,786416673;0,66486273;0,573096663;0,492745126;0,42302359;0,358035822;0,311354921;0,266739464;0,227396784;0,191374469;0,157156358
LT.DWW.CO2-INT (kg/sqm);16,49922055;15,45797315;14,2187312;13,01678125;11,86218185;10,80151145;9,71644918;8,729651927;7,800662487;6,928705048;6,085525585;5,374353291;4,684307105;4,040466293;3,440585509;2,884324534;2,362891362;1,884479267;1,479180178;1,155480339;0,896853652;0,753108253;0,644728788;0,550085924;0,468169846;0,392031279;0,337386481;0,285272722;0,239372215;0,197379453;0,157513278
LU.DWW.CO2-INT (kg/sqm);12,5378779;11,73480957;10,79428605;9,889041305;9,02261651;8,227992189;7,413374699;6,671631832;5,971604588;5,312708163;4,673343324;4,133346085;3,607556599;3,115536359;2,655760891;2,228156743;1,826044678;1,455955402;1,141617252;0,890009583;0,688517561;0,576664953;0,492243864;0,418324853;0,354181163;0,294374331;0,251421674;0,210346408;0,174106777;0,140901901;0,109333405
MT.DWW.CO2-INT (kg/sqm);18,1321403;16,75478664;15,21065511;13,75501789;12,36948718;11,13082574;9,893200152;8,79101433;7,773996413;6,835999874;5,95036334;5,210978642;4,506237838;3,859345146;3,264191002;2,717987596;2,215613826;1,761014678;1,379614198;1,079157602;0,84094174;0,705541653;0,602729896;0,513966675;0,438241416;0,369491395;0,319452894;0,273262082;0,233651589;0,198562599;0,166663906
NL.DWW.CO2-INT (kg/sqm);17,89771261;16,70319323;15,32011506;13,99453781;12,73108906;11,57570035;10,39889983;9,330728577;8,326909497;7,386138444;6,478036432;5,712510495;4,971198871;4,280757239;3,638686723;3,044486966;2,488691538;1,979815322;1,549426864;1,206156291;0,932269878;0,779800338;0,664821933;0,564534302;0,477835267;0,397439716;0,339688054;0,284792828;0,236576538;0,192638366;0,151131702
PL.DWW.CO2-INT (kg/sqm);42,44879934;39,6957642;36,47447614;33,37130571;30,39842236;27,66840094;24,8716388;22,32394571;19,92105898;17,66206455;15,47534835;13,62893194;11,83746395;10,1666352;8,61126843;7,170837626;5,822898983;4,588507397;3,54452179;2,71201094;2,048005404;1,678563755;1,400141101;1,157474386;0,947890721;0,753759438;0,614571917;0,482461623;0,366653213;0,261327425;0,162001949
PT.DWW.CO2-INT (kg/sqm);7,835190894;7,295104954;6,68329328;6,101516215;5,549331585;5,044887349;4,532714221;4,06776182;3,631344933;3,223093247;2,830552856;2,499550958;2,180889179;1,885699624;1,612926166;1,362272702;1,129780686;0,918723467;0,741385792;0,600625024;0,488850294;0,425687897;0,377791571;0,3361453;0,300219089;0,2671764;0,243039589;0,220323134;0,200407002;0,182372593;0,165531172
RO.DWW.CO2-INT (kg/sqm);19,85735036;18,43209152;16,81835152;15,28561847;13,83650085;12,51851838;11,1903926;9,990965329;8,871345413;7,829154893;6,831627635;5,993102294;5,188521485;4,445184172;3,759821768;3,13121083;2,549020363;2,021173528;1,578320467;1,227499335;0,9495371;0,793928952;0,676750214;0,575258078;0,488098216;0,408068214;0,350467159;0,296292975;0,249050821;0,206399249;0,166577735
SK.DWW.CO2-INT (kg/sqm);13,52038224;12,6568913;11,64231628;10,67243732;9,752641239;8,896157827;8,016857581;7,214964055;6,457455064;5,744116819;5,052223922;4,467382118;3,898783999;3,367537174;2,872161891;2,412665691;1,982028172;1,587140424;1,252788756;0,985887793;0,772781365;0,654074111;0,564497973;0,486325482;0,418710839;0,35598509;0,310882142;0,267985341;0,230270967;0,195865657;0,163328866
SI.DWW.CO2-INT (kg/sqm);13,77304533;12,88954278;11,85844937;10,86797383;9,921153178;9,053529775;8,164003029;7,35410484;6,589473442;5,869355895;5,169954144;4,579065497;4,003086625;3,463571068;2,958898891;2,489057477;2,046749885;1,639253222;1,292864967;1,015421993;0,793098201;0,669738296;0,576620645;0,495040611;0,424213948;0,358127303;0,310681517;0,265276373;0,225201394;0,188461309;0,153501947
ES.DWW.CO2-INT (kg/sqm);5,512711296;5,189069324;4,803251085;4,429617811;4,0696441;3,737934542;3,394056398;3,079224639;2,779897744;2,496066215;2,218229078;1,982807193;1,751573683;1,533614519;1,328463874;1,136310921;0,954272259;0,78556683;0,641510608;0,525721858;0,432617231;0,381217717;0,342440003;0,308356226;0,278679293;0,250848681;0,230936865;0,211776512;0,194819554;0,17921472;0,164295108
SE.DWW.CO2-INT (kg/sqm);5,195873154;4,858123464;4,465321087;4,087672615;3,727313406;3,397506826;3,062516792;2,758598054;2,473457627;2,206702483;1,949937238;1,733259019;1,524102392;1,329750055;1,149490247;0,983158205;0,828175804;0,686808322;0,567398981;0,472024574;0,395735681;0,351912194;0,318202596;0,288561176;0,262653691;0,238569225;0,220423802;0,203127524;0,187620948;0,173272079;0,159601185
UK.DWW.CO2-INT (kg/sqm);13,60750108;12,83576493;11,90094102;10,9878901;10,10184826;9,281150159;8,423766142;7,635739107;6,883086304;6,166325603;5,461447098;4,863002573;4,272704951;3,714300338;3,186866941;2,691194455;2,2200681;1,782078617;1,407106543;1,10500222;0,86152515;0,726935712;0,625165093;0,535474096;0,45716764;0,383541638;0,330667114;0,279661701;0,234380953;0,192591469;0,15254006
HR.DWW.CO2-INT (kg/sqm);18,68548306;17,43281727;15,94831848;14,52705372;13,17468084;11,93906193;10,68741601;9,553701284;8,49242677;7,502177743;6,552165635;5,752601855;4,983894034;4,272526668;3,615614399;3,012217788;2,452617745;1,944668171;1,518125063;1,179974313;0,9118926;0,761612755;0,648318041;0,550144935;0,46581716;0,388439732;0,332683114;0,280324987;0,234722909;0,193633366;0,15537269
CH.DWW.CO2-INT (kg/sqm);6,645066965;6,277532299;5,827032857;5,385722873;4,956855934;4,55950145;4,144604632;3,763508456;3,399901286;3,054026318;2,714217839;2,425996606;2,141837639;1,873122092;1,619322301;1,380735669;1,153787161;0,942608774;0,761674366;0,615813654;0,498162417;0,433304125;0,384309812;0,341097113;0,303341465;0,267771436;0,242288191;0,217642636;0,195735788;0,175474401;0,155995255
NO.DWW.CO2-INT (kg/sqm);2,70939504;2,642126994;2,528776261;2,40680362;2,278159482;2,153089954;2,007310123;1,867758073;1,726975152;1,585957877;1,438864025;1,312894416;1,181630811;1,052373274;0,925524845;0,801970015;0,680074772;0,563108583;0,461459168;0,379555532;0,313889762;0,282785798;0,261572548;0,243462609;0,228420902;0,214191973;0,206841662;0,199593055;0,193959276;0,18917074;0,184596477
AT.HEC.CO2-INT (kg/sqm);48,18703194;45,23838282;41,75437538;38,39148397;35,16150857;32,19155536;29,12599528;26,32544861;23,67020669;21,15926056;18,70896169;16,63534403;14,60463437;12,69509322;10,90186657;9,225819084;7,641291529;6,175475408;4,925384534;3,921407563;3,114657754;2,668285136;2,331233203;2,035074298;1,777227782;1,535615825;1,362290697;1,195663573;1,048157931;0,912442997;0,782779212
BE.HEC.CO2-INT (kg/sqm);68,39154827;64,52973786;59,83649046;55,25774823;50,81740189;46,70736999;42,41177119;38,46335808;34,69088209;31,09665119;27,55896058;24,55505325;21,58848672;18,77927985;16,12275958;13,62280678;11,24254249;9,025842595;7,125157099;5,591694837;4,353744047;3,670035445;3,152744724;2,695984314;2,296406176;1,919647599;1,648906973;1,386904621;1,15367652;0,937723751;0,729927803
BG.HEC.CO2-INT (kg/sqm);65,25413819;60,88326393;55,83492819;51,00195051;46,39999924;42,19465597;37,91556849;34,03358183;30,38752498;26,9721617;23,67704771;20,89984934;18,2116185;15,70867592;13,38180477;11,22905785;9,216085947;7,373610209;5,815674629;4,573305767;3,582229253;3,030211557;2,613845512;2,250725825;1,936843204;1,645891397;1,436767748;1,238086669;1,063616983;0,904698296;0,754680443
CY.HEC.CO2-INT (kg/sqm);118,4178437;110,0658207;100,4046417;91,13257292;82,32334297;74,29319551;66,22149983;58,93961447;52,15874557;45,863196;39,85909763;34,81003736;29,98445638;25,54122034;21,46205243;17,74117049;14,32201296;11,25116136;8,697049436;6,690136508;5,115875997;4,221643963;3,547373416;2,970357808;2,481494151;2,043709684;1,727313205;1,439518206;1,195568315;0,983937221;0,79675074
CZ.HEC.CO2-INT (kg/sqm);91,08368145;85,701829;79,24140207;72,96479324;66,90343931;61,30919282;55,50170472;50,18047155;45,11808554;40,31541981;35,61222357;31,62559238;27,70845587;24,01475859;20,53666665;17,2774425;14,18827263;11,32381919;8,876181838;6,907049062;5,322008168;4,444232749;3,780395336;3,196007798;2,686252332;2,207677899;1,863493881;1,531956907;1,237746531;0,966395945;0,706560793
DK.HEC.CO2-INT (kg/sqm);39,92313094;37,37419727;34,40136707;31,54383091;28,81004379;26,3022732;23,7316365;21,38996948;19,17972667;17,0995423;15,08225561;13,37817213;11,72089898;10,17187633;8,726418699;7,38426554;6,124523256;4,967344408;3,986028252;3,201557279;2,574174108;2,225239224;1,961824763;1,731477376;1,531838735;1,34611241;1,212583059;1,085242055;0,973110998;0,87065046;0,773575679
EE.HEC.CO2-INT (kg/sqm);253,6875731;235,5149337;214,9288911;195,3834198;176,9026817;160,0961655;143,1324893;127,8067223;113,4851122;100,1362353;87,33230678;76,56678826;66,20842709;56,61429252;47,7428763;39,58014794;31,99222049;25,08699805;19,27683367;14,66394252;11,00123279;8,960631526;7,426070615;6,094954428;4,950762162;3,897438176;3,143867339;2,433369598;1,814174507;1,254767198;0,731130562
FI.HEC.CO2-INT (kg/sqm);66,02189057;61,45151881;56,22310303;51,23653123;46,50510982;42,19194918;37,82524228;33,87325777;30,17328501;26,71849593;23,39847112;20,6036282;17,90959601;15,41027667;13,09563239;10,96279027;8,977505564;7,168739027;5,645096928;4,433936301;3,471026218;2,932313821;2,525856809;2,172591101;1,868257585;1,587840019;1,385784281;1,195186513;1,028628005;0,877940197;0,736946063
FR.HEC.CO2-INT (kg/sqm);41,39258474;38,7296911;35,61219529;32,61148289;29,74311904;27,11623344;24,43350876;21,99622615;19,70250603;17,5494318;15,46627038;13,70920686;12,0026977;10,40898921;8,92249308;7,542415027;6,246907344;5,056543218;4,046807351;3,239424692;2,593551752;2,234554378;1,963611196;1,726649334;1,521256235;1,330083869;1,192724121;1,061607965;0,94604995;0,840297224;0,739891257
DE.HEC.CO2-INT (kg/sqm);61,1533483;57,53497453;53,20273557;48,99848867;44,94382497;41,20050054;37,32819199;33,77840055;30,40343501;27,20276314;24,07530284;21,41271199;18,80189361;16,33869075;14,01770059;11,84119649;9,775331191;7,857972807;6,218211411;4,898110213;3,833712041;3,246508192;2,801643925;2,409805881;2,067870127;1,747133297;1,515774749;1,293301362;1,095859626;0,913705736;0,739130408
EL.HEC.CO2-INT (kg/sqm);49,70121093;46,57077733;42,90386771;39,37886077;36,00741609;32,91820976;29,74532737;26,85559851;24,12424351;21,54807548;19,03987649;16,92006338;14,84703473;12,89948388;11,07164377;9,363801361;7,749424383;6,255967343;4,982133617;3,958861482;3,136379196;2,680932433;2,336798225;2,034285682;1,770781503;1,523808526;1,346385944;1,175784318;1,024654086;0,885528046;0,752566298
HU.HEC.CO2-INT (kg/sqm);70,69205676;66,25103711;60,93542371;55,76365918;50,78823232;46,21343684;41,53874163;37,28788695;33,28915246;29,53934881;25,91914193;22,83207704;19,85203712;17,08378015;14,51692516;12,14916535;9,943375485;7,932624852;6,238332979;4,891351417;3,820526211;3,220759162;2,768325549;2,375389876;2,037143664;1,725744801;1,501444075;1,289960592;1,105148876;0,937874748;0,781236267
IE.HEC.CO2-INT (kg/sqm);119,7471732;111,7943137;102,5227489;93,60319215;85,08149752;77,27554836;69,32520232;62,10595619;55,32427037;48,973321;42,85215383;37,69221717;32,70625922;28,07182637;23,77239922;19,80450275;16,1055762;12,73114703;9,886245863;7,623773811;5,824453359;4,820788405;4,064797766;3,407957372;2,842424737;2,321044727;1,947052823;1,593944093;1,285616298;1,006610599;0,745181025
IT.HEC.CO2-INT (kg/sqm);81,36563661;76,05076907;69,8693054;63,93795549;58,2767691;53,09555713;47,80050877;42,98762044;38,45412869;34,19445397;30,06842134;26,5866787;23,2016634;20,03785775;17,08463381;14,34078358;11,76297023;9,392444705;7,380312526;5,770543044;4,482034128;3,766483475;3,22645457;2,753805354;2,343817433;1,961777765;1,687333991;1,425055746;1,193747311;0,981928075;0,780699814
LV.HEC.CO2-INT (kg/sqm);58,97137306;55,16785884;50,89730753;46,77857064;42,75870545;39,06195252;35,2569112;31,78389996;28,4978119;25,3977374;22,38297562;19,83358139;17,34713596;15,01744696;12,83817738;10,80972336;8,90096886;7,143423683;5,650197834;4,454726631;3,497256435;2,965545157;2,56413446;2,212654141;1,907672448;1,623397591;1,419202147;1,224041537;1,051945542;0,894373758;0,744694077
LT.HEC.CO2-INT (kg/sqm);72,05689138;67,51318745;62,10549237;56,86052882;51,8221894;47,19372912;42,45882977;38,15273063;34,09888816;30,29391692;26,61452448;23,51117333;20,50001042;17,69047448;15,07276743;12,64540467;10,37002042;8,282367771;6,513759226;5,101226315;3,972653908;3,345390371;2,872453585;2,459459375;2,10200119;1,769754404;1,531300236;1,303890795;1,103594199;0,920349872;0,746385361
LU.HEC.CO2-INT (kg/sqm);59,44241039;55,63502477;51,17595744;46,88414852;42,77638685;39,00903467;35,14689392;31,63025526;28,31139238;25,1875327;22,1562732;19,59612029;17,10332701;14,77063536;12,59081772;10,56352586;8,657093196;6,902482116;5,412189809;4,219305735;3,264022351;2,73372375;2,333479301;1,983025713;1,678917387;1,395370318;1,1917297;0,996989885;0,825176052;0,667750136;0,518082377
MT.HEC.CO2-INT (kg/sqm);70,90257871;65,52725973;59,50106631;53,82023456;48,41300344;43,57895061;38,74894033;34,44750304;30,47844564;26,81778044;23,36145762;20,47590344;17,72555199;15,20096105;12,87828716;10,74665051;8,786065255;7,01192728;5,52345754;4,350882843;3,421211482;2,892793343;2,491555805;2,145144682;1,849616064;1,581309308;1,386026922;1,205760694;1,051175099;0,914235315;0,789746117
NL.HEC.CO2-INT (kg/sqm);68,54847438;63,98269176;58,6961854;53,62946345;48,80021372;44,38399931;39,88594304;35,8030978;31,96622433;28,3703378;24,89932137;21,97327003;19,13977248;16,50071407;14,04654341;11,775348;9,650944534;7,705879239;6,06081581;4,748740972;3,701871538;3,119090887;2,679611701;2,296284705;1,964897076;1,657603098;1,436860313;1,227035612;1,042739648;0,874795833;0,716145913
PL.HEC.CO2-INT (kg/sqm);181,2801169;169,5280529;155,7771265;142,5304167;129,8398721;118,1860482;106,2473238;95,37181707;85,11445481;75,47133521;66,13675446;58,25483403;50,6074756;43,47509788;36,83560042;30,68673773;24,93270248;19,6633731;15,20684237;11,65304799;8,818563441;7,241503327;6,052982043;5,017094514;4,122430798;3,293729692;2,699570673;2,135622682;1,641263626;1,191652437;0,767655177
PT.HEC.CO2-INT (kg/sqm);36,87994249;34,33814699;31,45879013;28,72078453;26,12204921;23,74799354;21,33756355;19,1493675;17,09546756;15,17412093;13,32671606;11,76892854;10,26921708;8,879972472;7,59622428;6,416578971;5,322406512;4,329112208;3,494511508;2,832051963;2,306008819;2,00874891;1,783335406;1,587336404;1,418257607;1,262749468;1,149154884;1,042244893;0,948514008;0,863639034;0,784378597
RO.HEC.CO2-INT (kg/sqm);86,61072251;80,39879321;73,36537693;66,68502591;60,36910917;54,62473928;48,83616028;43,60850815;38,72869295;34,18635044;29,83867083;26,18399423;22,67726341;19,43745974;16,45033721;13,7105635;11,17311141;8,872513711;6,942357708;5,413318908;4,201832475;3,52362106;3,012902577;2,570553471;2,190670968;1,841863648;1,590811932;1,35469608;1,148793186;0,962898148;0,789337793
SK.HEC.CO2-INT (kg/sqm);60,650651;56,77981259;52,23169777;47,88394546;43,76070363;39,92127843;35,97957043;32,38485959;28,98911477;25,79137761;22,68977519;20,06805908;17,51915981;15,13769811;12,91704057;10,85722101;8,926768512;7,156574309;5,657749929;4,461292103;3,505983246;2,973844952;2,57229499;2,221865048;1,918763596;1,637577973;1,435391462;1,243094617;1,074029439;0,919798064;0,773942849
SI.HEC.CO2-INT (kg/sqm);61,30095127;57,37153119;52,78569371;48,38050612;44,16947578;40,31067899;36,35446603;32,75240491;29,35167002;26,14891261;23,03828971;20,41028405;17,84859033;15,44906896;13,2045152;11,11487292;9,147688653;7,335327659;5,794749241;4,560808281;3,57201253;3,023363423;2,609218194;2,246387072;1,931382083;1,637458553;1,42644114;1,22449958;1,046264185;0,882860892;0,72737745
ES.HEC.CO2-INT (kg/sqm);34,29851735;32,27016406;29,852135;27,51047246;25,25441816;23,17550309;21,02032414;19,04718688;17,17122287;15,39237257;13,65109079;12,17563706;10,72643303;9,360422971;8,074687424;6,870411995;5,729525614;4,672202266;3,769362289;3,04368233;2,460170017;2,138035116;1,895004513;1,681392107;1,495398602;1,320976498;1,196183669;1,076100461;0,969826544;0,872026752;0,778521436
SE.HEC.CO2-INT (kg/sqm);17,55388918;16,42690084;15,11621512;13,85609428;12,65366349;11,55317938;10,43539934;9,421296646;8,469852587;7,579755738;6,722992741;5,999990374;5,302085726;4,653579384;4,052096371;3,497086915;2,979948445;2,508239639;2,109799793;1,791558661;1,537001232;1,390772945;1,278292237;1,17938605;1,092939092;1,012575104;0,952028253;0,89431479;0,842573128;0,794694453;0,749078013
UK.HEC.CO2-INT (kg/sqm);74,13749566;69,92665032;64,82594475;59,84403977;55,00950515;50,53150738;45,85333925;41,55360553;37,44688521;33,53600397;29,68995588;26,42464645;23,2037892;20,15695066;17,27910122;14,57454972;12,00392995;9,614115816;7,568145314;5,919765134;4,591274458;3,856910387;3,301616542;2,812233072;2,384967388;1,983239798;1,694739068;1,416436819;1,169370225;0,941353104;0,722819497
HR.HEC.CO2-INT (kg/sqm);83,29430943;77,71324894;71,09929207;64,7670647;58,74177456;53,23666385;47,66014726;42,60905501;37,88070903;33,46880623;29,23617285;25,67383894;22,24897904;19,07959074;16,15281879;13,46447764;10,9712654;8,708173911;6,807776451;5,301197599;4,106800605;3,437251782;2,932484547;2,495089314;2,119379834;1,774636559;1,526221494;1,292947879;1,089774809;0,906706646;0,736242067
CH.HEC.CO2-INT (kg/sqm);38,90283433;36,74128302;34,09179781;31,4963578;28,97409805;26,6371699;24,19707146;21,95576195;19,8173091;17,78314318;15,7846556;14,08956383;12,41836314;10,83798856;9,345336784;7,942156903;6,607423363;5,365437332;4,301322723;3,443484149;2,751551631;2,370105911;2,0819597;1,827816415;1,60576724;1,396572161;1,246699653;1,101753783;0,972914847;0,853753224;0,739192127
NO.HEC.CO2-INT (kg/sqm);8,544252417;8,338431474;7,991610711;7,618409381;7,224795184;6,842118266;6,396073757;5,969084475;5,538329078;5,106856625;4,656791589;4,271360685;3,869731666;3,474240643;3,0861208;2,708078426;2,335113912;1,97723089;1,666212809;1,415611153;1,214692713;1,119523496;1,054617031;0,999205805;0,953182493;0,909646048;0,887156203;0,864977541;0,847739793;0,833088244;0,81909231
AT.LEI.CO2-INT (kg/sqm);49,5567293;46,51743474;42,92632424;39,46005302;36,13078384;33,06953028;29,90973077;27,02309152;24,2862239;21,69808792;19,17246357;17,03510011;14,94196371;12,9737207;11,12536786;9,397796419;7,764558358;6,25368108;4,965160733;3,930320161;3,09876978;2,638675068;2,291261705;1,985998478;1,720225413;1,47118598;1,292532605;1,120783139;0,968742976;0,828855982;0,695206158
BE.LEI.CO2-INT (kg/sqm);68,30509895;64,44356187;59,75064665;55,1722285;50,73219644;46,62245544;42,32716068;38,37902703;34,60681805;31,01284155;27,47540133;24,47170662;21,50535005;18,69634201;16,04000977;13,54023391;11,16013809;8,943595094;7,043044126;5,5096904;4,271827231;3,588167021;3,070912914;2,614184832;2,214634976;1,837903065;1,567181602;1,305197794;1,071986201;0,856048716;0,648267476
BG.LEI.CO2-INT (kg/sqm);55,85942501;52,11947201;47,79984686;43,66449354;39,72681874;36,12850288;32,46708754;29,14545283;26,02569224;23,10332537;20,2838502;17,90753124;15,60733764;13,46568656;11,47469157;9,632686558;7,910280497;6,333760045;5,000707319;3,937670299;3,089652405;2,617316641;2,261051659;1,950347099;1,681772398;1,432818523;1,253881181;1,08387906;0,934593497;0,798614197;0,670250926
CY.LEI.CO2-INT (kg/sqm);92,82493033;86,28387616;78,71753029;71,45592381;64,55679886;58,26782799;51,94631778;46,24336336;40,93279001;36,00230422;31,30007428;27,34580156;23,56655113;20,0867418;16,89205971;13,97797647;11,30019474;8,895195776;6,894891849;5,323137777;4,090224115;3,38988838;2,86181989;2,409918556;2,027055188;1,684195511;1,436403268;1,211010848;1,019956603;0,854213471;0,707614628
CZ.LEI.CO2-INT (kg/sqm);81,28286011;76,47992807;70,7144427;65,11300232;59,70366209;54,71118302;49,52840052;44,779567;40,26173672;35,97568887;31,77841068;28,22061736;24,72484325;21,42847324;18,32451613;15,41588341;12,65901241;10,10268532;7,918337835;6,161022674;4,746483021;3,963129014;3,370699918;2,849174355;2,394252767;1,9671581;1,659997608;1,36412373;1,101561266;0,859399587;0,627514639
DK.LEI.CO2-INT (kg/sqm);43,30985742;40,53478748;37,29821376;34,18716273;31,21083951;28,48058455;25,68188613;23,13247111;20,72613999;18,46140585;16,26514954;14,40988319;12,6055801;10,91913127;9,345435543;7,884209252;6,512705164;5,252863733;4,184487178;3,330419516;2,647376171;2,267484485;1,980700422;1,729917077;1,512566897;1,310363306;1,164987499;1,026349057;0,904269958;0,792719326;0,687032266
EE.LEI.CO2-INT (kg/sqm);233,417045;216,694784;197,7517362;179,7662106;162,7604406;147,2952711;131,6854846;117,582884;104,4042974;92,12080913;80,33877631;70,43246572;60,9008168;52,07240072;43,90902203;36,39777004;29,41544347;23,06133446;17,71488572;13,47015451;10,09976969;8,222031073;6,809945165;5,585066832;4,532193815;3,56293678;2,869509265;2,215717134;1,645940688;1,131180294;0,649335676
FI.LEI.CO2-INT (kg/sqm);80,95114891;75,32986001;68,89921561;62,7660251;56,94665457;51,64172024;46,27092717;41,41021827;36,85946904;32,61028133;28,52684575;25,08935306;21,77585166;18,70183562;15,85495907;13,2316885;10,78990489;8,565228255;6,691237938;5,201581484;4,017258623;3,354674006;2,854755748;2,42025967;2,045947315;1,701050174;1,45253348;1,218109418;1,013252232;0,827915077;0,654500571
FR.LEI.CO2-INT (kg/sqm);56,16491937;52,52896409;48,27228811;44,17506998;40,25856256;36,67177318;33,0087403;29,68083773;26,54895754;23,6091174;20,76473727;18,36561613;16,03552269;13,85944899;11,82976467;9,945385208;8,176479406;6,551138207;5,172429569;4,070017064;3,188132374;2,697951925;2,328002003;2,004450689;1,724003843;1,4629742;1,27542112;1,096393136;0,938608473;0,7942121;0,657116273
DE.LEI.CO2-INT (kg/sqm);60,57864676;56,98974093;52,6927836;48,52277597;44,50113334;40,78829443;36,94752185;33,42663981;30,07915989;26,9045542;23,80256385;21,16165706;18,57210112;16,12895851;13,82687043;11,66809172;9,619050765;7,717307293;6,090900067;4,781549736;3,725819992;3,143398315;2,70215701;2,313510083;1,974359045;1,656234286;1,426759916;1,206098345;1,010264569;0,829594135;0,656440543
EL.LEI.CO2-INT (kg/sqm);40,1985195;37,67043115;34,70909332;31,86235383;29,13962878;26,64483492;24,08246561;21,74876658;19,54296777;17,46249548;15,4369139;13,72498657;12,05084164;10,47803058;9,001896;7,622669656;6,318924507;5,112832376;4,084104537;3,25772625;2,593502649;2,225691093;1,947773785;1,703469471;1,49066769;1,291216246;1,147932593;1,010157436;0,888107066;0,775751091;0,6683733
HU.LEI.CO2-INT (kg/sqm);65,68048569;61,55226938;56,61106136;51,80357021;47,17858769;42,92601806;38,58058513;34,62913952;30,91205602;27,42636989;24,06115239;21,191525;18,42138428;15,84810957;13,46205108;11,2610645;9,21063951;7,341516156;5,766561779;4,514454901;3,519053299;2,961530859;2,540964421;2,175705183;1,861283353;1,571817878;1,36331578;1,166728142;0,994933644;0,839441474;0,69383583
IE.LEI.CO2-INT (kg/sqm);118,5582912;110,6793129;101,4938798;92,65718479;84,21465576;76,48122299;68,60473478;61,45255464;54,73386993;48,44192018;42,37761796;37,26561655;32,32597759;27,7345981;23,47511216;19,544077;15,87951307;12,53643196;9,717959614;7,476505675;5,69390071;4,699559692;3,950592122;3,299853702;2,739574802;2,223038355;1,852520793;1,502692404;1,19722894;0,920815173;0,661814251
IT.LEI.CO2-INT (kg/sqm);46,91569798;43,86716786;40,3215709;36,91943553;33,672262;30,70039475;27,66323262;24,90263042;22,302286;19,85899902;17,49236718;15,49529064;13,55369548;11,73898293;10,04505696;8,471224683;6,99262873;5,632930036;4,478800511;3,555460331;2,816390502;2,405961136;2,096208472;1,825103809;1,589940747;1,370808393;1,213391467;1,06295251;0,930277382;0,808780973;0,693359392
LV.LEI.CO2-INT (kg/sqm);55,46955939;51,88935034;47,86952405;43,99259913;40,20874112;36,72902539;33,1473789;29,87826892;26,78510783;23,86703941;21,02927496;18,62955624;16,28909057;14,09617814;12,04485396;10,13549094;8,338799841;6,684440536;5,278882311;4,153597491;3,252340585;2,751846195;2,37400241;2,04315758;1,75608143;1,488496414;1,29628933;1,112586643;0,950594442;0,802273733;0,66138178
LT.LEI.CO2-INT (kg/sqm);67,45757821;63,20160904;58,13636185;53,22354105;48,5042597;44,16890146;39,73384451;35,70043356;31,90330487;28,33928737;24,89289627;21,98606804;19,16559015;16,53397097;14,08203294;11,80838544;9,677092256;7,72164237;6,065032793;4,741949992;3,684845601;3,097304178;2,654316603;2,26747568;1,932653904;1,62144699;1,39809318;1,185084677;0,99747207;0,82583188;0,662883852
LU.LEI.CO2-INT (kg/sqm);61,70753089;57,75003979;53,11517456;48,65416187;44,38445245;40,46857311;36,45416818;32,79888669;29,34917826;26,10216099;22,95139465;20,29030818;17,69923699;15,2745794;13,00882286;10,90160539;8,92001197;7,096225672;5,547178867;4,307265559;3,314320305;2,76311478;2,347090768;1,982820612;1,666722871;1,371997012;1,160327901;0,957910504;0,779322942;0,615690539;0,460122156
MT.LEI.CO2-INT (kg/sqm);61,37483395;56,72320196;51,50832369;46,59231056;41,9130628;37,72982551;33,55008651;29,82775797;26,39306052;23,22523598;20,23424291;17,73717507;15,35710742;13,17240582;11,16243688;9,317785562;7,621156745;6,085873537;4,797798636;3,783089371;2,978581012;2,521304574;2,174086226;1,874312936;1,618571764;1,386387535;1,2173963;1,061399575;0,927626063;0,809122681;0,701393644
NL.LEI.CO2-INT (kg/sqm);63,51127652;59,27915408;54,37897726;49,68252333;45,20618754;41,1127031;36,94335768;33,15888032;29,60239949;26,26929468;23,05193464;20,33971451;17,71328448;15,26708429;12,99226054;10,8870405;8,917885085;7,114962088;5,590117295;4,373926813;3,403560942;2,863368981;2,456006239;2,100692174;1,793521829;1,508684409;1,304073158;1,109582115;0,938754209;0,783083462;0,636027428
PL.LEI.CO2-INT (kg/sqm);161,6974157;151,2146706;138,9489566;127,1329996;115,8131374;105,4180217;94,7687771;85,06791388;75,91843052;67,31684659;58,9904768;51,95986815;45,13848689;38,77646421;32,8540867;27,3693514;22,23679896;17,53660018;13,56141117;10,39145561;7,863118536;6,456393794;5,396242516;4,4722393;3,674206573;2,935011954;2,405026962;1,901989959;1,461025719;1,05997621;0,681774118
PT.LEI.CO2-INT (kg/sqm);33,75886416;31,43067095;28,79328369;26,2853691;23,90502107;21,73047151;19,52260437;17,51829554;15,63699711;13,87711275;12,18495636;10,75807906;9,38439733;8,111899264;6,936032119;5,855519468;4,853296872;3,943475035;3,179010829;2,572221726;2,090385137;1,818105757;1,6116351;1,432107068;1,277236975;1,134797116;1,030748564;0,93282286;0,846968742;0,769226321;0,696626613
RO.LEI.CO2-INT (kg/sqm);80,8882913;75,08417157;68,51249501;62,27070519;56,36942474;51,00216942;45,59360729;40,70914751;36,14968937;31,90554902;27,84329207;24,42854288;21,15202693;18,12491449;15,33389483;12,77398569;10,40311587;8,253551081;6,450108707;5,021450422;3,889497375;3,255810149;2,778620039;2,365310897;2,010367461;1,68445914;1,449888825;1,229273843;1,036888355;0,863197219;0,701031001
SK.LEI.CO2-INT (kg/sqm);59,55628644;55,75059779;51,27903193;47,00445629;42,95061242;39,17580827;35,30044284;31,76623429;28,42764298;25,28372668;22,23432708;19,65673687;17,15073792;14,8093584;12,62607658;10,60092567;8,702964466;6,962564261;5,488966474;4,312646133;3,373416003;2,850234086;2,45544258;2,110910695;1,81291072;1,53645771;1,337674184;1,148613871;0,982394215;0,830758697;0,68735836
SI.LEI.CO2-INT (kg/sqm);59,38017925;55,57008123;51,12349879;46,85208057;42,76892376;39,02730446;35,19122716;31,69854741;28,40108035;25,29557893;22,27941422;19,73121144;17,24730696;14,92065024;12,74425533;10,71806782;8,810619713;7,053293467;5,559496759;4,363026055;3,404256401;2,872267752;2,470698593;2,118885319;1,813445876;1,528447724;1,323838135;1,128028799;0,955205758;0,796764423;0,646002442
ES.LEI.CO2-INT (kg/sqm);33,36824736;31,39091595;29,0337108;26,75095123;24,55164649;22,52502514;20,4240583;18,50055399;16,67177861;14,93767412;13,24019312;11,80185345;10,38910319;9,05745421;7,804060489;6,630077809;5,517889669;4,487162589;3,607032953;2,899606992;2,330772545;2,016740734;1,779823404;1,571584276;1,390269315;1,220234684;1,098580936;0,981518341;0,877917673;0,782577971;0,691424719
SE.LEI.CO2-INT (kg/sqm);22,804325;21,30737274;19,56641954;17,89263048;16,29546978;14,83372246;13,34900137;12,00199247;10,73821157;9,55591673;8,417898471;7,457551329;6,530540901;5,669145088;4,870209264;4,133003178;3,446100239;2,819540459;2,290302127;1,867589871;1,52946719;1,335235574;1,185830079;1,054455304;0,939629831;0,832884223;0,752461257;0,675801814;0,607074574;0,543478448;0,482887198
UK.LEI.CO2-INT (kg/sqm);47,1541959;44,48639342;41,25481546;38,09850422;35,03556023;32,19850196;29,23462475;26,51050658;23,90867303;21,43091433;18,994231;16,9254776;14,88488711;12,95454705;11,1312709;9,417788546;7,789159317;6,275080415;4,978845397;3,93450575;3,092833725;2,627573632;2,275764392;1,965713006;1,695016658;1,4405001;1,257718996;1,081399191;0,924868893;0,780407486;0,641954408
HR.LEI.CO2-INT (kg/sqm);80,90386472;75,47883408;69,04978377;62,89458664;57,03774569;51,6865415;46,26592772;41,35604898;36,7598935;32,47133437;28,35703283;24,89429119;21,56518018;18,48439855;15,63945043;13,02626731;10,60275786;8,402935678;6,555667678;5,091208289;3,930203082;3,279372853;2,788717408;2,363550445;1,998344684;1,663239405;1,421769287;1,195017308;0,997524353;0,81957423;0,653875334
CH.LEI.CO2-INT (kg/sqm);28,92076662;27,31990598;25,35767794;23,43547618;21,56747224;19,83672624;18,02957157;16,36964143;14,78588768;13,27936959;11,79927514;10,54387784;9,306174437;8,135737516;7,030268746;5,991063511;5,002550133;4,082726237;3,294635211;2,659313717;2,146863457;1,86436198;1,650958798;1,462738431;1,298287195;1,143355797;1,032359127;0,92501116;0,829592106;0,74134014;0,656495358
NO.LEI.CO2-INT (kg/sqm);10,57572267;10,31278807;9,86972733;9,392965631;8,89012666;8,401259973;7,831441699;7,285966323;6,735679766;6,184477177;5,609522711;5,117137829;4,604059986;4,098823384;3,603003405;3,12005731;2,643598143;2,186405459;1,789082361;1,46894076;1,212269068;1,090691159;1,007773671;0,936986276;0,878191864;0,822574406;0,793843809;0,765510747;0,743489663;0,724772426;0,706892734
AUS.Resi.CO2-INT (kg/sqm);61,33809282;57,46885181;52,97916629;48,61952719;44,42783276;40,57548018;36,60846523;32,98845797;29,56212492;26,32771524;23,17821875;20,5147652;17,91209201;15,46912096;13,1791222;11,04265157;9,026788766;7,165436151;5,5802838;4,308597905;3,287829677;2,721855129;2,294311445;1,919017577;1,592549308;1,287134524;1,0676415;0,856978023;0,670560191;0,49916479;0,335592127
BRA.Resi.CO2-INT (kg/sqm);6,271271449;5,891706223;5,451604578;5,031878938;4,632396307;4,267816474;3,892060149;3,549732743;3,224979783;2,917126623;2,610753413;2,349132476;2,092039867;1,849609667;1,621286749;1,40725853;1,204264041;1,015913319;0,854979566;0,725617062;0,621606317;0,564588574;0,521753188;0,484144643;0,451453652;0,420777015;0,399060044;0,378138974;0,359679307;0,342711845;0,326472433
CAN.Resi.CO2-INT (kg/sqm);18,39021053;17,21827154;15,86913586;14,58661249;13,36492558;12,22082309;11,04307159;9,968555582;8,95177863;7,992196597;7,058075053;6,268247608;5,496673395;4,772643688;4,094144185;3,461318874;2,864401364;2,313410092;1,844336649;1,468168652;1,166356706;0,999169942;0,872979617;0,762282321;0,666058209;0,576090914;0,511549075;0,449639525;0,394915701;0,344649571;0,296712581
CHI.Resi.CO2-INT (kg/sqm);22,35222947;21,03031179;19,49580165;18,04574626;16,67140932;15,42183386;14,11457111;12,91930651;11,77298799;10,67048937;9,569276584;8,631834154;7,687838357;6,749965503;5,833908339;4,962219215;4,121617752;3,331438751;2,648438533;2,093923605;1,643366759;1,396326254;1,209378524;1,043307018;0,897205223;0,75801896;0,658273159;0,560667801;0,472983014;0,390869728;0,310855536
HK.Resi.CO2-INT (kg/sqm);95,13161322;88,82828371;81,50496852;74,47790951;67,77228329;61,63541354;55,3719721;49,68150773;44,32669054;39,30118285;34,44150792;30,34267276;26,36574846;22,65548224;19,1990071;15,99430337;12,99053645;10,23472575;7,900152574;6,035659227;4,54598843;3,718290056;3,094218445;2,549144058;2,077320672;1,638820126;1,324198585;1,024369205;0,760610169;0,51972949;0,291537969
IND.Resi.CO2-INT (kg/sqm);20,16597876;18,83450432;17,28422325;15,7922865;14,36540766;13,05639977;11,72201499;10,50881341;9,368452077;8,300436116;7,272059624;6,40491783;5,56892594;4,79378254;4,076940758;3,417896756;2,80642691;2,251504299;1,786009464;1,417708927;1,126541038;0,964616265;0,843386196;0,738927473;0,649830076;0,56856881;0,511057991;0,45745906;0,411398388;0,370424746;0,332702948
JAP.Resi.CO2-INT (kg/sqm);60,4104012;56,50565653;51,93917429;47,54632166;43,3440902;39,49154474;35,54535975;31,95366492;28,56582858;25,3788158;22,28833513;19,67881674;17,13969637;14,76504482;12,54734392;10,48606518;8,54892568;6,767170165;5,254600139;4,044415888;3,075718684;2,537847514;2,131957588;1,776735626;1,4686392;1,18156145;0,975411997;0,778410596;0,604698751;0,445635153;0,294516972
MAL.Resi.CO2-INT (kg/sqm);30,16490424;28,25560276;26,0431541;23,93251806;21,92341824;20,0892904;18,20046731;16,47964682;14,84783862;13,30173967;11,78589619;10,50188629;9,235429043;8,03653325;6,902325707;5,833981661;4,815505797;3,865776085;3,050497683;2,392054754;1,860029228;1,56572576;1,342749027;1,145762625;0,973428246;0,811139394;0,694465466;0,581904026;0,48205468;0,390090193;0,302248402
MEX.Resi.CO2-INT (kg/sqm);8,584280935;8,131376426;7,583607534;7,054717443;6,544950148;6,07638709;5,581521242;5,126577672;4,688588608;4,266957164;3,838034864;3,469824478;3,100055657;2,744962739;2,404068383;2,078115654;1,762074669;1,462408559;1,201888772;0,989461635;0,816080183;0,72286185;0,652957074;0,590649343;0,535700374;0,482815761;0,445836633;0,409147443;0,376168567;0,345064179;0,314291049
NZL.Resi.CO2-INT (kg/sqm);16,38493713;15,39691338;14,24006526;13,11284437;12,02551923;11,0241133;9,987624659;9,039672461;8,13959396;7,287220062;6,45394327;5,748502451;5,056335027;4,404429052;3,791214805;3,217101498;2,673331165;2,169418654;1,73914493;1,393320233;1,115246754;0,961968074;0,846435715;0,744904093;0,656518627;0,573595079;0,51439395;0,457385011;0,406936188;0,360486036;0,316020956
PHI.Resi.CO2-INT (kg/sqm);24,40012225;22,90326088;21,15506188;19,48302546;17,88727556;16,42811226;14,9184302;13,54034541;12,22971387;10,98415774;9,758245531;8,71875901;7,689229288;6,711199687;5,782556393;4,904553976;4,064089157;3,277209298;2,599548885;2,050781129;1,606132438;1,360839912;1,174935754;1,010211103;0,865681831;0,7289694;0,630745104;0,535507259;0,450719094;0,372272424;0,29693726
SGP.Resi.CO2-INT (kg/sqm);24,87649332;23,58502618;21,97863329;20,40194769;18,8636413;17,43543094;15,92411187;14,52915921;13,18651594;11,89716389;10,61416039;9,522819354;8,431547035;7,387088871;6,387958503;5,436153031;4,517244202;3,649504191;2,896987475;2,28400138;1,784017462;1,510879403;1,304079126;1,119386259;0,95594766;0,799008316;0,68642064;0,575096607;0,474326724;0,379024072;0,285007935
KOR.Resi.CO2-INT (kg/sqm);33,4845511;31,70928743;29,51211082;27,35862824;25,26051993;23,31415146;21,2597875;19,36545037;17,54494756;15,79949048;14,06624371;12,59262108;11,1224392;9,718053178;8,37737745;7,102954339;5,875537992;4,719258631;3,718570776;2,904945133;2,242666154;1,88071087;1,60698793;1,363148146;1,147955753;0,942042047;0,794668339;0,649537979;0,518712904;0,395573594;0,274693018
USA.Resi.CO2-INT (kg/sqm);57,71398573;53,91483911;49,56679009;45,44195339;41,52117416;37,85628302;34,09668937;30,67229825;27,43911979;24,39462348;21,43889748;18,94205885;16,50967963;14,23253619;12,10369236;10,12293704;8,25939936;6,543502605;5,085565061;3,918222225;2,983101361;2,464081948;2,072308034;1,729160165;1,431297386;1,153453136;0,953895962;0,762970248;0,594456363;0,439983702;0,293048442
AUS.OFF.CO2-INT (kg/sqm);154,7834619;145,0287121;131,8888204;119,3763819;107,56963;96,85980623;86,14533815;76,50678479;67,55868713;59,27714851;51,40569372;44,80903134;38,52566155;32,75792382;27,47539555;22,66344239;18,24021036;14,2601005;10,9428978;8,331035282;6,275343265;5,123846587;4,260356106;3,518476893;2,886896345;2,313467099;1,903836934;1,52366251;1,19659749;0,905763405;0,63863462
BRA.OFF.CO2-INT (kg/sqm);30,04849613;28,21080935;25,62185157;23,20299613;20,94843009;18,91896953;16,90221698;15,0942062;13,41908711;11,86956516;10,37848124;9,118131177;7,920001766;6,821650572;5,817260144;4,903912281;4,066332101;3,314264013;2,687328486;2,192273111;1,800982406;1,574919842;1,401878162;1,251646953;1,121999603;1,003555028;0,914646061;0,831526074;0,758227921;0,691740491;0,629869274
CAN.OFF.CO2-INT (kg/sqm);36,99680218;34,6417318;31,78547974;29,08652153;26,53158294;24,15204056;21,72731975;19,52591594;17,45648186;15,51638138;13,64288425;12,06323872;10,53287067;9,106931034;7,780308164;6,552025169;5,402542537;4,349544336;3,458509164;2,747465308;2,179810317;1,863608402;1,624980571;1,416678577;1,236442669;1,069166439;0,948820873;0,834319038;0,733616009;0,641730549;0,554826966
CHI.OFF.CO2-INT (kg/sqm);65,71343799;61,84090229;56,26473098;51,09654062;46,29816127;41,98982508;37,66683696;33,77949909;30,14893558;26,75426994;23,48481576;20,7263914;18,0565682;15,50514745;13,10578846;10,90345292;8,862896099;7,018466862;5,474634764;4,254779743;3,291510231;2,748966734;2,339949053;1,987360554;1,686232429;1,412352334;1,214832144;1,031546423;0,873300689;0,732448907;0,603468783
HK.OFF.CO2-INT (kg/sqm);133,7757504;124,9159918;115,231219;105,8579346;96,83872489;88,53580459;79,95862606;72,11895249;64,68363076;57,65089153;50,78734863;44,97745866;39,28773498;33,93732715;28,91287314;24,21700702;19,77822353;15,6727282;12,17162443;9,359560888;7,09966342;5,84680919;4,899731332;4,067345977;3,342359004;2,663135288;2,174604969;1,705039649;1,288967513;0,905896624;0,539811826
IND.OFF.CO2-INT (kg/sqm);68,66333359;64,12759858;57,84247695;51,93004817;46,40180511;41,41396611;36,49968888;32,11141485;28,08299524;24,40023673;20,95623208;18,0873875;15,40577968;12,9863561;10,81172959;8,870399197;7,126369478;5,593518779;4,341383158;3,372631268;2,624144494;2,199196946;1,881939395;1,614439619;1,390851821;1,193382709;1,051682348;0,924084065;0,816549544;0,723411189;0,640630121
JAP.OFF.CO2-INT (kg/sqm);90,78268077;84,92074056;78,13710587;71,60200237;65,34172779;59,59674356;53,69990207;48,32727517;43,25274177;38,47255643;33,82968915;29,90696639;26,08379228;22,50323897;19,15456613;16,03762007;13,10391591;10,40156349;8,104719639;6,26516547;4,79113268;3,973090884;3,355524929;2,814441645;2,344620372;1,906198824;1,591269938;1,289833623;1,023684544;0,779612518;0,547347358
MAL.OFF.CO2-INT (kg/sqm);105,4718819;98,78732351;89,7882359;81,34915626;73,45442811;66,33230013;59,20875849;52,80695853;46,85271052;41,32284759;36,03489093;31,59299402;27,32707352;23,38073532;19,73594757;16,38667331;13,27895383;10,45710239;8,087347757;6,209178314;4,721279696;3,887700755;3,259994414;2,717213577;2,252397184;1,827745291;1,52345444;1,239657954;0,994671972;0,776274881;0,575415624
MEX.OFF.CO2-INT (kg/sqm);68,69380008;65,04857916;59,09520699;53,51109882;48,2864323;43,56899851;38,85941391;34,62527094;30,6901374;27,03974051;23,51738914;20,53519081;17,6952663;15,08921544;12,70542587;10,53898982;8,555715528;6,780267534;5,306298993;4,148603546;3,240039581;2,718528504;2,322376883;1,98175648;1,691193065;1,429644095;1,236147866;1,058630943;0,90547065;0,770165046;0,64833254
NZL.OFF.CO2-INT (kg/sqm);37,00733853;34,79082371;31,78645991;28,91279778;26,18946321;23,71104872;21,2159951;18,96349233;16,86286054;14,9096667;13,04299159;11,47416233;9,971150785;8,584139136;7,306745795;6,136418182;5,053909638;4,073634142;3,251605243;2,600235459;2,083886271;1,79222968;1,571401484;1,379789693;1,214840417;1,063446021;0,953097364;0,849416267;0,758653939;0,676546877;0,59989985
PHI.OFF.CO2-INT (kg/sqm);72,71598606;68,25601978;62,05666346;56,24121377;50,7992969;45,88851423;40,97605732;36,56037031;32,45287825;28,63789002;24,99006995;21,92529512;18,98263646;16,26107058;13,7483367;11,44039355;9,300294141;7,358513416;5,728873819;4,43798878;3,415988323;2,842561095;2,410569416;2,037263899;1,717792201;1,426373585;1,217299614;1,022700635;0,854933998;0,70568728;0,568840558
SGP.OFF.CO2-INT (kg/sqm);100,0389225;94,85106071;86,67771418;78,87027679;71,45458083;64,68728062;57,84197754;51,64587854;45,84942928;40,44368886;35,26062165;30,89824589;26,70675926;22,83006102;19,25270958;15,96990806;12,92951919;10,17436556;7,864605409;6,036640452;4,590586696;3,779211991;3,168102266;2,640109089;2,188153716;1,775668976;1,479188937;1,202823271;0,96398137;0,75089056;0,554954542
KOR.OFF.CO2-INT (kg/sqm);59,75441015;56,6114201;51,81629583;47,22968776;42,86721617;38,88269279;34,84195852;31,18042384;27,74924429;24,54352408;21,4623827;18,8673907;16,36708934;14,04877342;11,90356522;9,929061425;8,093927107;6,424831528;5,021075264;3,906909998;3,022679067;2,527574882;2,154300228;1,830582481;1,552369275;1,296908302;1,11306235;0,940387741;0,790116809;0,654867517;0,529122267
USA.OFF.CO2-INT (kg/sqm);51,94249712;48,5424588;44,61604554;40,89523096;37,36243947;34,0634771;30,68528046;27,61096861;24,71167975;21,98475777;19,34102245;17,10890291;14,93750186;12,90715213;11,01138055;9,249685607;7,594452787;6,072316286;4,78036539;3,746844258;2,919680183;2,460341656;2,113725353;1,810424372;1,547399897;1,302372505;1,126416647;0,958309064;0,810100975;0,674419351;0,545547223
AUS.RHS.CO2-INT (kg/sqm);236,921773;221,980857;201,8550698;182,6903245;164,6064483;148,2026879;131,791814;117,0288709;103,323468;90,63900386;78,58264691;68,47883277;58,85487494;50,02068777;41,92967435;34,55941988;27,78455226;21,68839514;16,60758342;12,60710985;9,458497882;7,694801674;6,372231737;5,235928368;4,268564555;3,390268503;2,762856211;2,180559968;1,679609034;1,234151411;0,825002141
BRA.RHS.CO2-INT (kg/sqm);45,97419908;43,15316696;39,17885911;35,46567526;32,004692;28,88926805;25,79335216;23,01787566;20,44640114;18,06773073;15,7787685;13,84400572;12,00475782;10,31867942;8,776840152;7,374760279;6,08899134;4,934491973;3,972083542;3,212124269;2,611454092;2,264425556;1,998789355;1,768169498;1,569147912;1,387323701;1,250839588;1,123242135;1,010722175;0,908657353;0,813678875
CAN.RHS.CO2-INT (kg/sqm);56,50420696;52,89892991;48,52641516;44,39469487;40,48344809;36,8407079;33,12880597;29,75877055;26,59076196;23,62074468;20,75268763;18,33447549;15,99170016;13,80878984;11,77791933;9,897593155;8,137899099;6,525908955;5,16186112;4,073354333;3,20435546;2,720295401;2,354990207;2,036109546;1,760194064;1,504118001;1,319886094;1,144600106;0,990438123;0,849774582;0,716737585
CHI.RHS.CO2-INT (kg/sqm);100,5415601;94,60803171;86,06417996;78,1454397;70,79332668;64,19206146;57,56834645;51,61213805;46,04936125;40,84802895;35,8385466;31,61206797;27,52134472;23,61203861;19,93572266;16,56128755;13,43473098;10,60868259;8,243211407;6,374140343;4,898211529;4,06692229;3,440222315;2,899983557;2,438592771;2,018951624;1,716309698;1,435477934;1,193012627;0,977198464;0,779574145
HK.RHS.CO2-INT (kg/sqm);204,6768981;191,1129179;176,2858697;161,9356995;148,1276052;135,4161249;122,2847649;110,2824991;98,89928183;88,13240429;77,6245604;68,72982226;60,01905449;51,82776743;44,13550424;36,94629761;30,15067549;23,86530586;18,50523858;14,20006774;10,74024383;8,822167868;7,372224824;6,097871987;4,987942313;3,948074582;3,200151767;2,481263702;1,844271829;1,257803708;0,697340698
IND.RHS.CO2-INT (kg/sqm);105,0549004;98,10505156;88,4747171;79,41543868;70,94482621;63,30224413;55,77237659;49,04847383;42,87595554;37,23307409;31,95602161;27,56025419;23,45137902;19,74423386;16,41217732;13,43758714;10,76530958;8,416609618;6,498033408;5,013669976;3,866806254;3,215683292;2,729567587;2,319692891;1,977102023;1,674531331;1,457411927;1,261900333;1,097131301;0,954420696;0,827579973
JAP.RHS.CO2-INT (kg/sqm);104,3053598;97,57532479;89,78710159;82,28421457;75,0968559;68,50109691;61,73099213;55,56273288;49,73671179;44,24862878;38,91819925;34,41456045;30,02521247;25,91441499;22,06983718;18,49130256;15,12314613;12,02060232;9,383618852;7,271645095;5,57932278;4,64013717;3,931115869;3,309903558;2,770506449;2,267159052;1,905592345;1,559516324;1,253953227;0,973736573;0,707075263
MAL.RHS.CO2-INT (kg/sqm);161,3719793;151,1358713;137,3555096;124,4326918;112,3434429;101,4372818;90,52895587;80,72583772;71,60805879;63,14014353;55,04266091;48,24075512;41,70832316;35,66526967;30,08398234;24,95521676;20,1963456;15,87522603;12,24640527;9,370352114;7,09192323;5,815458347;4,854247521;4,023083676;3,311307292;2,661035072;2,195072502;1,760493086;1,38534445;1,050911557;0,743334462
MEX.RHS.CO2-INT (kg/sqm);105,1015141;99,51605385;90,39388418;81,8375264;73,83193006;66,60355087;59,38719875;52,89935128;46,86966678;41,27627554;35,87908451;31,30955343;26,95802415;22,96485231;19,31224463;15,99268108;12,95377068;10,23330614;7,974789333;6,200888088;4,808723377;4,009627941;3,402616955;2,880694753;2,435473339;2,03470987;1,73822153;1,466217791;1,23153497;1,02421034;0,837530126
NZL.RHS.CO2-INT (kg/sqm);69,57379643;65,38526689;59,70794572;54,27761041;49,13134783;44,44790866;39,73302669;35,47649101;31,50694467;27,8160106;24,28857022;21,32396667;18,48373832;15,862714;13,44883447;11,23727616;9,191668807;7,339250391;5,785869247;4,554981209;3,579240462;3,028099438;2,610802242;2,24871504;1,937011771;1,650923046;1,442398111;1,246472809;1,074959996;0,919802966;0,77496372
PHI.RHS.CO2-INT (kg/sqm);111,2554587;104,4233349;94,92667791;86,01811903;77,68176682;70,15904735;62,63376317;55,86946981;49,57729348;43,7331973;38,14518233;33,4503215;28,94252772;24,77342108;20,92421958;17,38873245;14,11036146;11,13579047;8,639381584;6,661903316;5,096323398;4,217902899;3,55614439;2,984285918;2,494894283;2,048476545;1,728200748;1,430098872;1,173100868;0,944473119;0,734840649
SGP.RHS.CO2-INT (kg/sqm);153,0595514;145,1152301;132,5991505;120,6433981;109,2875305;98,92456986;88,44216122;78,95389739;70,07762864;61,79966354;53,86268429;47,18245336;40,76390986;34,82741082;29,34931012;24,32226214;19,6664276;15,44738196;11,91038009;9,111165002;6,896781475;5,654300154;4,718490332;3,90995926;3,217867054;2,58621736;2,132208986;1,709002328;1,343256886;1,016944825;0,71690239
KOR.RHS.CO2-INT (kg/sqm);91,42424753;86,60878479;79,26204111;72,23477094;65,55090651;59,44610708;53,25518538;47,64524595;42,38824003;37,47666667;32,755964;28,78010437;24,94932289;21,39736639;18,11063306;15,08544072;12,27378023;9,716512331;7,565778197;5,85873451;4,503979631;3,745416697;3,173512186;2,677535195;2,251276981;1,859878098;1,578202585;1,313643;1,083408712;0,876189499;0,683531694
USA.RHS.CO2-INT (kg/sqm);83,62742036;78,14187583;71,80708994;65,80401228;60,1042868;54,7818159;49,33151024;44,37148539;39,69383865;35,29428473;31,02894226;27,42769134;23,92440225;20,64868215;17,59008737;14,74780881;12,0772938;9,621513376;7,53710917;5,86964967;4,535121957;3,794035619;3,234812756;2,745473847;2,321116139;1,925794515;1,641911333;1,370690381;1,13157482;0,912669172;0,70474981
AUS.RSM.CO2-INT (kg/sqm);239,9143659;224,7781695;204,3893348;184,974103;166,6538673;150,035707;133,4103402;118,4544428;104,5699079;91,71965567;79,50572005;69,26984731;59,52010269;50,57045117;42,37368681;34,90710184;28,04368552;21,86785058;16,72063177;12,66787132;9,478106451;7,691358428;6,351502274;5,200347223;4,220339798;3,330564265;2,694951586;2,105044631;1,597546182;1,14626635;0,731769429
BRA.RSM.CO2-INT (kg/sqm);38,16159008;35,82284246;32,52798345;29,44960661;26,58031407;23,99750392;21,43086674;19,12988652;16,99803204;15,02601983;13,12837926;11,5243841;9,999574571;8,601748633;7,32350266;6,161122778;5,095169277;4,138043464;3,340168664;2,710132254;2,212152828;1,924452393;1,704229436;1,513036418;1,348039621;1,197300131;1,084149382;0,978366028;0,885082513;0,800466723;0,721725795
CAN.RSM.CO2-INT (kg/sqm);48,83577887;45,72084112;41,94301458;38,37323302;34,99393924;31,84663356;28,63957254;25,72788214;22,99074171;20,42466458;17,94668048;15,85735969;13,83321585;11,94719442;10,19253447;8,567943926;7,04757881;5,654828989;4,476299836;3,535836497;2,78502668;2,366801691;2,051180192;1,775669214;1,537279891;1,316031708;1,156856444;1,005410401;0,872215372;0,750682916;0,635739748
CHI.RSM.CO2-INT (kg/sqm);98,75790966;92,92522731;84,52658659;76,74243299;69,51527624;63,02620592;56,51506735;50,66009048;45,19185846;40,07892784;35,15458648;30,99994096;26,97874351;23,13587984;19,52204644;16,20496311;13,13154541;10,35352844;8,028260729;6,190956337;4,740112362;3,922951689;3,306903086;2,775846209;2,322297207;1,909788266;1,612290033;1,336231277;1,097886902;0,88574071;0,691475208
HK.RSM.CO2-INT (kg/sqm);248,2787232;231,8101224;213,8079776;196,3848303;179,6198404;164,1862957;148,2429574;133,6705;119,8496556;106,7771352;94,01911855;83,21964163;72,6435309;62,69814361;53,35864227;44,62992313;36,37907155;28,74773905;22,23985517;17,01276558;12,81204738;10,48323041;8,722793373;7,175547818;5,827935363;4,56538807;3,657303419;2,784471083;2,011072369;1,299016676;0,618534885
IND.RSM.CO2-INT (kg/sqm);87,20243366;81,43674621;73,44729205;65,93159362;58,90426033;52,56387212;46,3169934;40,73875382;35,61795017;30,93654032;26,55862707;22,91183968;19,50306193;16,42756477;13,66324614;11,19548639;8,978529213;7,030016341;5,438339881;4,206892144;3,255438676;2,715258366;2,311970282;1,971932757;1,687714795;1,436698106;1,256572947;1,094373916;0,957679326;0,839284701;0,734055942
JAP.RSM.CO2-INT (kg/sqm);125,2800995;117,1822957;107,8112444;98,78351909;90,1354481;82,1992097;74,05319258;66,6313362;59,62127225;53,01782673;46,60407516;41,18514593;35,90373524;30,95748586;26,3315609;22,02574804;17,97306927;14,23998451;11,06707757;8,525879923;6,489620961;5,359561339;4,506443132;3,758979647;3,109958957;2,504314489;2,069265302;1,652855027;1,285191262;0,948025186;0,627169356
MAL.RSM.CO2-INT (kg/sqm);133,94929;125,4553479;114,0203772;103,296998;93,26531603;84,21536248;75,16361263;67,02896629;59,46301576;52,43632336;45,71701667;40,07278214;34,65215751;29,63762008;25,0062571;20,75039753;16,80147707;13,21580373;10,20460126;7,818046812;5,927402132;4,868189112;4,070574516;3,380873156;2,790239741;2,250642599;1,86398596;1,503371124;1,192072062;0,914559003;0,659330937
MEX.RSM.CO2-INT (kg/sqm);87,2411261;82,60738308;75,03955734;67,94113372;61,29962624;55,3029044;49,31616031;43,93378957;38,93151454;34,29119192;29,81363859;26,02271865;22,41265476;19,0998871;16,06965422;13,31571745;10,7946128;8,537693421;6,664009606;5,192366785;4,03741568;3,374479643;2,870898419;2,437907539;2,068548253;1,736071637;1,490102512;1,26444601;1,069751243;0,897753053;0,742881638
NZL.RSM.CO2-INT (kg/sqm);62,54240211;58,77661783;53,67230458;48,79004908;44,16319505;39,95245201;35,71343966;31,88651305;28,31761015;24,99919938;21,82778101;19,16239276;16,6088266;14,25234036;12,08209195;10,09374462;8,254598935;6,58914377;5,192544261;4,085888862;3,208628922;2,713114163;2,337934471;2,012392468;1,732149185;1,474935188;1,287456523;1,11130582;0,957103671;0,817606528;0,687385802
PHI.RSM.CO2-INT (kg/sqm);92,52658888;86,84710607;78,95262087;71,54701631;64,61708199;58,36351321;52,10781241;46,48471642;41,25408705;36,39594266;31,75067627;27,84788085;24,10059258;20,63485188;17,43504542;14,49602689;11,77074669;9,298012682;7,222770512;5,578910682;4,277458232;3,547235202;2,997121329;2,521740544;2,114913696;1,743810661;1,477568283;1,229758885;1,016118765;0,826062581;0,651797002
SGP.RSM.CO2-INT (kg/sqm);152,6083955;144,6833761;132,1977062;120,2710021;108,9427253;98,60494305;88,148003;78,68279234;69,82808983;61,57023729;53,65254213;46,98854183;40,58559315;34,66351773;29,19872691;24,1838929;19,5393704;15,33057557;11,80216738;9,009753412;6,800750064;5,561287539;4,627751408;3,821184785;3,130774122;2,500659115;2,047753824;1,625575409;1,260718601;0,935199365;0,635885928
KOR.RSM.CO2-INT (kg/sqm);75,88810089;71,89301699;65,79788991;59,96780973;54,4226315;49,35786676;44,22165183;39,56744104;35,20603678;31,131216;27,21474853;23,91623005;20,73807373;17,79124079;15,06444669;12,55463654;10,22198024;8,100377319;6,316049671;4,899823835;3,775869671;3,146538135;2,672065249;2,260584609;1,906945215;1,582226396;1,348538095;1,129049794;0,938039013;0,76612238;0,606286423
USA.RSM.CO2-INT (kg/sqm);89,26644714;83,40259813;76,63094076;70,21386752;64,12106679;58,4315376;52,60535767;47,30327021;42,30303476;37,60007049;33,04057341;29,19096622;25,44607669;21,94445018;18,67492282;15,63662967;12,78194556;10,15680496;7,928652136;6,146198144;4,719636208;3,927441674;3,329652627;2,806567004;2,352943938;1,930359397;1,626898527;1,336973123;1,081367223;0,84736499;0,6251067
AUS.RWH.CO2-INT (kg/sqm);106,9654432;100,2316671;91,16110229;82,52367303;74,37338457;66,9803137;59,58403684;52,9304719;46,75353365;41,03672605;35,60300237;31,04927735;26,71182053;22,73030835;19,08373987;15,76201288;12,70862297;9,961123581;7,67123393;5,868245839;4,449186378;3,654299672;3,058225781;2,546101052;2,110116311;1,714273846;1,431503101;1,169065874;0,943290462;0,742525534;0,55812455
BRA.RWH.CO2-INT (kg/sqm);19,40108488;18,22354737;16,56461676;15,01468288;13,57002098;12,26960029;10,97732253;9,81880056;8,745431817;7,752542159;6,797097921;5,989501395;5,221774093;4,517981838;3,874396974;3,289149601;2,752452007;2,270548133;1,868825652;1,551608226;1,300880254;1,156025782;1,045145588;0,948881696;0,865807355;0,789911435;0,732941094;0,679680167;0,632712792;0,590109535;0,550464216
CAN.RWH.CO2-INT (kg/sqm);26,69936939;25,00525259;22,95061141;21,00911935;19,17122762;17,45950692;15,71528718;14,13171023;12,64306553;11,24745679;9,899759073;8,763443128;7,662574873;6,636827062;5,682522636;4,79895887;3,972080042;3,214607164;2,573642178;2,06215371;1,653811835;1,426352401;1,254695782;1,104854015;0,975201551;0,854871614;0,768301188;0,685934443;0,613493851;0,547396165;0,484882187
CHI.RWH.CO2-INT (kg/sqm);49,28507849;46,38512501;42,20940175;38,33919556;34,74592284;31,51961958;28,28234421;25,37130611;22,65255382;20,11045397;17,66211888;15,59646915;13,59716851;11,68653371;9,889770552;8,240548676;6,712474998;5,331271724;4,175171015;3,26168097;2,540335321;2,134050906;1,827757475;1,563721111;1,338220916;1,133125444;0,985212189;0,847958434;0,729455907;0,623978864;0,527391927
HK.RWH.CO2-INT (kg/sqm);86,37353021;80,66134058;74,41723603;68,37395871;62,55896551;57,20578858;51,67578799;46,62128209;41,82747565;37,29322794;32,8680669;29,12223196;25,45387234;22,00428127;18,76484378;15,73725816;12,8754225;10,22846913;7,97118769;6,158154065;4,701120811;3,893362803;3,28274929;2,746081959;2,278658041;1,840739261;1,525767042;1,223022207;0,954766259;0,707787344;0,471759944
IND.RWH.CO2-INT (kg/sqm);44,33310597;41,41431863;37,36978485;33,56508236;30,00760693;26,7978865;23,63550375;20,81160891;18,21928371;15,84939462;13,63314585;11,78701788;10,0613785;8,504457098;7,105064869;5,855800841;4,733501622;3,74709805;2,941337221;2,317936439;1,836278292;1,562820623;1,358662461;1,186523886;1,042643075;0,915569879;0,824384389;0,742273716;0,673074259;0,613138868;0,559868487
JAP.RWH.CO2-INT (kg/sqm);68,08701058;63,69496217;58,61233579;53,71592097;49,02542124;44,72100189;40,30280376;36,2773725;32,47528726;28,89374179;25,41508163;22,47598849;19,61148201;16,92875873;14,41977149;12,08440513;9,886332435;7,861599629;6,14069341;4,76241068;3,657994201;3,045077823;2,582367615;2,176961915;1,824949151;1,496462577;1,260502662;1,034652032;0,835240303;0,652369766;0,478345502
MAL.RWH.CO2-INT (kg/sqm);68,09888003;63,79130461;57,99223062;52,55402963;47,46661248;42,8770642;38,28660495;34,161241;30,3242826;26,76080088;23,35320522;20,49081628;17,74182776;15,19878027;12,85005396;10,69175857;8,689122754;6,870702269;5,343616076;4,133310762;3,174498654;2,637334648;2,232836362;1,883064656;1,583533773;1,309885172;1,113798053;0,930917644;0,773046992;0,632310404;0,502875316
MEX.RWH.CO2-INT (kg/sqm);44,35277693;42,0071352;38,17623481;34,58294994;31,22096006;28,18536639;25,15482353;22,43021982;19,89802392;17,54905153;15,2824744;13,36347717;11,53603087;9,859078555;8,32514785;6,93108068;5,654875188;4,512402618;3,563927285;2,818968662;2,234322189;1,898738098;1,643820825;1,424637009;1,237664068;1,069361463;0,944849714;0,830620395;0,732064181;0,644997175;0,566599893
NZL.RWH.CO2-INT (kg/sqm);25,57447883;24,04940168;21,98224358;20,00501501;18,1312196;16,42594189;14,70921561;13,15937688;11,71403327;10,37013462;9,085765334;8,006329442;6,972179555;6,01784361;5,138930746;4,333684654;3,588862636;2,914382258;2,348783744;1,900607553;1,545332533;1,344657673;1,192716422;1,060877572;0,947383916;0,84321672;0,767291122;0,69595315;0,633503962;0,577010044;0,524272915
PHI.RWH.CO2-INT (kg/sqm);46,9497379;44,07814725;40,08663419;36,34230297;32,83847432;29,67662135;26,51369041;23,67060938;21,02596252;18,56964696;16,22096418;14,24768048;12,35302241;10,60071698;8,982869969;7,496879361;6,118956511;4,868722982;3,819464413;2,988316109;2,330291636;1,961085197;1,682943348;1,442587129;1,236892313;1,049259735;0,914645519;0,789351162;0,681333057;0,585239173;0,497129142
SGP.RWH.CO2-INT (kg/sqm);64,59104037;61,2480564;55,98126875;50,95026771;46,17169925;41,81094775;37,3999323;33,40725469;29,67210565;26,18872381;22,8488294;20,03777682;17,33684277;14,83875384;12,53355972;10,41816935;8,458986225;6,683604619;5,195228196;4,017313712;3,085497344;2,562659084;2,168868714;1,828637459;1,537403878;1,271604609;1,08055711;0,902471026;0,74856472;0,611252048;0,484993679
KOR.RWH.CO2-INT (kg/sqm);44,81580761;42,4620451;38,87101122;35,43613362;32,16911021;29,18512947;26,15905281;23,41695598;20,84737044;18,44662976;16,13918528;14,19581454;12,32335694;10,58718691;8,980656013;7,501964407;6,127645593;4,877671988;3,826409077;2,99201877;2,329824622;1,95904468;1,679501992;1,437072113;1,228720256;1,037407382;0,899726478;0,770411713;0,657874899;0,556587683;0,462417975
USA.RWH.CO2-INT (kg/sqm);51,00939836;47,66653726;43,80615306;40,14791007;36,67452825;33,43104333;30,10965659;27,08704433;24,23651176;21,55544744;18,95617085;16,76158806;14,62670267;12,63049659;10,76660551;9,034536354;7,407138984;5,910599699;4,640375071;3,624234289;2,810980332;2,359366333;2,018578951;1,720378472;1,461777185;1,220870329;1,047873457;0,882592878;0,736877151;0,603477235;0,476772303
AUS.HOT.CO2-INT (kg/sqm);208,7618755;195,5959308;177,8610743;160,9730885;145,0375652;130,5825611;116,1212886;103,1121737;91,03496388;79,85740603;69,23333659;60,32984912;51,84921134;44,06451997;36,93471378;30,44004084;24,47002317;19,09808562;14,62087109;11,09565123;8,321092358;6,766922134;5,601472662;4,600161408;3,747719798;2,973764757;2,420888645;1,907768824;1,466330541;1,073792999;0,713250402
BRA.HOT.CO2-INT (kg/sqm);36,97920932;34,71318026;31,52076815;28,53810713;25,75802937;23,25552642;20,76869356;18,53925761;16,47368878;14,56299225;12,72435493;11,17023271;9,692834012;8,338470609;7,099969077;5,973731017;4,940921158;4,013555211;3,240488694;2,630041976;2,1475462;1,868791222;1,655415646;1,470167383;1,310300824;1,16424827;1,054615712;0,952121474;0,86173842;0,779753585;0,703460944
CAN.HOT.CO2-INT (kg/sqm);32,82625357;30,74489504;28,22060336;25,83532446;23,57732688;21,47434054;19,33142653;17,38587508;15,55695553;13,84233812;12,18658325;10,79052786;9,43802281;8,177809255;7,005369635;5,919840596;4,903953556;3,973337299;3,185860343;2,557455686;2,055774902;1,776322722;1,565428782;1,381336138;1,222047675;1,074212684;0,967853964;0,866659804;0,777660719;0,696454405;0,619650962
CHI.HOT.CO2-INT (kg/sqm);103,263974;97,16224433;88,37619495;80,23297748;72,67244975;65,88405456;59,07257317;52,94752061;47,22705248;41,87827493;36,72678582;32,3804967;28,1738113;24,15368577;20,37315511;16,90306289;13,68787598;10,78171592;8,349189321;6,427134593;4,909366751;4,054512464;3,410047053;2,854493827;2,380023724;1,94848676;1,637265665;1,348472997;1,099134382;0,877202407;0,673975914
HK.HOT.CO2-INT (kg/sqm);282,2895072;263,5582585;243,0827696;223,2658277;204,1974684;186,6434839;168,5096643;151,9350733;136,2153604;121,3467852;106,8359238;94,55268909;82,52350924;71,21170897;60,5890383;50,6610662;41,27661665;32,59680293;25,19479026;19,24954231;14,47168057;11,82290364;9,820597291;8,060773144;6,528010016;5,09199929;4,059151407;3,066399212;2,186741988;1,3768558;0,602881506
IND.HOT.CO2-INT (kg/sqm);84,50059446;78,9138262;71,17229853;63,88982514;57,08056207;50,936927;44,88389965;39,47876243;34,51686611;29,98072845;25,73866937;22,20504806;18,90205054;15,92199134;13,24345427;10,85227334;8,704112152;6,816064982;5,273780977;4,080547179;3,158618946;2,635201359;2,244427997;1,914942421;1,63954423;1,396317021;1,221781455;1,064615738;0,932163016;0,81744238;0,71547905
JAP.HOT.CO2-INT (kg/sqm);128,0035799;119,7278201;110,1508321;100,924715;92,08659544;83,97595156;75,65091891;68,06596104;60,90184507;54,15328331;47,5985842;42,06056947;36,66309536;31,60814802;26,88056449;22,4801278;18,33838802;14,52326561;11,28063139;8,683588796;6,602581341;5,447687714;4,575821522;3,811931902;3,14864844;2,529694429;2,085084672;1,659523433;1,28377995;0,939204368;0,611297463
MAL.HOT.CO2-INT (kg/sqm);129,7990682;121,5685369;110,488183;100,0973531;90,37676968;81,60746975;72,83642922;64,95405135;57,62273311;50,81394974;44,30301956;38,83382182;33,58129948;28,72227091;24,23453395;20,11065543;16,28419734;12,8097215;9,891901264;7,579357707;5,74734496;4,720979839;3,948100555;3,279787942;2,70747102;2,184607653;1,809941858;1,460510268;1,158865091;0,889958158;0,642645125
MEX.HOT.CO2-INT (kg/sqm);84,53808808;80,04814067;72,71516182;65,83701847;59,40161211;53,59098223;47,79002046;42,57467696;37,72763393;33,23131111;28,89270647;25,21942741;21,72139204;18,51142711;15,57522927;12,90675344;10,46388442;8,277002391;6,461463257;5,035488868;3,91637853;3,27401491;2,78606096;2,366506774;2,008609549;1,686450441;1,448114299;1,229460433;1,040807488;0,874146795;0,724081393
NZL.HOT.CO2-INT (kg/sqm);47,7394667;44,87383823;40,98963663;37,27441311;33,75354106;30,54931474;27,32357648;24,41142086;21,69561215;19,17041909;16,75708203;14,72881597;12,78564256;10,99243999;9,340957814;7,827895915;6,428371187;5,161018792;4,098256028;3,256130464;2,58856672;2,211497538;1,92599908;1,678273145;1,465017932;1,26928719;1,126622566;0,99257812;0,875235746;0,76908336;0,66999
PHI.HOT.CO2-INT (kg/sqm);93,80362201;88,04417633;80,03854269;72,52867277;65,50117016;59,15955582;52,81577943;47,11351445;41,80924174;36,88269832;32,17203006;28,2142862;24,41423891;20,89970318;17,65484584;14,67444813;11,91079802;9,403249776;7,298789749;5,631785604;4,312009678;3,571505654;3,01364659;2,531572799;2,119018134;1,742690246;1,472699375;1,221401006;1,004752993;0,81202096;0,635301852
SGP.HOT.CO2-INT (kg/sqm);189,1860038;179,3527065;163,8605924;149,0620383;135,0060078;122,1789747;109,2040915;97,45973781;86,47289748;76,22662358;66,40241408;58,13377863;50,18905381;42,84099249;36,06032605;29,83796223;24,07507782;18,85284063;14,47482146;11,01001771;8,269104958;6,731190293;5,572866521;4,572085446;3,715429708;2,933588313;2,371627241;1,847791819;1,395080563;0,991179035;0,619793443
KOR.HOT.CO2-INT (kg/sqm);75,52052777;71,54413613;65,47752703;59,67472471;54,15549134;49,1144237;44,00224018;39,36980558;35,02880753;30,97305208;27,07490904;23,79182372;20,6285374;17,69549215;14,98145622;12,48338901;10,16164678;8,049970445;6,273991337;4,864391761;3,745696371;3,119309361;2,647056446;2,237501048;1,885516268;1,562316748;1,329721832;1,111260475;0,921143399;0,750031132;0,590943018
USA.HOT.CO2-INT (kg/sqm);77,78956903;72,68389804;66,78779558;61,20043059;55,89541065;50,94152045;45,86864804;41,25210452;36,89838446;32,80349931;28,83353147;25,48166691;22,22098032;19,17210357;16,32531625;13,67986525;11,19428321;8,908565386;6,968506009;5,416517951;4,174406179;3,484640012;2,964143289;2,508691062;2,113720093;1,745774461;1,481550167;1,229111245;1,006554418;0,802807969;0,609287007
AUS.DWW.CO2-INT (kg/sqm);68,10472321;63,80623615;58,01606666;52,502388;47,29967431;42,58032833;37,85893581;33,61165136;29,66862021;26,01931218;22,55070996;19,64385241;16,87504906;14,33346197;12,00568524;9,885270167;7,936147311;6,182288812;4,720544199;3,569611826;2,663759213;2,156345521;1,775843431;1,448930052;1,17062042;0,917935496;0,737429587;0,569903522;0,425780424;0,297622697;0,179910848
BRA.DWW.CO2-INT (kg/sqm);15,62521799;14,66024519;13,30077858;12,03063303;10,84675615;9,781082581;8,722082015;7,772692143;6,89308395;6,079427055;5,296456072;4,63464388;4,005503867;3,428757583;2,901350276;2,42174959;1,981934658;1,587022287;1,25781726;0,997862749;0,792395261;0,673689383;0,58282487;0,503938179;0,435860111;0,373664642;0,326978375;0,283331914;0,244842915;0,20993024;0,177441547
CAN.DWW.CO2-INT (kg/sqm);23,54341957;22,03202208;20,19898465;18,46689261;16,82722707;15,30012436;13,74402779;12,33124786;11,00316124;9,758076164;8,555734662;7,541976306;6,559842422;5,644726852;4,793349124;4,00508231;3,267386667;2,591611181;2,019777605;1,563455831;1,199155752;0,996229002;0,843086443;0,709405891;0,59373712;0,486385393;0,409152038;0,335668975;0,271041477;0,212072771;0,156301251
CHI.DWW.CO2-INT (kg/sqm);34,17098775;32,14871645;29,23679203;26,53791876;24,03216398;21,78231392;19,5248125;17,49481137;15,59890002;13,82617655;12,11883957;10,67836675;9,284162205;7,951788441;6,698822626;5,54874415;4,4831479;3,519971156;2,713768813;2,076750074;1,573722485;1,290401624;1,076809089;0,892684355;0,735432669;0,592410138;0,489263403;0,39355003;0,310912752;0,237358745;0,17000422
HK.DWW.CO2-INT (kg/sqm);69,56339021;64,94776221;59,9023303;55,01917309;50,32047659;45,99494209;41,52652854;37,44232957;33,56878394;29,90496988;26,32930126;23,30254939;20,33840001;17,55102246;14,93345558;12,48707164;10,17461886;8,035797693;6,211843643;4,74685573;3,569527259;2,916833509;2,423438679;1,989794679;1,612101524;1,258249444;1,003742034;0,759114732;0,54235553;0,342788837;0,15207131
IND.DWW.CO2-INT (kg/sqm);35,70493347;33,33617229;30,05380415;26,96607267;24,07897996;21,4741101;18,90765746;16,61590692;14,51208826;12,58878909;10,79017773;9,291940366;7,89148631;6,62795645;5,492270428;4,478421942;3,567612586;2,767090241;2,11316971;1,607244682;1,216351826;0,994425445;0,828739538;0,689039339;0,572271915;0,469144822;0,395142634;0,328505174;0,272345897;0,223704934;0,180473004
JAP.DWW.CO2-INT (kg/sqm);47,206994;44,15031222;40,61301709;37,20531741;33,94092601;30,94523039;27,8703495;25,06881789;22,42272578;19,9301201;17,5091183;15,46363255;13,47005598;11,60299292;9,856842858;8,231525665;6,701759112;5,292629863;4,094951196;3,13572413;2,367096507;1,940532373;1,618505445;1,336360053;1,09137391;0,862761009;0,698542789;0,541360208;0,402577994;0,275307758;0,154194158
MAL.DWW.CO2-INT (kg/sqm);54,84537858;51,36067054;46,66938188;42,27002937;38,15445119;34,44163499;30,72808184;27,39077779;24,28678576;21,40402871;18,64737912;16,33178653;14,1079317;12,0506774;10,15062351;8,404622906;6,784546539;5,313495225;4,078125204;3,099022056;2,323369876;1,888819219;1,561591419;1,278635891;1,036323785;0,814949719;0,656320725;0,508375589;0,380662646;0,266810683;0,162101317
MEX.DWW.CO2-INT (kg/sqm);35,72077604;33,81698507;30,70771504;27,79130066;25,06261202;22,59883601;20,1391594;17,92779189;15,87258814;13,96609392;12,12647408;10,56896018;9,085751684;7,724688473;6,479705756;5,348240346;4,312434898;3,385170974;2,615360842;2,010730784;1,536214724;1,263844928;1,056946665;0,879050712;0,727298043;0,590698759;0,489641407;0,396929574;0,316938488;0,246272376;0,182642866
NZL.DWW.CO2-INT (kg/sqm);19,24381603;18,08252547;16,50846005;15,00287268;13,57604588;12,27753917;10,97031478;9,790169174;8,689592785;7,666263028;6,688262708;5,866311686;5,078844304;4,352152324;3,682892267;3,069726768;2,502571995;1,988979811;1,558297193;1,217027386;0,94649843;0,793691851;0,677994136;0,577603665;0,491182389;0,411862873;0,354048302;0,299727041;0,252174264;0,209156208;0,16899881
PHI.DWW.CO2-INT (kg/sqm);37,81231275;35,48475103;32,24943856;29,21447882;26,37445792;23,81162469;21,24791771;18,9434644;16,79985149;14,80889011;12,90517025;11,30572933;9,770018238;8,349690781;7,03834831;5,833881768;4,717009319;3,703635178;2,853160866;2,179475367;1,646115023;1,346855526;1,121408238;0,926588014;0,759862516;0,607777327;0,49866606;0,397108983;0,309555137;0,231666443;0,160249044
SGP.DWW.CO2-INT (kg/sqm);45,01751513;42,67810712;38,99242831;35,47175211;32,12772731;29,07608929;25,98927676;23,19521551;20,58137182;18,1437139;15,80646795;13,8393036;11,94919979;10,20104626;8,58787981;7,107537335;5,736508124;4,494102544;3,452542146;2,628241881;1,976160182;1,610279872;1,334706805;1,096614213;0,892810014;0,706804653;0,57311031;0,448486317;0,340783245;0,244692337;0,15633719
KOR.DWW.CO2-INT (kg/sqm);31,07229328;29,4312474;26,92757452;24,53277398;22,25500157;20,17456683;18,06478276;16,15298976;14,36147181;12,6876727;11,0789198;9,72399953;8,418519975;7,208060274;6,087985116;5,057039658;4,098863029;3,22738002;2,494438332;1,912700467;1,45101796;1,192509765;0,997612288;0,828589902;0,683326752;0,5499432;0,453951919;0,363793518;0,285332724;0,214715163;0,149059936
USA.DWW.CO2-INT (kg/sqm);22,70540293;21,21354985;19,4907364;17,8581346;16,30803269;14,86052924;13,37825975;12,02932742;10,75719087;9,560684657;8,400678702;7,42127962;6,468522313;5,57765485;4,745836965;3,97284861;3,246573211;2,578697199;2,011820962;1,558337341;1,195398115;0,993851681;0,841764984;0,708683982;0,59327532;0,485763334;0,408558237;0,33479677;0,26976671;0,210232955;0,153687039
AUS.HEC.CO2-INT (kg/sqm);230,6273582;216,086513;196,4996312;177,8480576;160,2484107;144,2838916;128,3124494;113,9448115;100,6063962;88,26158225;76,52805669;66,69479096;57,3285325;48,73089713;40,85653564;33,68363344;27,0901755;21,15725433;16,21249079;12,31913734;9,254835318;7,538365356;6,25120969;5,145332957;4,203872109;3,349094067;2,738481906;2,171777729;1,684240688;1,250711021;0,852517484
BRA.HEC.CO2-INT (kg/sqm);61,4746595;57,6870588;52,35103616;47,36560629;42,71878835;38,5359285;34,37926076;30,65282436;27,20028702;24,00661416;20,93338613;18,3357167;15,86628838;13,60250992;11,53239115;9,64991747;7,923606268;6,373541455;5,081383584;4,061039909;3,254562458;2,788631738;2,43198076;2,122343755;1,855131519;1,611008984;1,427761399;1,256445305;1,105372696;0,968337464;0,840816566
CAN.HEC.CO2-INT (kg/sqm);38,74574192;36,28965428;33,31088751;30,49616149;27,83163258;25,35002326;22,82129764;20,52546787;18,36726848;16,34395026;14,39009223;12,74269015;11,14667923;9,659576021;8,276049626;6,99508125;5,796293262;4,698128261;3,768873454;3,027330424;2,435326712;2,105561784;1,856698365;1,639461565;1,451494705;1,277043409;1,151535797;1,032122575;0,927100039;0,831273288;0,740642105
CHI.HEC.CO2-INT (kg/sqm);97,9130226;92,13737773;83,82086685;76,11283406;68,95635128;62,53073721;56,08327071;50,28554933;44,87079085;39,80785929;34,9316728;30,81765532;26,83578094;23,03049642;19,45200249;16,16735675;13,12399382;10,37314293;8,070613883;6,251276388;4,814620137;4,005450432;3,395426135;2,869562433;2,420448661;2,011973623;1,717384609;1,444025416;1,208011798;0,997940171;0,80557438
HK.HEC.CO2-INT (kg/sqm);199,3258681;186,1192606;171,6828635;157,7107798;144,26649;131,8899215;119,1045358;107,418496;96,33519449;85,85199389;75,62100213;66,96061532;58,47935178;50,5038821;43,0142884;36,01449715;29,39792056;23,27815274;18,05930815;13,86756646;10,49889918;8,631359122;7,219618;5,978840776;4,898154627;3,885684486;3,157467333;2,457519947;1,837311018;1,266294682;0,720598297
IND.HEC.CO2-INT (kg/sqm);102,308367;95,54349675;86,16948514;77,35133024;69,10617324;61,66700762;54,3375565;47,79261844;41,7843891;36,29169969;31,15510226;26,87633344;22,87682089;19,26834583;16,02497596;13,12955805;10,52840635;8,242219845;6,374708833;4,929853507;3,813514934;3,179722387;2,706545233;2,307579841;1,974107438;1,679590027;1,468249515;1,277941696;1,117558189;0,978645997;0,855181291
JAP.HEC.CO2-INT (kg/sqm);135,2661944;126,5263887;116,4123913;106,6689391;97,33524051;88,76980933;79,97796798;71,96769954;64,40187084;57,27489766;50,35265758;44,50411031;38,80398419;33,46559131;28,47291847;23,82573655;19,45175742;15,42271004;11,99825192;9,255585625;7,057890053;5,838238194;4,917483938;4,110760814;3,410285126;2,756624569;2,287084256;1,837660565;1,440848056;1,076951123;0,730657527
MAL.HEC.CO2-INT (kg/sqm);215,7794519;202,0777915;183,6319293;166,3339424;150,1517389;135,553171;120,9517055;107,8296286;95,62492044;84,29009476;73,45111597;64,34634649;55,60228432;47,51328534;40,0423888;33,17722045;26,80717854;21,0230941;16,16569419;12,31592006;9,266102784;7,557475986;6,270836145;5,15827219;4,205515699;3,335086316;2,711366741;2,12965545;1,627495914;1,179836906;0,768126037
MEX.HEC.CO2-INT (kg/sqm);140,5370822;133,0548218;120,8347995;109,3727366;98,64847155;88,9653635;79,29836686;70,60727216;62,52993075;55,03704606;47,80699039;41,6856647;35,85637336;30,50713622;25,61411748;21,16724333;17,09633103;13,45200754;10,42650739;8,050196326;6,185258008;5,114792935;4,30164343;3,60247852;3,006061682;2,469200531;2,072025928;1,7076508;1,393270624;1,115539373;0,865463301
NZL.HEC.CO2-INT (kg/sqm);55,14093441;51,83266293;47,34848311;43,05938279;38,9946547;35,29548342;31,57147733;28,20949183;25,07418223;22,15893195;19,37281567;17,03125087;14,78792267;12,71773075;10,81115025;9,064371287;7,448667164;5,985551544;4,758627757;3,78642218;3,01574234;2,580428679;2,250830333;1,964839092;1,718643137;1,492678593;1,327977094;1,173227299;1,037759484;0,915210133;0,800810189
PHI.HEC.CO2-INT (kg/sqm);148,7658638;139,6164504;126,8987591;114,9686344;103,8047949;93,73055257;83,65287561;74,59429899;66,16796999;58,34169899;50,85836569;44,57112262;38,53439518;32,9512293;27,79647257;23,06183448;18,67152004;14,68804716;11,34491728;8,69672664;6,600140215;5,423780916;4,537570069;3,771751156;3,11636982;2,518538078;2,089632546;1,690421787;1,346256331;1,040083628;0,75934894
SGP.HEC.CO2-INT (kg/sqm);149,0579945;141,3235921;129,1382345;117,4983981;106,4425953;96,35346319;86,14803929;76,91049115;68,26876688;60,20953681;52,48228246;45,97856841;39,72962702;33,94999266;28,61664402;23,72242959;19,18961974;15,08205719;11,63851624;8,913266965;6,757395796;5,547745514;4,636663314;3,849496681;3,175692159;2,56073303;2,118721269;1,706697325;1,350616256;1,03292659;0,740812406
KOR.HEC.CO2-INT (kg/sqm);89,03407113;84,34666097;77,19528161;70,35488032;63,84875294;57,90629209;51,87999913;46,41923898;41,30202715;36,52106215;31,92589222;28,05575848;24,326845;20,86934198;17,67000933;14,72526278;11,98836985;9,499104717;7,405562818;5,743912768;4,425183477;3,686792218;3,130095768;2,647307777;2,232384604;1,851393784;1,577208575;1,319684148;1,095572241;0,893863393;0,706328736
USA.HEC.CO2-INT (kg/sqm);79,99144556;74,74798486;68,69276087;62,95460642;57,50641683;52,41883313;47,20905616;42,46792331;37,99670689;33,79131069;29,71420303;26,27187975;22,92319512;19,79203657;16,86842135;14,15157604;11,59891415;9,251510332;7,259093448;5,665220989;4,389587626;3,68120634;3,14666267;2,67891889;2,27328861;1,895413015;1,624057948;1,36480631;1,136243213;0,926998141;0,728254516
AUS.LEI.CO2-INT (kg/sqm);286,3494044;268,2762644;243,9312932;220,7488374;198,8738448;179,0311887;159,1799278;141,322071;124,7434579;109,3998139;94,81595394;82,59396917;70,95243814;60,26624584;50,47902675;41,56366701;33,36851142;25,9943517;19,84839507;15,00925944;11,20057028;9,067131573;7,467297157;6,09277836;4,922615725;3,860193078;3,101249637;2,396880406;1,79090977;1,252066101;0,757142494
BRA.LEI.CO2-INT (kg/sqm);55,58971784;52,16385447;47,33745224;42,82815918;38,6251387;34,84176568;31,08208327;27,71154267;24,58874222;21,70008322;18,92036588;16,57078861;14,33720469;12,28962991;10,41721922;8,714532443;7,153093747;5,75106891;4,582319441;3,65942437;2,929970088;2,508538392;2,185949604;1,905884689;1,664192736;1,443385287;1,277638885;1,122684449;0,986040131;0,86209254;0,746750611
CAN.LEI.CO2-INT (kg/sqm);32,82625357;30,74735934;28,22605638;25,84360162;23,58827747;21,48778105;19,34740421;17,40415627;15,57740213;13,8648148;12,21102033;10,81661785;9,465714141;8,206992662;7,035941193;5,951697406;4,937013161;4,00749874;3,220954145;2,593293511;2,09220671;1,813085397;1,602441153;1,418566472;1,259466604;1,111806648;1,005573855;0,904499507;0,815605796;0,734495629;0,65778312
CHI.LEI.CO2-INT (kg/sqm);121,5698603;114,381821;104,0315644;94,43858504;85,53203344;77,53507949;69,51092924;62,29541484;55,55651428;49,25547751;43,18685303;38,06678077;33,1111663;28,37532553;23,92173544;19,83385209;16,04625562;12,622703;9,757106249;7,492862239;5,704881548;4,697834937;3,938633379;3,284173314;2,725231847;2,216867038;1,850238299;1,510030989;1,216301858;0,954858655;0,715451128
HK.LEI.CO2-INT (kg/sqm);247,4851382;231,0707345;213,1278334;195,7620244;179,0522068;163,6694529;147,7785829;133,2540825;119,4787214;106,4492218;93,7331908;82,96925418;72,42794866;62,51529093;53,20652521;44,50653165;36,28283303;28,67661469;22,19014778;16,98026017;12,79336623;10,47221323;8,717569662;7,17541598;5,832238421;4,57384608;3,66874987;2,798789962;2,027936448;1,318224078;0,639981703
IND.LEI.CO2-INT (kg/sqm);127,0271671;118,6076747;106,94087;95,96587926;85,70403619;76,44532223;67,32315789;59,17739096;51,69960653;44,86345813;38,4704984;33,14518389;28,16742905;23,67635571;19,63968877;16,03607951;12,79871113;9,953345398;7,629059161;5,830806125;4,441421877;3,652609771;3,063698038;2,56714955;2,152113006;1,78555947;1,522527102;1,285671821;1,086060051;0,913171274;0,759508289
JAP.LEI.CO2-INT (kg/sqm);130,7270603;122,2768194;112,4979159;103,0772809;94,05282375;85,77117993;77,2706273;69,52575272;62,21059285;55,31974846;48,62685402;42,97207911;37,4608079;32,29928509;27,47202803;22,97881517;18,74975345;14,85419528;11,54319531;8,891398234;6,766516069;5,587273359;4,697025264;3,917030255;3,239762523;2,607758857;2,153775215;1,719241699;1,335576266;0,98373586;0,648915562
MAL.LEI.CO2-INT (kg/sqm);195,1229815;182,7321846;166,0510727;150,4080166;135,7739948;122,5720993;109,3675834;97,50092019;86,46385932;76,21345767;66,4114643;58,17776519;50,27026384;42,95515457;36,1990127;29,99064788;24,23003983;18,99932959;14,60664623;11,12518721;8,367151678;6,82199241;5,658447814;4,652324939;3,790720448;3,003566676;2,439519522;1,913461641;1,45934465;1,054514019;0,6821923
MEX.LEI.CO2-INT (kg/sqm);127,0835301;120,3167947;109,2653672;98,89941574;89,20070691;80,44358975;71,70104328;63,84107372;56,53616453;49,75982074;43,22117177;37,68522547;32,41338642;27,57569421;23,15059246;19,12897072;15,44735777;12,15153916;9,415366112;7,266300517;5,57970534;4,611608319;3,876219904;3,243915793;2,704534007;2,219012626;1,859819636;1,530289523;1,24597337;0,994801424;0,768640004
NZL.LEI.CO2-INT (kg/sqm);68,46357628;64,33875708;58,74779177;53,4000555;48,33207102;43,7198701;39,07670464;34,88491372;30,97574684;27,34095435;23,86716871;20,94765877;18,1506322;15,56947541;13,19231261;11,01439358;8,999901289;7,175659399;5,645906224;4,433740818;3,472841742;2,930083942;2,519134116;2,162554503;1,85559245;1,573855326;1,368502195;1,175557048;1,00665306;0,853856072;0,711219928
PHI.LEI.CO2-INT (kg/sqm);134,5245742;126,2502721;114,7489863;103,9599389;93,86388411;84,75321;75,6394298;67,44727633;59,82689807;52,74918422;45,98160722;40,29571833;34,83638407;29,78722971;25,12550855;20,84372306;16,87332781;13,27086104;10,24749058;7,852590687;5,956535879;4,89269149;4,091243804;3,398672959;2,805976699;2,265325602;1,877443478;1,51641592;1,205168761;0,928280472;0,674397137
SGP.LEI.CO2-INT (kg/sqm);185,0720066;175,4552338;160,3042487;145,8315517;132,0850283;119,5404404;106,8512579;95,3655093;84,62059397;74,59993813;64,99205305;56,905489;49,13570324;41,94944273;35,31808333;29,232733;23,59674456;18,48949855;14,20788127;10,81937085;8,13881169;6,634761173;5,501943138;4,523198786;3,685406199;2,920780579;2,371193622;1,858892806;1,416150036;1,021142228;0,657934369
KOR.LEI.CO2-INT (kg/sqm);110,5456588;104,7124701;95,81302578;87,30057426;79,20410572;71,8090849;64,30974028;57,51416586;51,14611584;45,19650396;39,47810242;34,66196307;30,0215635;25,71891726;21,73754791;18,07299503;14,66710299;11,56936824;8,964086301;6,896266755;5,255190642;4,336308909;3,643535;3,042735545;2,526389612;2,052270368;1,711064027;1,390590986;1,111697737;0,860683693;0,627308543
USA.LEI.CO2-INT (kg/sqm);96,09361966;89,77956974;82,48801388;75,57826558;69,01768603;62,89133945;56,61785067;50,90869193;45,52456008;40,4605226;35,5509671;31,40580376;27,37339785;23,60293164;20,08238413;16,81082401;13,73696963;10,91028212;8,511061379;6,591758297;5,05567112;4,202655323;3,558970626;2,995724756;2,507274477;2,052245728;1,725486447;1,413301828;1,138071614;0,886103705;0,646781387
AUS.DWC.CO2-INT (kg/sqm);198,1228312;185,5823365;171,0309355;156,9010246;143,3154347;130,8296766;117,9722894;106,2395796;95,13458226;84,6516226;74,44387285;65,81142401;57,37596877;49,45811993;42,03606555;35,1116071;28,57804749;22,54526677;17,40767142;13,28604391;9,977659013;8,143293875;6,757593353;5,541238324;4,483130655;3,493258879;2,781865846;2,099090023;1,49489612;0,939391018;0,409239988
BRA.DWC.CO2-INT (kg/sqm);38,46207504;36,0317567;33,21382969;30,52636821;27,96852071;25,63415234;23,22822201;21,03633372;18,95697285;16,98581972;15,02414257;13,34900976;11,70287139;10,15061496;8,688686047;7,318284672;6,018531173;4,812540255;3,782097463;2,95380223;2,287831791;1,92275286;1,648482149;1,40767838;1,198361217;1,001941767;0,862890165;0,728934634;0,610739229;0,502098253;0,398118919
CAN.DWC.CO2-INT (kg/sqm);49,64298183;46,45097851;42,77634559;39,28314427;35,9556428;32,8394576;29,63162278;26,70496986;23,93558047;21,32197254;18,7777112;16,62646284;14,5249307;12,55289526;10,70487016;8,981247588;7,355426882;5,854695203;4,57708263;3,552516072;2,730472653;2,275107051;1,931403207;1,629897633;1,367812587;1,122769194;0,946976969;0,778354291;0,629303334;0,492393773;0,361828075
CHI.DWC.CO2-INT (kg/sqm);84,11320063;79,09129855;73,26176787;67,75307678;62,53203645;57,78495901;52,81873034;48,27797728;43,92316799;39,73482845;35,55137373;31,99007475;28,40387985;24,84094572;21,36088835;18,04938304;14,85597827;11,85412602;9,259440846;7,152865143;5,441221223;4,502726156;3,792520669;3,161622956;2,606589224;2,077827264;1,698897736;1,328099644;0,994989333;0,683044885;0,379074792
HK.DWC.CO2-INT (kg/sqm);252,8134944;236,0344502;216,5402719;197,8347079;179,9847766;163,6488373;146,9759725;131,8283345;117,5741671;104,1965997;91,26046802;80,34964125;69,7633331;59,88685104;50,68594396;42,15523564;34,15940775;26,82362285;20,60914421;15,64598685;11,6805822;9,477304148;7,816067001;6,365115214;5,109152721;3,941893412;3,104391782;2,306265901;1,60415688;0,962948523;0,355517861
IND.DWC.CO2-INT (kg/sqm);87,88906699;82,01601573;75,17782205;68,59698152;62,30310742;56,52915474;50,64326618;45,29190923;40,26184607;35,55089387;31,01478891;27,18988021;23,5023718;20,08326232;16,92131765;14,01431541;11,31715982;8,869430579;6,816161718;5,191610881;3,907287367;3,193047233;2,658308915;2,197547961;1,804544864;1,446106458;1,192429801;0,956008238;0,752837468;0,572105273;0,40571676
JAP.DWC.CO2-INT (kg/sqm);116,2018314;108,6774292;99,87786566;91,41288454;83,31522841;75,89141356;68,28715632;61,36599793;54,83767269;48,69633236;42,74100841;37,71249373;32,81963532;28,24370658;23,97022013;19,99815753;16,26530996;12,8318857;9,917179061;7,585166655;5,718497263;4,682025139;3,899879494;3,215370485;2,621671891;2,068476066;1,671228224;1,291608583;0,956867673;0,650353782;0,359150625
MAL.DWC.CO2-INT (kg/sqm);135,0040088;126,3959457;116,4211471;106,9053696;97,84736683;89,57822316;81,06248667;73,30418787;65,94719993;58,97663112;52,14246878;46,35352534;40,64371785;35,23851037;30,1249491;25,30833263;20,71654626;16,4347011;12,75902809;9,790445947;7,391815168;6,064951466;5,059663508;4,17155265;3,394585143;2,662907775;2,136884754;1,629402837;1,179233243;0,764612441;0,368578767
MEX.DWC.CO2-INT (kg/sqm);87,9280641;83,13368888;77,33509436;71,73634784;66,34003219;61,37989805;56,14132676;51,32536636;46,68888367;42,22556015;37,68505679;33,78724011;29,87292607;26,11396883;22,5053153;19,05483146;15,70927178;12,53705392;9,779232818;7,530512881;5,695124353;4,708329886;3,968329027;3,30874927;2,727068213;2,167240098;1,775784916;1,387398984;1,038289833;0,709023718;0,383264251
NZL.DWC.CO2-INT (kg/sqm);47,36939332;44,48050356;41,09798702;37,80209778;34,62285998;31,69484197;28,66424539;25,89252114;23,26077514;20,76851298;18,33208897;16,26944549;14,24561219;12,33949962;10,54651807;8,867864048;7,277930062;5,80453665;4,546456215;3,535296896;2,722235854;2,274063219;1,936257322;1,639388284;1,380957386;1,138496626;0,965398019;0,798709175;0,651201497;0,515385563;0,385373798
PHI.DWC.CO2-INT (kg/sqm);93,07646215;87,31869427;80,594141;74,16255171;68,02440311;62,41164314;56,60455972;51,30367314;46,26224962;41,47114255;36,75559704;32,75714921;28,79700082;25,03495075;21,46286811;18,08557867;14,85267987;11,82589886;9,219237058;7,108368665;5,39800056;4,454468013;3,739376414;3,105753074;2,549812479;2,023939839;1,646114139;1,279776005;0,953633192;0,65188333;0,362102061
SGP.DWC.CO2-INT (kg/sqm);128,0498208;121,3433011;113,0013889;104,8137451;96,82540239;89,40878255;81,56058358;74,31666917;67,34439458;60,64885849;53,98629006;48,31901451;42,65209583;37,22828055;32,03985008;27,09717526;22,32533094;17,81920356;13,91142457;10,72822062;8,131830926;6,713439619;5,639536861;4,6804367;3,831708812;3,016731205;2,432069435;1,853969699;1,330677095;0,835775531;0,347554769
KOR.DWC.CO2-INT (kg/sqm);76,485645;72,4149406;67,37678392;62,43881825;57,62782657;53,16477645;48,45409119;44,11034967;39,93591127;35,93355378;31,9591947;28,58015742;25,20900981;21,98873303;18,91454485;15,99227484;13,177792;10,52642726;8,231836019;6,366181046;4,847566088;4,017597563;3,389947034;2,830819;2,337379836;1,865216829;1,527286856;1,194500912;0,894517188;0,612157027;0,334976176
USA.DWC.CO2-INT (kg/sqm);82,42372297;76,99395883;70,77969995;64,8844575;59,28085527;54,0429699;48,66973511;43,77557389;39,15469499;34,80348179;30,57913969;27,01064227;23,53427066;20,279763;17,23720606;14,40629815;11,74291844;9,290548048;7,206854581;5,538480889;4,202000294;3,460214499;2,900288767;2,409859685;1,984152336;1,587055593;1,301847231;1,028975005;0,788133904;0,567360611;0,357359817
AUS1.OFF.CO2-INT (kg/sqm);143,221529;134,189537;122,6263119;111,544825;101,0232472;91,43736701;81,75298317;72,99820111;64,81575386;57,18996796;49,87896348;43,73192756;37,82195997;32,35199198;27,29831172;22,65268012;18,33892997;14,41772203;11,12137382;8,506237366;6,431372883;5,273987325;4,403469297;3,648902362;3,000699652;2,404659362;1,977775234;1,575781222;1,225616589;0,909542311;0,614097645
AUS2.OFF.CO2-INT (kg/sqm);154,123425;144,4039257;131,7290616;119,610686;108,1307195;97,68836068;87,17615382;77,68986728;68,84518037;60,62275017;52,76397669;46,16405483;39,83959159;34,00298444;28,62700621;23,70075243;19,14240317;15,01328735;11,55234684;8,813674665;6,646686056;5,436204787;4,526674545;3,740635685;3,067430967;2,451004088;2,009895726;1,596486708;1,237833333;0,91565651;0,61618593
AUS3.OFF.CO2-INT (kg/sqm);158,312457;148,3287844;135,2267752;122,7099771;110,8617516;100,0902926;89,25999643;79,49263073;70,39347954;61,94178996;53,87253731;47,09859493;40,61486256;34,63737504;29,13755445;24,10347214;19,45113615;15,24213215;11,71794737;8,93180684;6,729419717;5,498536527;4,574015919;3,775884032;3,093072342;2,468811958;2,022237961;1,60444275;1,242527592;0,91800588;0,616988349
AUS5.OFF.CO2-INT (kg/sqm);95,674116;89,64061071;82,92567622;76,36646503;70,02479337;64,17434986;58,10042454;52,53601831;47,24185606;42,2182682;37,29629764;33,12447362;29,02228292;25,15137105;21,5033577;18,08162873;14,83467053;11,82022979;9,241732657;7,165383604;5,492308307;4,566493813;3,86612324;3,248817628;2,709658409;2,202531968;1,837685266;1,485476536;1,172334613;0,882875906;0,604989823
AUS6.OFF.CO2-INT (kg/sqm);181,29618;169,8630829;154,417481;139,7146811;125,8459502;113,2688358;100,6932968;89,38375018;78,88844433;69,17889033;59,95481368;52,22608279;44,86849755;38,11804972;31,93875034;26,31305143;21,14504384;16,49772185;12,62653838;9,579955909;7,183349778;5,840528528;4,833761132;3,969279133;3,233757416;2,566517379;2,0899554;1,648094713;1,268283319;0,930896029;0,621390937
AUS7.OFF.CO2-INT (kg/sqm);210,16604;196,9123203;178,5229311;161,0742938;144,6676056;129,822407;115,0546682;101,8079877;89,55897165;78,26941384;67,59476249;58,66672153;50,21148949;42,49012603;35,45733317;29,0885045;23,27276169;18,07486838;13,76781976;10,39409611;7,753531437;6,270104762;5,160027156;4,212202764;3,410471971;2,689245183;2,17501529;1,702925953;1,300635093;0,947087349;0,626921028
AUS1.RHS.CO2-INT (kg/sqm);269,2564745;252,2763295;227,8616367;204,792857;183,1915123;163,7040302;144,4493267;127,2377471;111,399261;96,87577302;83,2321052;71,8493328;61,14745231;51,43883202;42,65912038;34,76926389;27,62774548;21,30295032;16,10377887;12,06046714;8,920571457;7,149355522;5,827823993;4,709415531;3,772168906;2,940442774;2,349114712;1,815153786;1,366852263;0,980227521;0,638239944
AUS2.RHS.CO2-INT (kg/sqm);289,752039;271,4793804;244,9748062;219,9566756;196,5535602;175,4558983;154,6448875;136,0580795;118,9745828;103,3294036;88,65593003;76,42173206;64,94059976;54,54269785;45,15706604;36,73963983;29,13827509;22,42261313;16,91400816;12,63844926;9,325360222;7,454324352;6,05944986;4,881874177;3,897623776;3,027570859;2,409501235;1,8540801;1,389819741;0,991722217;0,642165919
AUS3.RHS.CO2-INT (kg/sqm);297,6274192;278,8581147;251,5505078;225,783343;201,6879007;179,9715304;158,5625116;139,4472748;121,8853853;105,8091984;90,740024;78,17866745;66,39810918;55,73535217;46,11689672;37,49675289;29,71869311;22,85284135;17,22533716;12,86053775;9,480899505;7,571508022;6,148451641;4,948141071;3,945829563;3,061049653;2,432704638;1,869037459;1,398644949;0,996139031;0,643674467
AUS5.RHS.CO2-INT (kg/sqm);179,8673381;168,5243481;153,2244417;138,6575402;124,9144191;112,449558;99,98251646;88,76884345;78,36033312;68,72897747;59,57669341;51,90731939;44,60405945;37,90166468;31,76460683;26,17568728;21,03973774;16,41966491;12,5700535;9,539662064;7,155130055;5,81926772;4,817613406;3,957256232;3,225011369;2,560443272;2,085745572;1,645380977;1,266682148;0,93009468;0,621117238
AUS6.RHS.CO2-INT (kg/sqm);340,8368184;319,3425958;287,6290346;257,7521864;229,8581939;204,7471916;180,0571164;158,0425794;137,8559191;119,4149471;102,1747036;87,81834463;74,39494297;62,27902058;51,383145;41,65076195;32,90323955;25,21334999;18,93348825;14,079058;10,33428802;8,214452983;6,636772642;5,311723859;4,210317502;3,244735846;2,560013422;1,951103148;1,447065715;1,020372512;0,651951332
AUS7.RHS.CO2-INT (kg/sqm);395,1121552;370,1951622;332,9472809;297,9082584;265,2429061;235,8679055;207,0564946;181,4001459;157,9165104;136,5051313;116,5378073;99,92674546;84,43976782;70,49852404;57,99808072;46,86861373;36,90334911;28,17838546;21,07909724;15,60964158;11,40622954;9,022056304;7,250152768;5,768420287;4,542540865;3,475464118;2,719926017;2,05418588;1,507887051;1,050812193;0,662347904
AUS1.RSM.CO2-INT (kg/sqm);221,99337;207,9639531;188,4956508;170,0293567;152,6713111;136,9690022;121,3560141;107,3547255;94,41225747;82,48765112;71,21720842;61,79254718;52,87092978;44,72686431;37,31212126;30,60027754;24,47419678;19,00152472;14,46862447;10,91926185;8,142279449;6,581975212;5,414559917;4,418191339;3,575754686;2,818350696;2,2784066;1,783040629;1,361159765;0,990655539;0,655412105
AUS2.RSM.CO2-INT (kg/sqm);238,8913088;223,7939851;202,6008585;182,5260423;163,6815382;146,6510429;129,7546279;114,6194257;100,650609;87,80149277;75,68245726;65,5562854;55,99276507;47,28102338;39,36736092;32,22120212;25,71664106;19,92233177;15,13485229;11,39444651;8,47502278;6,832625961;5,604901196;4,559889104;3,678816406;2,889915516;2,327998725;1,815003587;1,380015685;1,000090983;0,658634231
AUS3.RSM.CO2-INT (kg/sqm);245,3843084;229,8766436;208,0207567;187,3278691;167,9121962;150,371348;132,9817787;117,4108725;103,0476832;89,84332593;77,3982203;67,00249437;57,19232411;48,26245396;40,1570827;32,84403919;26,19404782;20,27615006;15,39084901;11,57703527;8,602878748;6,928938016;5,678039456;4,61433619;3,718417668;2,917414156;2,347054401;1,827285291;1,387261035;1,003716533;0,659872327
AUS5.RSM.CO2-INT (kg/sqm);148,2948798;138,9230202;126,9773485;115,5264453;104,6514242;94,74185307;84,72638905;75,67053923;67,20437778;59,31191881;51,74251974;45,37741945;39,25539064;33,58718216;28,34842092;23,53079436;19,05541353;14,98552669;11,56294557;8,846796569;6,691056231;5,48878971;4,584407492;3,800192219;3,126262402;2,506228656;2,062116036;1,643637724;1,278921758;0,949503897;0,641359159
AUS6.RSM.CO2-INT (kg/sqm);281,009079;263,2500193;237,7578029;213,6737781;191,1243061;170,7833334;150,6880029;132,726544;116,1995737;101,0461355;86,81199956;74,93732668;63,7738763;53,64721314;44,49000415;36,26132381;28,81340827;22,21742468;16,79541163;12,57883464;9,304378795;7,457367876;6,079322979;4,913067913;3,935695654;3,068289379;2,451606091;1,894670613;1,427013683;1,023608634;0,666665316
AUS7.RSM.CO2-INT (kg/sqm);325,757362;305,1703245;275,1105139;246,7668808;220,2810431;196,4228331;172,9287954;151,9645627;132,7196666;115,1179872;98,63664995;84,90427145;72,04096559;60,41101045;49,93258783;40,55377584;32,10358756;24,6558602;18,55968307;13,83719506;10,18553317;8,12112875;6,583375309;5,288304901;4,208618585;3,257803782;2,582933495;1,979313333;1,476946994;1,048595107;0,67519799
AUS1.RWH.CO2-INT (kg/sqm);98,97539535;92,72040186;85,80892091;79,05276064;72,51621951;66,48318423;60,21361792;54,46728624;48,99669678;43,80257571;38,70993788;34,39231466;30,14378781;26,13243811;22,34985733;18,79985259;15,42913034;12,29799602;9,618447318;7,459890009;5,719888697;4,757223224;4,028864365;3,386623394;2,825459391;2,297354661;1,917373055;1,55034844;1,223887576;0,921964964;0,63195484
AUS2.RWH.CO2-INT (kg/sqm);106,5093148;99,77819677;92,09770559;84,62438829;77,42511195;70,79990688;63,95812673;57,70624144;51,77805599;46,17174366;40,70076207;36,07037144;31,53565317;27,27120592;23,2661827;19,52253927;15,98307217;12,7085364;9,915483944;7,671750341;5,868241788;4,868975467;4,113727726;3,44979912;2,871409296;2,329261723;1,939483626;1,564599075;1,232294458;0,926171742;0,63339142
AUS3.RWH.CO2-INT (kg/sqm);109,4042085;102,4901405;94,51415868;86,76527521;79,31134417;72,45859903;65,39694684;58,95080358;52,84678778;47,08209177;41,46573232;36,71516143;32,07047469;27,70877521;23,61827891;19,8002302;16,19592322;12,86628572;10,02961968;7,753157255;5,925246171;4,911916045;4,146336304;3,474074268;2,889065457;2,341521949;1,947979569;1,570074853;1,235524786;0,927788188;0,633943423
AUS5.RWH.CO2-INT (kg/sqm);66,11703926;61,93861038;58,38108244;54,75272319;51,10662834;47,6562761;43,88235714;40,34094156;36,86610635;33,46971186;30,02717852;27,07365574;24,07332107;21,16582832;18,3534056;15,64793462;13,01317434;10,50746961;8,322954944;6,535884617;5,072863104;4,269828185;3,65874221;3,111089457;2,625053962;2,158195539;1,820940247;1,488195874;1,187221889;0,90361757;0,625689356
AUS6.RWH.CO2-INT (kg/sqm);125,2874565;117,3696076;107,7723741;98,51155738;89,66042695;81,55925066;73,29123909;65,77927168;58,71053751;52,07684681;45,66285102;40,25289396;35,0048494;30,10956163;25,55010514;21,32382118;17,36376097;13,73179997;10,65584172;8,199807928;6,238008865;5,147515668;4,325247933;3,607263337;2,985938506;2,40878943;1,994593776;1,600118493;1,253248442;0,93665705;0,636972067
AUS7.RWH.CO2-INT (kg/sqm);145,2384082;136,0597099;124,4260216;113,2660652;102,6599123;92,99058136;83,20726149;74,35651211;66,07599496;58,35075981;50,93485283;44,69664063;38,69071817;33,12519004;27,97667253;23,23760417;18,83068224;14,81897262;11,44243937;8,760845945;6,630870161;5,443452412;4,549978872;3,774562159;3,107620766;2,493284129;2,053145893;1,637856316;1,27551113;0,94779723;0,640776346
AUS1.HOT.CO2-INT (kg/sqm);193,1678918;180,9601719;164,4341744;148,71179;133,8894311;120,452819;107,0291743;94,96218098;83,77051787;73,42299371;63,60012954;55,37214556;47,54552318;40,36983252;33,80617497;27,83521095;22,3547637;17,43075898;13,33213465;10,10866448;7,574666692;6,154400716;5,08986479;4,176475124;3,399946064;2,696271302;2,193809494;1,728516372;1,32899425;0,974560016;0,649915617
AUS2.HOT.CO2-INT (kg/sqm);207,8716607;194,7347;176,7078438;159,5858013;143,469998;128,8776625;114,3372419;101,2835717;89,19882956;78,04684165;67,48557307;58,64716848;50,26199323;42,59233819;35,5945451;29,24566111;23,43587861;18,23200073;13,91185387;10,52214718;7,864203843;6,372504872;5,255490564;4,299773664;3,489625387;2,758543546;2,236962162;1,756328992;1,34540176;0,982770282;0,652719355
AUS3.HOT.CO2-INT (kg/sqm);213,5215549;200,0275352;181,423977;163,7641186;147,151312;132,114892;117,1453524;103,7125536;91,2846476;79,82354609;68,97854707;59,90558957;51,30579148;43,4463316;36,28172279;29,7876238;23,85129488;18,53987629;14,13460984;10,68102709;7,975457921;6,456310963;5,31913194;4,347150885;3,524084489;2,782471533;2,25354349;1,767015937;1,351706313;0,985925061;0,653796686
AUS5.HOT.CO2-INT (kg/sqm);129,0390308;120,8840919;110,9039237;101,285993;92,1048484;83,70879652;75,15584659;67,3921348;60,09553712;53,25659255;46,65419752;41,08849547;35,69793966;30,67661998;26,00639654;21,68368867;17,63960064;13,93623176;10,80375343;8,30530544;6,311882449;5,203163573;4,367506308;3,638722185;3,008819622;2,424677801;2,005603908;1,607214708;1,257434715;0,938751848;0,637687423
AUS6.HOT.CO2-INT (kg/sqm);244,520507;229,0674323;207,2997162;186,6890542;167,3493672;149,8764142;132,5524521;117,0395101;102,7287865;89,57168903;77,1699624;66,81009681;57,03273982;48,13188856;40,05202144;32,76117956;26,13053563;20,22907956;15,35679228;11,55274443;8,585869327;6,916125065;5,66830945;4,607092779;3,713149282;2,913755853;2,344519314;1,825651384;1,386297144;1,003234205;0,659707616
AUS7.HOT.CO2-INT (kg/sqm);283,4582982;265,544454;239,8022384;215,4850714;192,7201493;172,1866666;151,9053139;133,7795034;117,1037722;101,8163337;87,45920116;75,48285001;64,226361;54,01741779;44,78789447;36,49626368;28,99349049;22,35088819;16,89197595;12,6477088;9,352607242;7,493697669;6,106911404;4,933605854;3,950633615;3,078662119;2,458794068;1,899303385;1,429746696;1,024976225;0,667132337
AUS1.DWW.CO2-INT (kg/sqm);63,01747276;59,03492861;55,79378291;52,46047273;49,087037;45,88031221;42,34181054;39,00838723;35,72181381;32,49500093;29,20812385;26,38327824;23,50068697;20,69732231;17,97641572;15,35061057;12,78527443;10,33856719;8,200749659;6,448722126;5,011828436;4,22385165;3,623828162;3,085098024;2,606149487;2,1450685;1,811843629;1,482332951;1,183763173;0,901886839;0,625098326
AUS2.DWW.CO2-INT (kg/sqm);67,814307;63,52861512;59,79784185;56,00791897;52,21252081;48,62876248;44,72593319;41,07062472;37,49270069;34,0034463;30,47567836;27,45169425;24,38688537;21,42237392;18,55983859;15,810744;13,13796829;10,59995758;8,389872395;6,583613254;5,106284607;4,295004121;3,677860525;3,125321906;2,635405717;2,165383674;1,825921394;1,491406307;1,189115821;0,904565287;0,626012994
AUS3.DWW.CO2-INT (kg/sqm);69,65748108;65,25530528;61,3363936;57,37101817;53,41348178;49,68484907;45,6420276;41,8630354;38,17316047;34,58306346;30,96273367;27,86223099;24,72740536;21,70097357;18,78401768;15,98754936;13,27349021;10,70039632;8,462542432;6,635444903;5,142579205;4,322344317;3,698622354;3,140777853;2,646647366;2,17318974;1,831330747;1,494892726;1,191172566;0,905594476;0,626364453
AUS5.DWW.CO2-INT (kg/sqm);42,09661104;39,43621219;38,33052289;36,98867853;35,45558522;33,89325052;31,94372344;30,01416661;27,99828667;25,91608337;23,67982513;21,72350004;19,63563069;17,53508996;15,43188143;13,34378954;11,24703919;9,198541943;7,375911778;5,8604094;4,599868297;3,913528024;3,388171989;2,909666016;2,478551677;2,056466114;1,750445017;1,442760513;1,16041819;0,890205082;0,621109103
AUS6.DWW.CO2-INT (kg/sqm);79,7703192;74,72903773;69,7778777;64,84985687;60,00272591;55,47921911;50,6683106;46,2107099;41,90660036;37,76321584;33,6350323;30,11469951;26,59571695;23,22955037;20,01400828;16,95761725;14,0170506;11,25146782;8,861256982;6,919826658;5,341714702;4,472350213;3,812535096;3,225579116;2,708326278;2,216018835;1,861009936;1,514021462;1,202457188;0,911241266;0,628292786
AUS7.DWW.CO2-INT (kg/sqm);92,4730576;86,62899534;80,38122791;74,24402796;68,27947703;62,75752872;56,98182589;51,6718249;46,5961751;41,75780602;36,99170725;32,94402577;28,94250358;25,14959605;21,55899978;18,17611977;14,95103698;11,94366888;9,362082424;7,277038648;5,591848848;4,660772655;3,955620918;3,332098003;2,785801175;2,269816472;1,898289974;1,538049073;1,216631806;0,9183342;0,630714964
AUS1.DWC.CO2-INT (kg/sqm);183,3235571;171,7379741;156,2168181;141,4315201;127,4751363;114,8122939;102,1363429;90,7299405;80,13620361;70,32727675;60,99878244;53,17948176;45,72681666;38,88184058;32,60884154;26,89089909;21,6309454;16,89431884;12,94400627;9,831833272;7,380818392;6,008377589;4,978976517;4,093925398;3,339904773;2,654579351;2,16491831;1,709895518;1,318009243;0,969063153;0,648038483
AUS2.DWC.CO2-INT (kg/sqm);197,277984;184,8105167;167,8649896;151,7513637;136,5674529;122,8077855;109,0719725;96,72917684;85,28787452;74,71548147;64,68621374;56,28760106;48,30484838;40,99108162;34,30607171;28,22946906;22,6569639;17,65472724;13,4941815;10,22424382;7,655599981;6,215366595;5,136161573;4,210940326;3,425013806;2,713678041;2,205871806;1,736290735;1,333580583;0,976855003;0,650699336
AUS3.DWC.CO2-INT (kg/sqm);202,639945;189,8336154;172,3407764;155,7167432;140,0611575;125,8800374;111,7369744;99,03437155;87,26739389;76,40164046;66,10310193;57,48188976;49,29545198;41,80155332;34,95822905;28,74381193;23,05120948;17,94691266;13,70558525;10,3750268;7,761184264;6,294901711;5,196559621;4,255903081;3,457716783;2,736386595;2,221608106;1,746433045;1,33956384;0,979849006;0,651721763
AUS5.DWC.CO2-INT (kg/sqm);122,4628685;114,7235264;105,4146071;96,42266421;87,82000391;79,94084164;71,88736228;64,56493508;57,66776103;51,18860749;44,91645889;39,62376338;34,4830166;29,68261919;25,20655996;21,05287427;17,15607923;13,57788175;10,54447789;8,120378068;6,182388895;5,105617948;4,293431288;3,583577738;2,968711144;2,396826957;1,986304166;1,5947757;1,250096566;0,935079861;0,63643347
AUS6.DWC.CO2-INT (kg/sqm);232,0591104;217,3935643;196,8978211;177,4733648;159,2298677;142,7363866;126,3588886;111,6821519;98,12830993;85,65299285;73,87706158;64,03452547;54,73054024;46,2483222;38,53638354;31,56582762;25,21429424;19,55002977;14,86548212;11,20231918;8,340487529;6,731282498;5,527942143;4,502597665;3,637146347;2,860980328;2,307947567;1,802080279;1,372391833;0,996276031;0,657331457
AUS7.DWC.CO2-INT (kg/sqm);269,0125312;252,0116228;227,7439308;204,8018626;183,3076892;163,909651;144,7254785;127,5690319;111,7707092;97,27361882;83,64193416;72,26529277;61,55755591;51,83390965;43,03090425;35,1105622;27,93134553;21,56370556;16,32242886;12,24148134;9,068150499;7,279420511;5,944191809;4,812470791;3,862527864;3,017482544;2,416398584;1,871978783;1,413627083;1,016910021;0,664377795
AUS1.HEC.CO2-INT (kg/sqm);213,4000782;199,9137355;181,7107647;165,3482451;150,5509654;137,5854066;124,6212579;113,2021955;102,4978947;92,46718597;82,64200055;74,44063929;66,14624336;58,26645519;50,69571116;43,43237464;36,33947322;29,56003882;23,60821322;18,68327815;14,59584037;12,35232083;10,60191521;9,02268649;7,619026253;6,26798787;5,292646581;4,325455582;3,451273521;2,627089398;1,819298949
AUS2.HEC.CO2-INT (kg/sqm);229,6439033;215,1309921;195,2995129;177,5014404;161,4311391;147,3654618;133,3372888;120,994762;109,4443332;98,63850139;88,07510472;79,26263963;70,36889474;61,93309408;53,8411798;46,08994919;38,53277071;31,32022474;24,99539653;19,76674098;15,43134274;13,05037887;11,19347886;9,519842535;8,03365863;6,604936638;5,573736767;4,552442211;3,630254063;2,761743259;1,911476304
AUS3.HEC.CO2-INT (kg/sqm);235,8855609;220,9781929;200,5209625;182,1712817;165,6118243;151,1234287;136,6864064;123,9890403;112,1134884;101,0098171;90,16276426;81,11548374;71,99144019;63,34199283;55,04981992;47,11111696;39,37554094;31,9965727;25,52841897;20,18305944;15,75238288;13,3186063;11,42078603;9,710873763;8,192980302;6,734408536;5,681745115;4,639661375;3,699026983;2,81348374;1,94689527
AUS5.HEC.CO2-INT (kg/sqm);142,5544328;133,5453549;122,4449435;112,3434287;103,0982919;94,9307782;86,60725394;79,215779;72,20177197;65,55167666;58,94611797;53,41001839;47,72961665;42,27481541;36,97709777;31,84165732;26,77364893;21,8831827;17,55816676;13,9578749;10,95188921;9,307817911;8,021875769;6,854395413;5,810653022;4,798423106;4,06670284;3,335478517;2,670669695;2,039811482;1,417277616
AUS6.HEC.CO2-INT (kg/sqm);270,1313082;253,0596959;229,1691924;207,7930336;188,5497516;171,7420513;155,0618191;140,4175763;126,7581904;114,0203801;101,6170068;91,28137784;80,89376778;71,07211726;61,68119669;52,71389993;43,99952029;35,7074525;28,45292281;22,46725015;17,51381549;14,79027441;12,6679393;10,75899391;9,067121434;7,444774617;6,274348363;5,118201787;4,076359438;3,097365282;2,141226494
AUS7.HEC.CO2-INT (kg/sqm);313,1473996;293,3572797;265,1542409;239,9765223;217,3620877;197,6411081;178,1431795;161,0534642;145,1534041;130,3629514;116,0046837;104,0507599;92,07598362;80,78192843;70,01087066;59,75155698;49,80770187;40,36868952;32,1263928;25,33642266;19,72635142;16,63883709;14,23448883;12,07553788;10,16513032;8,337065623;7,018717445;5,719296514;4,550326827;3,453948956;2,385325991
AUS1.LEI.CO2-INT (kg/sqm);264,9598287;248,2150408;224,3610205;201,8047308;180,6670609;161,5875671;142,7112042;125,8267088;110,2745395;95,9991782;82,57101506;71,36261987;60,80883324;51,22133512;42,53798762;34,72180916;27,63336498;21,3428646;16,16264469;12,12751583;8,98834729;7,219305905;5,898541472;4,77848683;3,837810145;3,000318858;2,4045047;1,864312974;1,40910479;1,01464708;0,663605019
AUS2.LEI.CO2-INT (kg/sqm);285,1283363;267,1089499;241,1962684;216,7201297;193,8082996;173,1435512;152,7353562;134,4974801;117,7203139;102,3415053;87,90050561;75,85482354;64,53489471;54,26984756;44,99101561;36,65646107;29,11628235;22,44189236;16,95781983;12,69467171;9,385492557;7,518469702;6,125722999;4,947609968;3,960819294;3,085734932;2,463695301;1,902462312;1,431610243;1,025908738;0,667450782
AUS3.LEI.CO2-INT (kg/sqm);292,8780455;274,3688972;247,6651791;222,4513423;198,8577947;177,5839152;156,5871169;137,8292068;120,581338;104,778532;89,94835182;77,58094393;65,96662647;55,44123244;45,93358676;37,39984725;29,68609042;22,86419161;17,2633643;12,91260024;9,538094841;7,633422799;6,213017052;5,0125952;4,008085317;3,11855589;2,486439172;1,917121119;1,440257919;1,030236008;0,668928509
AUS5.LEI.CO2-INT (kg/sqm);176,9971146;165,8113467;150,93595;136,7528688;123,3530023;111,1874213;98,99197435;88,01009939;77,80061862;68,33782028;59,3270318;51,77037064;44,55802846;37,92558546;31,83937754;26,28403891;21,16578497;16,54957662;12,69457633;9,653928236;7,256242159;5,914536111;4,907714384;4,040874977;3,301319354;2,6277861;2,146351446;1,697928862;1,310949749;0,965530604;0,646832147
AUS6.LEI.CO2-INT (kg/sqm);270,1313082;253,0596959;228,677807;205,6292418;184,0366532;164,5506785;145,2815331;128,0500124;112,1837373;97,6254371;83,93756889;72,51448196;61,76424606;52,00301515;43,16697735;35,21788021;28,01360515;21,62467026;16,36653841;12,27294231;9,090180736;7,29601557;5,956793905;4,821852302;3,869351364;3,022220701;2,419681975;1,874094983;1,414875494;1,017534722;0,664591125
AUS7.LEI.CO2-INT (kg/sqm);388,807174;364,2355486;327,7400506;293,3946789;261,3625474;232,5485911;204,2658142;179,0707081;155,9962859;134,9450632;115,2974453;98,94758109;83,68919856;69,94112245;57,60112515;46,601791;36,73941205;28,09158759;21,04552109;15,6102103;11,42706948;9,056360127;7,293579199;5,817009468;4,593163832;3,524827379;2,767972285;2,098573943;1,547302451;1,083800757;0,687220429
AUS1.Resi.CO2-INT (kg/sqm);67,70987253;63,13212023;57,91778205;52,89297996;48,09662641;43,71057709;39,24292511;35,18769419;31,3766552;27,80484389;24,35680387;21,4502388;18,63533416;16,01339819;13,57494125;11,31807427;9,206817538;7,273565763;5,63842364;4,334305134;3,293846917;2,715141217;2,278970555;1,898602698;1,569860847;1,26502363;1,046331132;0,83844974;0,655945133;0,489679109;0,33261903
AUS2.Resi.CO2-INT (kg/sqm);74,74495546;69,50292102;63,58767692;57,90988713;52,51071807;47,58644577;42,59963908;38,08617069;33,86093309;29,91658518;26,12728725;22,93884047;19,86663557;17,01768983;14,38026224;11,9507331;9,689597445;7,629540714;5,894456757;4,515651699;3,419783575;2,809058821;2,349410004;1,950221336;1,606638676;1,289852321;1,062848399;0,848430043;0,66117863;0,491643228;0,33261903
AUS3.Resi.CO2-INT (kg/sqm);65,54288787;61,16975139;56,17131007;51,34764482;46,73697379;42,51671086;38,20897174;34,29488963;30,61143436;27,15437381;23,81144991;20,99171158;18,25606197;15,70405079;13,32688188;11,12319924;9,058109034;7,163916415;5,559558921;4,278445775;3,25505522;2,686212204;2,257273412;1,882702843;1,55853234;1,257375761;1,041243393;0,835375553;0,654333083;0,48907411;0,33261903
AUS5.Resi.CO2-INT (kg/sqm);40,33846945;38,34524028;35,85791732;33,37369501;30,92271626;28,63073157;26,18295523;23,91058926;21,71107313;19,5886903;17,46838267;15,65853502;13,84470872;12,10599987;10,44167817;8,856588036;7,328465347;5,888573723;4,642275375;3,6287399;2,803865057;2,349735917;2,004911732;1,69777002;1,426769319;1,168422622;0,982067387;0,799619368;0,635583163;0,482037309;0,33261903
AUS6.Resi.CO2-INT (kg/sqm);64,45166308;60,18156465;55,29184215;50,56946303;46,05229583;41,91551767;37,6883056;33,84530156;30,2260934;26,8268177;23,53682694;20,76081181;18,06507252;15,54827325;13,20196704;11,02506636;8,983224146;7,108700479;5,519845149;4,250316772;3,235520951;2,67164447;2,246347418;1,87469618;1,552827663;1,253524537;1,038681369;0,83382749;0,653521305;0,488769452;0,33261903
AUS7.Resi.CO2-INT (kg/sqm);51,72082187;48,65282306;45,03147536;41,49075717;38,06445821;34,90166024;31,61392197;28,60015458;25,73048935;23,0053641;20,33292116;18,0670054;15,83688233;13,73088496;11,74464041;9,88019299;8,10957498;6,464520358;5,056521973;3,922148028;3,007623198;2,501689103;2,118878638;1,781285955;1,486273693;1,20859399;1,008791358;0,815766914;0,644050654;0,485215139;0,33261903
USA-NY.OFF.CO2-INT (kg/sqm);39,0075575;36,44752991;34,50577604;32,55032297;30,58044117;28,6473584;26,49523154;24,45940943;22,44281935;20,45476469;18,4212931;16,67072965;14,87836849;13,13089503;11,43110587;9,787650254;8,179352147;6,643390688;5,300221245;4,198915427;3,295418665;2,800653069;2,424138114;2,086083294;1,785610652;1,496334091;1,28769026;1,081387473;0,894628163;0,718446946;0,545547223
USA-LA.OFF.CO2-INT (kg/sqm);35,48638005;33,16794946;30,94427249;28,7854438;26,68506996;24,68187002;22,55337228;20,58178307;18,67921244;16,84890349;15,02700286;13,47369692;11,92266148;10,44038935;9,025896431;7,682877131;6,392329873;5,180073608;4,133485795;3,284258875;2,594718025;2,214917026;1,926904223;1,67104159;1,445887529;1,231952499;1,077916328;0,927636226;0,79296442;0,667346822;0,545547223
USA-CHI.OFF.CO2-INT (kg/sqm);64,961492;60,70192853;55,6719127;50,91790698;46,41652461;42,22331994;37,94828948;34,0662747;30,41584288;26,99242975;23,68505496;20,89630759;18,19320353;15,67351707;13,32829941;11,15593459;9,121869186;7,257596773;5,679569667;4,420129846;3,414571004;2,855405064;2,433805455;2,065831566;1,747522094;1,452016972;1,239912529;1,038030808;0,860580187;0,698697272;0,545547223
USA-HOU.OFF.CO2-INT (kg/sqm);44,331829;41,4224217;38,8936618;36,40281097;33,94507175;31,57335088;29,00327614;26,60108383;24,25646829;21,97641525;19,67903941;17,71175509;15,72474346;13,80820536;11,96288463;10,1957461;8,482845556;6,861001148;5,452078969;4,303023047;3,365304732;2,850275956;2,459043043;2,109663678;1,800692565;1,505192816;1,29224511;1,083090397;0,894699041;0,717965586;0,545547223
USA-PHO.OFF.CO2-INT (kg/sqm);49,1535255;45,93676793;42,30080291;38,84626791;35,55750581;32,47915333;29,31346005;26,42653368;23,69645509;21,12158915;18,61703448;16,49980935;14,43323332;12,49534345;10,68061122;8,989263155;7,395143498;5,924780639;4,67370759;3,670805338;2,866431775;2,420289859;2,083385879;1,787916301;1,531115626;1,291159031;1,118773696;0,953536466;0,807480188;0,673364158;0,545547223
USA-PHI.OFF.CO2-INT (kg/sqm);64,46364;60,23344629;55,46816139;50,93877754;46,62490432;42,58550829;38,42871196;34,63671288;31,04918067;27,6641454;24,36984901;21,58447895;18,86431869;16,31240881;13,92160138;11,69233833;9,590217428;7,650398017;5,999266166;4,675245399;3,612976583;3,023902369;2,5790139;2,188706971;1,849367311;1,532140875;1,304230657;1,085663619;0,892393229;0,71484314;0,545547223
USA-SA.OFF.CO2-INT (kg/sqm);39,942539;37,32678806;34,9238608;32,57650737;30,27881978;28,07622988;25,71563483;23,52032598;21,39113723;19,3329076;17,27288464;15,51308136;13,74670371;12,05150672;10,42718085;8,878836638;7,384995629;5,976575616;4,75710289;3,765236919;2,957965397;2,513912501;2,176903326;1,876777639;1,612056178;1,359746687;1,17800599;1,000130546;0,84034111;0,69088669;0,545547223
USA-SD.OFF.CO2-INT (kg/sqm);34,824335;32,54934087;30,39910403;28,30722275;26,26781503;24,31939877;22,24304002;20,31712632;18,45541288;16,66143609;14,87232575;13,34593176;11,81902464;10,35767202;8,961148514;7,633362032;6,355654978;5,153898963;4,115317568;3,271880375;2,586466598;2,209117165;1,922881684;1,668377143;1,444233122;1,231024187;1,077488497;0,927526743;0,793023695;0,667441129;0,545547223
USA-DAL.OFF.CO2-INT (kg/sqm);36,6505715;34,25554914;31,91606745;29,65060863;27,45204622;25,3596798;23,14452801;21,09616354;19,12379488;17,23030056;15,35000174;13,7482983;12,15259273;10,63048106;9,180626577;7,806469003;6,488395052;5,252361931;4,18665749;3,322860736;2,622254497;2,236120994;1,943415037;1,683677377;1,455359944;1,238730443;1,082783951;0,930866531;0,794882724;0,668204395;0,545547223
USA-SJ.OFF.CO2-INT (kg/sqm);35,589705;33,26440733;31,03486395;28,87024134;26,76413602;24,75539359;22,62086914;20,64363814;18,73555027;16,89986628;15,07253883;13,51458246;11,95884122;10,47202344;9,05314757;7,705925353;6,411298663;5,195175077;4,145224467;3,293252875;2,601470449;2,220438824;1,931490955;1,67479263;1,448898985;1,234255931;1,079709465;0,928927663;0,793803624;0,667761424;0,545547223
USA-AUS.OFF.CO2-INT (kg/sqm);37,9673585;35,48579156;33,00983134;30,61919504;28,30585858;26,10968473;23,79444811;21,65778508;19,6056258;17,64037414;15,69432632;14,03832394;12,39301635;10,82710093;9,338800006;7,931215467;6,584044954;5,32330695;4,238055449;3,359587118;2,648033863;2,2555706;1,9582022;1,694694122;1,463370171;1,24427704;1,086594252;0,933268797;0,796219259;0,668752767;0,545547223
USA-JAC.OFF.CO2-INT (kg/sqm);48,744818;45,55492177;41,96135417;38,54570276;35,29258945;32,24647681;29,11186202;26,25235176;23,54704445;20,99445267;18,51030329;16,40992863;14,35874199;12,43443959;10,63163004;8,950645083;7,365542799;5,902833203;4,657813282;3,659452688;2,858466351;2,414283489;2,078822312;1,784518892;1,528647549;1,2894517;1,117602431;0,952799249;0,807070946;0,673196784;0,545547223
USA-WDC.OFF.CO2-INT (kg/sqm);61,5012875;57,47300747;52,55582375;47,92628324;43,56029368;39,50774864;35,40300014;31,68770047;28,20918982;24,96136606;21,84034982;19,2140685;16,68260574;14,33428799;12,15944057;10,15510922;8,288677331;6,58722306;5,153394944;4,013386228;3,106769699;2,601489687;2,221033597;1,890367906;1,605523637;1,342617484;1,154061295;0,975736464;0,819795753;0,678396355;0,545547223
USA-SF.OFF.CO2-INT (kg/sqm);39,02238945;36,47155789;33,88139621;31,38642897;28,97785239;26,69589798;24,29864133;22,08994265;19,97310857;17,95010768;15,95164893;14,25253188;12,56829769;10,96839676;9,450660897;8,017877373;6,649194222;5,370595027;4,27151486;3,382888134;2,663949391;2,267150077;1,966616441;1,700628391;1,467400276;1,246849014;1,088149898;0,934088323;0,796554272;0,668819794;0,545547223
USA-BOS.OFF.CO2-INT (kg/sqm);66,1117475;61,78045959;56,38477252;51,31640657;46,54811849;42,13176268;37,6763418;33,65170964;29,89372836;26,39462659;23,04343974;20,22709422;17,52206964;15,02053124;12,71125532;10,59009893;8,62203314;6,834339354;5,332317355;4,141153561;3,196394364;2,669050767;2,272346693;1,928552309;1,633249115;1,361786335;1,167201199;0,983999071;0,824376533;0,680266363;0,545547223
USA-NY.RHS.CO2-INT (kg/sqm);62,83253274;58,69731367;55,56079371;52,40214539;49,22019032;46,09767681;42,62134082;39,33287219;36,07546911;32,86415937;29,57948754;26,75179795;23,85659242;21,03389411;18,28822035;15,63354232;13,0356543;10,55461185;8,38498684;6,606044753;5,146624138;4,347428014;3,73924245;3,19318164;2,707827418;2,240558253;1,903535343;1,570293927;1,268621139;0,984035172;0,70474981
USA-LA.RHS.CO2-INT (kg/sqm);57,16069601;53,41467217;49,8217473;46,33360158;42,93990479;39,70321753;36,2640793;33,07846736;30,00437277;27,04703561;24,10328426;21,59351703;19,08741841;16,69242467;14,40694578;12,23695098;10,15173833;8,193025018;6,501991907;5,129846328;4,015714867;3,402048189;2,936689068;2,523276853;2,159482275;1,813814941;1,564929694;1,322113348;1,104516239;0,901548542;0,70474981
USA-CHI.RHS.CO2-INT (kg/sqm);104,6385709;97,76585163;89,65002305;81,97953119;74,71664199;67,95099125;61,05331626;54,7897641;48,89986636;43,37625867;38,03987649;33,54028914;29,17888553;25,11342251;21,32946135;17,82439475;14,54247145;11,5345057;8,988390953;6,956310331;5,333861522;4,431658614;3,751416191;3,15769778;2,644111899;2,167320375;1,825094156;1,499362091;1,213049111;0,95185431;0,70474981
USA-HOU.RHS.CO2-INT (kg/sqm);71,4087545;66,710782;62,62746083;58,6053534;54,63671303;50,80697102;46,65693659;42,77799074;38,9920171;35,31029594;31,60060271;28,42392559;25,21539375;22,1206592;19,14092308;16,28743185;13,52152154;10,90264435;8,627583847;6,772143009;5,257960085;4,426316121;3,794571825;3,230410648;2,731498794;2,254339859;1,910482033;1,572748954;1,268543554;0,983162779;0,70474981
USA-PHO.RHS.CO2-INT (kg/sqm);79,17543928;73,98244025;68,11269021;62,53583323;57,22659308;52,25702944;47,14646647;42,48593313;38,07860831;33,92185231;29,87860388;26,46064408;23,12445007;19,99600163;17,06637372;14,33593206;11,76245189;9,388759512;7,369079448;5,75003595;4,451488873;3,731256001;3,187372291;2,710378548;2,295810266;1,908434364;1,630142681;1,363390599;1,127603445;0,91109213;0,70474981
USA-PHI.RHS.CO2-INT (kg/sqm);103,8366417;97,01122087;89,32243002;82,01426569;75,05382794;68,53625933;61,82926526;55,71087182;49,92238584;44,46062883;39,14527907;34,65108233;30,26210167;26,14459311;22,28702348;18,69010584;15,29833214;12,16843203;9,50432952;7,368020993;5,654049443;4,703577744;3,985749858;3,355989327;2,808464525;2,296619427;1,928886115;1,576228031;1,264386107;0,977908902;0,70474981
USA-SA.RHS.CO2-INT (kg/sqm);64,33858078;60,1136325;56,23243598;52,44100204;48,72978814;45,17217556;41,35935383;37,81350158;34,37444619;31,05000362;27,72266447;24,88023872;22,02719406;19,28912005;16,66551675;14,16463865;11,75179387;9,476920658;7,507234196;5,905177068;4,601276001;3,884043907;3,339708314;2,854946753;2,427369927;2,019840854;1,726294158;1,438990599;1,180899473;0,939501416;0,70474981
USA-SD.RHS.CO2-INT (kg/sqm);56,09428811;52,41822829;48,94375812;45,56358204;42,26819561;39,11983816;35,76474423;32,65274765;29,64448935;26,74568363;23,85474137;21,38831056;18,92105061;16,5597172;14,30313821;12,15762826;10,09303939;8,151176354;6,472979788;5,110107886;4,002578854;3,392837021;2,930322091;2,519079747;2,15689559;1,812380944;1,564289586;1,32197319;1,104635816;0,901712644;0,70474981
USA-DAL.RHS.CO2-INT (kg/sqm);59,0359505;55,16655745;51,3868958;47,72682533;44,17483255;40,7944098;37,21561526;33,90628197;30,71972735;27,66060193;24,62279514;22,03508647;19,45706793;16,99794754;14,65556571;12,43547965;10,30600217;8,309069676;6,58731984;5,191771634;4,05987368;3,436037211;2,963142088;2,543510474;2,174641313;1,824655151;1,572708329;1,327270868;1,107575716;0,902914477;0,70474981
USA-SJ.RHS.CO2-INT (kg/sqm);57,32712961;53,57004437;49,96767353;46,47019802;43,06727147;39,82165839;36,3728138;33,17811511;30,09513402;27,12913903;24,17664608;21,65938777;19,14570855;16,74339197;14,45085212;12,27408621;10,18230119;8,217357075;6,520905911;5,144338115;4,026594966;3,41094549;2,944079768;2,529321048;2,164334797;1,817526617;1,567819128;1,32419437;1,105868545;0,902216645;0,70474981
USA-AUS.RHS.CO2-INT (kg/sqm);61,15700261;57,14820916;53,14847297;49,28657145;45,54954226;42,00178089;38,26168214;34,81005623;31,49494005;28,32021692;25,17651621;22,5013631;19,84348667;17,3138626;14,90961916;12,63576727;10,45950991;8,422878062;6,669732079;5,25062948;4,101166219;3,467169958;2,986792631;2,561114226;2,18742697;1,833497727;1,578772489;1,331086211;1,10969251;0,903779532;0,70474981
USA-JAC.RHS.CO2-INT (kg/sqm);78,51710205;73,36737001;67,56595553;62,05176689;56,79997792;51,88236846;46,82188214;42,20552145;37,83810422;33,71722921;29,70684682;26,31602596;23,00461367;19,89804186;16,98760672;14,2738438;11,71487277;9,353491109;7,343545168;5,731803228;4,438700034;3,721616294;3,180051602;2,704931522;2,291855748;1,905700701;1,628269203;1,362212829;1,126950721;0,910825803;0,70474981
USA-WDC.RHS.CO2-INT (kg/sqm);99,06494813;92,56478226;84,630252;77,15987233;70,1147672;63,5754465;56,95188857;50,95675816;45,34371834;40,10292251;35,0667475;30,82889311;26,74404109;22,95471791;19,44531218;16,21105684;13,19932062;10,45379774;8,140125274;6,30056951;4,837623096;4,02228656;3,408370031;2,874796938;2,415162805;1,990928742;1,68666824;1,398917395;1,147286307;0,919119563;0,70474981
USA-SF.RHS.CO2-INT (kg/sqm);62,85642372;58,73606348;54,55217324;50,52205067;46,63147501;42,94543223;39,07314165;35,50542892;32,08610513;28,81835019;25,59023817;22,84565305;20,12510822;17,54078698;15,08918702;12,77481066;10,56397567;8,498653374;6,723308303;5,287908845;4,12660652;3,485656272;3,00020405;2,570553341;2,193819781;1,837563153;1,581216343;1,332360559;1,110201696;0,903872093;0,70474981
USA-BOS.RHS.CO2-INT (kg/sqm);106,4913777;99,50313773;90,79756171;82,62009618;74,92678599;67,80129471;60,61277457;54,11930289;48,05605436;42,4104904;37,00357717;32,45959423;28,09522009;24,05915713;20,33329669;16,91095437;13,73561338;10,85129041;8,427879541;6,506017355;4,981712314;4,130879101;3,490823918;2,936134941;2,459683218;2,02169639;1,707746439;1,412162201;1,154622035;0,922110027;0,70474981
USA-NY.RSM.CO2-INT (kg/sqm);67,03694013;62,61657509;59,26377492;55,88732052;52,48595224;49,14812434;45,43207597;41,91684944;38,43483059;35,00208348;31,49091556;28,4682413;25,37339551;22,35605671;19,42105372;16,58332112;13,80629451;11,15417062;8,834938088;6,933328212;5,373272562;4,518967493;3,868844208;3,285129518;2,766307467;2,266817537;1,906555053;1,550334819;1,227860042;0,923650315;0,6251067
USA-LA.RSM.CO2-INT (kg/sqm);60,9855753;56,98047451;53,13906111;49,40967342;45,78126681;42,32072859;38,64373778;35,23780728;31,95110671;28,78923859;25,64189587;22,95855185;20,27913016;17,71849741;15,27495362;12,95488086;10,72545383;8,631274889;6,823289055;5,356245179;4,16505981;3,508951628;3,01140803;2,569404013;2,180449214;1,810875349;1,544777069;1,28516742;1,052521181;0,835516134;0,6251067
USA-CHI.RSM.CO2-INT (kg/sqm);111,6404084;104,2994197;95,63062305;87,43750595;79,67976331;72,45313823;65,0854935;58,39517724;52,10397418;46,20401815;40,50404416;35,6978796;31,03931386;26,69685249;22,65507297;18,91119035;15,4056548;12,19274276;9,473149721;7,30261427;5,569620697;4,605946631;3,879356219;3,245185092;2,696606285;2,187328802;1,821785166;1,473859504;1,168038728;0,889047545;0,6251067
USA-HOU.RSM.CO2-INT (kg/sqm);76,18703547;71,16627512;66,8023975;62,50393949;58,26262216;54,16974659;49,73457199;45,58911189;41,54301194;37,60832742;33,64374895;30,248809;26,81982565;23,51245837;20,32799082;17,27844218;14,32249197;11,52367722;9,09230207;7,109377779;5,491158517;4,602374038;3,927223914;3,324300405;2,791109362;2,281165835;1,913682259;1,552744248;1,227637531;0,922648841;0,6251067
USA-PHO.RSM.CO2-INT (kg/sqm);84,47342406;78,92454672;72,65254035;66,69349912;61,02041461;55,71028478;50,24949287;45,26957131;40,56021074;36,11859059;31,79825671;28,14606276;24,58123803;21,23839576;18,10799927;15,19043935;12,44059754;9,904235077;7,746145527;6,016148327;4,628611297;3,859020577;3,277864298;2,768181982;2,325203169;1,91128024;1,613917116;1,328884407;1,076938665;0,845589742;0,6251067
USA-PHI.RSM.CO2-INT (kg/sqm);110,7848184;103,4942862;95,28155031;87,47537842;80,04062858;73,07892676;65,91489127;59,37956602;53,19662943;47,36268644;41,68512747;36,88467818;32,19661481;27,79852274;23,67808288;19,83605687;16,21315414;12,86997011;10,02432499;7,74243985;5,911671418;4,896430774;4,129687223;3,457012289;2,872176955;2,325452683;1,932660552;1,555970934;1,222878854;0,916879945;0,6251067
USA-SA.RSM.CO2-INT (kg/sqm);68,64376463;64,12768713;59,97904836;55,92635745;51,95941432;48,15665674;44,08110427;40,29091738;36,61488643;33,06136595;29,50474929;26,46646003;23,41682015;20,49007323;17,68568486;15,01247834;12,43337125;10,00174298;7,896331007;6,183880662;4,790131468;4,023476943;3,441632727;2,923467621;2,466427687;2,030816941;1,717042774;1,40994194;1,134066487;0,876034374;0,6251067
USA-SD.RSM.CO2-INT (kg/sqm);59,84780925;55,91735227;52,2024357;48,58833873;45,06489918;41,69866356;38,11138452;34,78402608;31,567585;28,46817102;25,3771647;22,7400476;20,10204399;17,57729743;15,16455469;12,87056739;10,66310121;8,58685395;6,792519874;5,335332113;4,151157909;3,49921965;3,004696948;2,564995089;2,177746426;1,809390071;1,544129859;1,285044258;1,052666321;0,835700103;0,6251067
USA-DAL.RSM.CO2-INT (kg/sqm);62,9863115;58,84958862;54,80879653;50,89585797;47,09846402;43,48449357;39,65844616;36,12047662;32,71376833;29,44329311;26,19560937;23,42912028;20,6729908;18,04397394;15,5397609;13,16629284;10,88969336;8,754796178;6,914093555;5,422129281;4,21203041;3,545094133;3,039527485;2,590904232;2,196550524;1,822384409;1,553031007;1,290636686;1,055763167;0,836962229;0,6251067
USA-SJ.RSM.CO2-INT (kg/sqm);61,16314572;57,14624333;53,29475444;49,55541481;45,91716257;42,44710264;38,75975694;35,34413234;32,04795103;28,87684588;25,72017648;23,0288399;20,34132992;17,77288376;15,32180579;12,994508;10,75806786;8,657240166;6,843472763;5,371709915;4,176670452;3,518446405;3,019295091;2,575854181;2,185627703;1,81483638;1,54786064;1,287388276;1,053964365;0,83622914;0,6251067
USA-AUS.RSM.CO2-INT (kg/sqm);65,24929275;60,96384428;56,68807814;52,55965892;48,56472973;44,77213011;40,77391952;37,08408986;33,54019076;30,14637351;26,7857196;23,92594873;21,08464682;18,38044823;15,81028306;13,37950801;11,05306268;8,875878723;7,00174456;5,484706797;4,255916732;3,578167096;3,06463795;2,609582611;2,210106435;1,831751813;1,559447467;1,294667853;1,057995321;0,837871869;0,6251067
USA-JAC.RSM.CO2-INT (kg/sqm);83,77103453;78,26831887;72,06925181;66,17709823;60,56533025;55,3106478;49,90329514;44,97051028;40,30373248;35,90039591;31,61512558;27,99188404;24,45349407;21,13398517;18,02405695;15,12428166;12,38990834;9,866667958;7,718952135;5,996734837;4,614997083;3,848761501;3,27007576;2,762389014;2,320999344;1,908375657;1,611927875;1,327634912;1,076246981;0,845307981;0,6251067
USA-WDC.RSM.CO2-INT (kg/sqm);105,6938294;98,75032852;90,27463434;82,29474753;74,76914052;67,7838143;60,70850554;54,30448537;48,30861575;42,71037852;37,33071801;32,80382648;28,44037265;24,3926038;20,6438438;17,18900044;13,97185282;11,03907527;8,567601899;6,60258172;5,039857023;4,16891156;3,513123684;2,943158959;2,452176101;1,999007728;1,67399555;1,366619047;1,097825801;0,854097252;0,6251067
USA-SF.RSM.CO2-INT (kg/sqm);67,06242977;62,65795138;58,18556231;53,8775439;49,71869482;45,77848211;41,63917895;37,82545571;34,17035353;30,67727157;27,2265661;24,29272898;21,38458982;18,62206753;16,00141827;13,5274548;11,16417238;8,956436437;7,058673004;5,524296027;4,282916464;3,597769694;3,078843267;2,619566128;2,216855023;1,836032831;1,562009707;1,295994151;1,058516394;0,837959397;0,6251067
USA-BOS.RSM.CO2-INT (kg/sqm);113,6171948;106,1529638;96,8544236;88,11996515;79,90263939;72,29180847;64,6136556;57,67789312;51,20165764;45,17155655;39,39636145;34,54287352;29,88122813;25,57025622;21,59061569;17,93516687;14,5435434;11,46276012;8,874283107;6,821516838;5,193386582;4,284600441;3,600949085;3,008478496;2,499574146;2,031754657;1,696420587;1,380703175;1,105621139;0,857272006;0,6251067
USA-NY.RWH.CO2-INT (kg/sqm);38,30682293;35,78885852;33,87900912;31,9556856;30,01817044;28,11684967;26,00008386;23,99771183;22,01425584;20,05886641;18,05880628;16,3370059;14,57409458;12,85533342;11,18347306;9,567020657;7,985148092;6,474423631;5,153323469;4,07011293;3,181461297;2,694825071;2,324496538;1,991996212;1,696460561;1,41193703;1,206721373;1,003808296;0,820117582;0,646831154;0,476772303
USA-LA.RWH.CO2-INT (kg/sqm);34,84890017;32,56820488;30,38072099;28,25702988;26,19084221;24,2202468;22,12639298;20,18689381;18,31528985;16,51477143;14,72252447;13,19450048;11,66871006;10,21056372;8,819093414;7,497933402;6,228391385;5,035866079;4,006312769;3,17090806;2,492590334;2,118971062;1,835646022;1,583947867;1,362458465;1,152005491;1,000476447;0,852642338;0,720162481;0,596589464;0,476772303
USA-CHI.RWH.CO2-INT (kg/sqm);63,79451909;59,60757497;54,66331358;49,99035673;45,56571637;41,44399973;37,24185231;33,42602022;29,83782295;26,47277402;23,22178516;20,48058186;17,82356178;15,34683231;13,04159719;10,90626803;8,906880474;7,074391189;5,523267146;4,285298938;3,296883409;2,747250434;2,332838484;1,971138013;1,658255254;1,367788063;1,159299693;0,960859761;0,786434414;0,627311367;0,476772303
USA-HOU.RWH.CO2-INT (kg/sqm);43,53544884;40,67438773;38,18764873;35,73818885;33,32129037;30,98898086;28,46161355;26,09933894;23,79368434;21,55151939;19,29231949;17,35772592;15,40373286;13,51904224;11,70438558;9,966611928;8,282174991;6,687281091;5,301771248;4,171809414;3,249673347;2,743202906;2,358471187;2,014897528;1,711060648;1,420471277;1,211062164;1,005383017;0,820122196;0,646325556;0,476772303
USA-PHO.RWH.CO2-INT (kg/sqm);48,27052804;45,10765373;41,53259403;38,13592526;34,90225256;31,87546495;28,76279957;25,92423152;23,23988393;20,70814906;18,24554768;16,16378777;14,13182854;12,22639988;10,44206586;8,779049235;7,211632358;5,765899253;4,53578268;3,549679843;2,758780181;2,320111499;1,988850931;1,698330705;1,445831646;1,209894517;1,040396774;0,877927399;0,734317681;0,602448202;0,476772303
USA-PHI.RWH.CO2-INT (kg/sqm);63,30561054;59,1475053;54,46342758;50,01123083;45,7708721;41,80031308;37,71435443;33,98697637;30,46058077;27,13323128;23,89507435;21,15717093;18,48336604;15,97494431;13,62487961;11,43360636;9,367308559;7,460546408;5,837552176;4,536094591;3,491928336;2,912892778;2,475585837;2,091930289;1,758373456;1,446553006;1,2225267;1,007684353;0,817707563;0,643183178;0,476772303
USA-SA.RWH.CO2-INT (kg/sqm);39,22500836;36,65233136;34,28897343;31,98027419;29,72042294;27,55410339;25,23238059;23,0732222;20,9790951;18,95475862;16,92865833;15,19783399;13,46054352;11,79326157;10,1956837;8,672836287;7,203594565;5,818367199;4,618975699;3,643442923;2,849464852;2,412724237;2,081264639;1,786081163;1,525718907;1,277564231;1,098816284;0,923869939;0,766711778;0,619718445;0,476772303
USA-SD.RWH.CO2-INT (kg/sqm);34,19874814;31,96070817;29,84539899;27,78749745;25,78121712;23,86445021;21,82181906;19,92718919;18,09571674;16,33088064;14,57083194;13,06923213;11,56712753;10,12951258;8,755673682;7,449455273;6,192502819;5,010267683;3,98855662;3,158819909;2,48453974;2,113319831;1,831733853;1,58136339;1,360860281;1,151114633;1,00007292;0,852547089;0,720228859;0,59668621;0,476772303
USA-DAL.RWH.CO2-INT (kg/sqm);35,992178;33,63626791;31,33499149;29,10652909;26,94387063;24,88567392;22,706697;20,69178366;18,75162507;16,88905274;15,03946042;13,46391385;11,8942672;10,3970126;8,970835183;7,619118498;6,322569553;5,106721659;4,058420866;3,208730476;2,519565594;2,139737902;1,851812025;1,59631605;1,371727189;1,158635389;1,005235605;0,855799096;0,722035992;0,597426403;0,476772303
USA-SJ.RWH.CO2-INT (kg/sqm);34,95036898;32,66292996;30,46968623;28,34030628;26,2684909;24,29245322;22,19268139;20,24764209;18,37062019;16,56482335;14,76724699;13,23465602;11,70424413;10,24163353;8,845858669;7,520570853;6,247022244;5,050698616;4,017842466;3,179741998;2,499222623;2,124394652;1,840151202;1,587632235;1,365416411;1,154268003;1,002237741;0,853910848;0,720986791;0,59699671;0,476772303
USA-AUS.RWH.CO2-INT (kg/sqm);37,28531014;34,84441144;32,40902757;30,05756933;27,78214412;25,62196145;23,34466722;21,2430201;19,22449187;17,29144701;15,37729127;13,74842767;12,13008359;10,5898306;9,125920133;7,74140327;6,41631036;5,176233492;4,108767231;3,244695351;2,544803123;2,158771597;1,866276509;1,607086836;1,379553851;1,164051246;1,008952584;0,858139846;0,723336294;0,597958739;0,476772303
USA-JAC.RWH.CO2-INT (kg/sqm);47,86916259;44,73266685;41,19925742;37,84078576;34,64213124;31,64701208;28,56487235;25,75323176;23,09321267;20,58335259;18,14078914;16,07557583;14,05872711;12,16663852;10,39400893;8,741164517;7,182597658;5,744374571;4,520196921;3,538549395;2,75097198;2,314224966;1,984379581;1,695002951;1,443415026;1,208223438;1,039251013;0,877206721;0,733917985;0,602284945;0,476772303
USA-WDC.RWH.CO2-INT (kg/sqm);60,39647395;56,43666088;51,60305242;47,05219823;42,76041553;38,77674986;34,74176801;31,0896157;27,67022781;24,47760591;21,40963626;18,82799271;16,33955614;14,03115175;11,89326927;9,923004687;8,088295743;6,415760361;5,006302408;3,885669933;2,994462776;2,497770793;2,123781152;1,798735645;1,518732751;1,260295102;1,074943722;0,899649801;0,746359548;0,607363455;0,476772303
USA-SF.RWH.CO2-INT (kg/sqm);38,32138844;35,81247047;33,26486861;30,81089702;28,44189659;26,19743775;23,83957124;21,66716444;19,58511278;17,59535251;15,62973111;13,95853283;12,30197286;10,72836046;9,235563024;7,826322054;6,480128201;5,222538105;4,141517298;3,2674919;2,560366284;2,170086914;1,874491449;1,612873939;1,383478075;1,166550766;1,010459289;0,858929152;0,72365497;0,598019341;0,476772303
USA-BOS.RWH.CO2-INT (kg/sqm);64,92411132;60,66673512;55,36312331;50,38124703;45,69432789;41,35333545;36,97394457;33,01799116;29,32413834;25,88474735;22,59074719;19,82246149;17,16359708;14,70474644;12,43487741;10,34991771;8,415436184;6,658248685;5,181858096;4,011021041;3,082383786;2,564039099;2,174104623;1,836176954;1,545912992;1,279082618;1,087818;0,907742144;0,750843501;0,609192514;0,476772303
USA-NY.HOT.CO2-INT (kg/sqm);58,39454716;54,54836597;51,63107819;48,69320876;45,73366163;42,82940129;39,59604948;36,53743373;33,50771216;30,52086215;27,46577782;24,83573421;22,14289379;19,51749259;16,96373217;14,4946072;12,0783028;9,770676868;7,752701335;6,098101309;4,740689279;3,997354273;3,431678831;2,923785833;2,472356236;2,037747612;1,724281468;1,414332505;1,133745629;0,869051263;0,609287007
USA-LA.HOT.CO2-INT (kg/sqm);53,12332343;49,63885729;46,29680035;43,05220657;39,89546705;36,88477421;33,6857661;30,72258237;27,86312953;25,1122818;22,37407128;20,03954292;17,70842702;15,48065834;13,35475788;11,33627811;9,396660752;7,5747102;6,001749681;4,725411089;3,689071357;3,118252579;2,685386114;2,300839479;1,962446042;1,640914154;1,40940676;1,183544521;0,981140642;0,792344709;0,609287007
USA-CHI.HOT.CO2-INT (kg/sqm);97,24774251;90,85743595;83,31127695;76,17919542;69,42610593;63,13535254;56,721842;50,89794367;45,42147207;40,28557972;35,32377108;31,14002062;27,08475445;23,30465609;19,78630029;16,52726277;13,47570558;10,67887621;8,311479395;6,422035414;4,913470201;4,074595092;3,442100525;2,890056642;2,412520592;1,969196216;1,650991681;1,348123535;1,081907554;0,839046646;0,609287007
USA-HOU.HOT.CO2-INT (kg/sqm);66,36501347;61,99583247;58,1982859;54,45766898;50,7667772;47,20506284;43,34547201;39,73799738;36,21698824;32,79293538;29,3428681;26,38851336;23,40453327;20,52638627;17,75518945;15,10140216;12,52906637;10,09347347;7,977634953;6,252048677;4,843837097;4,070396423;3,482865274;2,958187384;2,494192288;2,050427715;1,730635064;1,416538514;1,13362318;0,868215014;0,609287007
USA-PHO.HOT.CO2-INT (kg/sqm);73,58312201;68,75389141;63,29531607;58,10911669;53,17178764;48,55034084;43,79777167;39,46370767;35,36511497;31,49953881;27,73951904;24,56098657;21,45849221;18,54919089;15,82478277;13,28560795;10,89239949;8,684983747;6,806781825;5,301151967;4,093567826;3,423787108;2,918002332;2,474421895;2,088894029;1,728653724;1,469856311;1,221790154;1,002519838;0,801175093;0,609287007
USA-PHI.HOT.CO2-INT (kg/sqm);96,50245509;90,15610371;83,00698135;76,21176973;69,73987811;63,67977108;57,44353418;51,75458463;46,37238666;41,29398488;36,35171417;32,17296058;28,09203806;24,26353329;20,67672259;17,33226898;14,17856047;11,2683449;8,791233066;6,804869886;5,211200275;4,32744123;3,659996961;3,074438689;2,565344101;2,089424896;1,747502416;1,419597048;1,129642995;0,863273337;0,609287007
USA-SA.HOT.CO2-INT (kg/sqm);59,79422006;55,86465496;52,25480855;48,72844906;45,2767011;41,96781557;38,4215636;35,12361618;31,92499903;28,83298166;25,73827022;23,09456992;20,44099313;17,89434893;15,45417232;13,1281407;10,88398763;8,768159991;6,936182258;5,446131409;4,233391327;3,566303823;3,060024928;2,609155005;2,211471799;1,832434729;1,559411067;1,292194059;1,052147125;0,827626181;0,609287007
USA-SD.HOT.CO2-INT (kg/sqm);52,13223802;48,71279356;45,48086634;42,33665081;39,27130601;36,3427265;33,22184221;30,32708532;27,52882504;24,83237676;22,14324302;19,84898678;17,55395928;15,35746389;13,2584103;11,26267235;9,342206596;7,535899537;5,974853135;4,707119473;3,676903916;3,109726439;2,679498371;2,296963694;1,960062589;1,639597538;1,408824738;1,183423765;0,9812581;0,792500422;0,609287007
USA-DAL.HOT.CO2-INT (kg/sqm);54,866125;51,2670043;47,75134737;44,34692832;41,04303788;37,89873351;34,56991337;31,49173294;28,52775524;25,68230598;22,85668626;20,44972586;18,05177875;15,7644249;13,58565556;11,52063978;9,539903682;7,682454473;6,080966748;4,78289587;3,730059597;3,149797339;2,709933359;2,319612498;1,976508395;1,650968336;1,41661969;1,188325734;0,983976018;0,793610115;0,609287007
USA-SJ.HOT.CO2-INT (kg/sqm);53,2780015;49,78325524;46,43242043;43,17915662;40,01383988;36,99485217;33,78682361;30,8151952;27,94748367;25,18858969;22,44225495;20,10076454;17,76260331;15,52802882;13,39556586;11,37079293;9,425067081;7,597325455;6,019329223;4,738880459;3,699183876;3,126522208;2,692255449;2,306457312;1,966956275;1,644364023;1,412092393;1,185478767;0,982397572;0,792965694;0,609287007
USA-AUS.HOT.CO2-INT (kg/sqm);56,83736302;53,10868902;49,3884394;45,79639308;42,32049349;39,02063638;35,54188171;32,33144247;29,24797419;26,2950888;23,37105812;20,88283468;18,41068068;16,05781726;13,82157335;11,7066097;9,68242104;7,788101393;6,157458678;4,837517649;3,768374571;3,178679592;2,731869232;2,335935638;1,988360246;1,659162251;1,422236258;1,191857368;0,985933829;0,794409278;0,609287007
USA-JAC.HOT.CO2-INT (kg/sqm);72,97128443;68,18226462;62,78720936;57,65926126;52,77533308;48,20217685;43,49615156;39,20314318;35,14164104;31,30941212;27,57993638;24,42662507;21,34716017;18,45818772;15,75161359;13,22793579;10,84820752;8,652228489;6,783068917;5,284221204;4,081693234;3,41483752;2,911206647;2,469366284;2,085224342;1,726117469;1,46811862;1,220698125;1,001914917;0,800928437;0,609287007
USA-WDC.HOT.CO2-INT (kg/sqm);92,06779566;86,02373021;78,64594614;71,69974437;65,14897668;59,0685038;52,9097044;47,33523733;42,11605051;37,24298824;32,56018907;28,61969434;24,82146619;21,29803037;18,03487088;15,02755516;12,22714496;9,67426857;7,522940729;5,812462003;4,452166888;3,694040481;3,123200944;2,627067343;2,19968459;1,805217973;1,522306671;1,254746585;1,020771822;0,808614969;0,609287007
USA-SF.HOT.CO2-INT (kg/sqm);58,41675067;54,58439089;50,69294168;46,94451224;43,32587582;39,89747605;36,29584663;32,97750602;29,79718241;26,75783346;23,75535652;21,20260943;18,67222228;16,26853712;13,98829644;11,83568784;9,7793834;7,858420758;6,207166831;4,872097366;3,79196649;3,195816687;2,744296078;2,344676628;1,994275581;1,662920192;1,424491233;1,193029701;0,986399057;0,794491256;0,609287007
USA-BOS.HOT.CO2-INT (kg/sqm);98,96968189;92,47201713;84,37757351;76,77416697;69,62092801;62,995647;56,31176178;50,27413253;44,63652472;39,38727998;34,35993266;30,13493782;26,07694323;22,32421234;18,85990772;15,67781421;12,72538251;10,04353933;7,790252174;6,003304926;4,586006268;3,794901641;3,199778403;2,684028654;2,241023895;1,833783791;1,541873161;1,267038969;1,027578152;0,811388513;0,609287007
USA-NY.DWW.CO2-INT (kg/sqm);17,05120777;15,92651047;15,07343945;14,21434996;13,34892149;12,49965995;11,55416573;10,6597677;9,773818877;8,900406528;8,007041149;7,237965846;6,45052755;5,682809776;4,936041147;4,214021546;3,507447698;2,832653521;2,242558688;1,758721838;1,361788471;1,144423027;0,979008656;0,830490981;0,69848429;0,571396375;0,47973285;0,389097816;0,30704882;0,2296471;0,153687039
USA-LA.DWW.CO2-INT (kg/sqm);15,51201044;14,49293894;13,51551662;12,56659851;11,64337436;10,76286321;9,82727714;8,960660571;8,124381275;7,319864769;6,51904416;5,836284959;5,154523769;4,502987645;3,881244031;3,290916809;2,723653795;2,190803766;1,730773687;1,357494042;1,054404776;0,887462373;0,760865684;0,648400675;0,54943369;0,455398056;0,387691102;0,321635138;0,262439836;0,207224332;0,153687039
USA-CHI.DWW.CO2-INT (kg/sqm);28,39634081;26,52876941;24,32339936;22,23904372;20,26544877;18,42697184;16,55261907;14,85058085;13,25007833;11,74911033;10,29901841;9,07631452;7,891160248;6,786423953;5,758182099;4,805726186;3,913906542;3,096531271;2,404657957;1,85246668;1,411587479;1,166425663;0,981578699;0,820243502;0,68068327;0,551121422;0,458125932;0,369612512;0,291810712;0,220834448;0,153687039
USA-HOU.DWW.CO2-INT (kg/sqm);19,37858393;18,10117345;16,99089082;15,89725261;14,81815247;13,77681972;12,6483973;11,5936857;10,56425387;9,563168994;8,554478326;7,69071834;6,818296839;5,976817592;5,166607196;4,390723637;3,638653925;2,926563511;2,307959178;1,80345227;1,391735696;1,16560608;0,993830534;0,840431296;0,70477379;0,575031049;0,481533782;0,389701874;0,306986369;0,229389407;0,153687039
USA-PHO.DWW.CO2-INT (kg/sqm);21,48627163;20,07453316;18,4788171;16,96272524;15,51938614;14,16838951;12,77906163;11,51207618;10,31392653;9,183895052;8,084721083;7,155534441;6,248576167;5,398094396;4,601662816;3,859380851;3,15976952;2,514471336;1,965412878;1,525269142;1,172253697;0,976455384;0,828598326;0,698925586;0,586223467;0,480913711;0,405258954;0,332741287;0,268641565;0,20978206;0,153687039
USA-PHI.DWW.CO2-INT (kg/sqm);28,17871689;26,32397905;24,2346293;22,24871088;20,35728358;18,58620141;16,76364482;15,10103439;13,52807292;12,04389668;10,59950511;9,378253416;8,185593106;7,066702547;6,018447715;5,041022377;4,119342793;3,268824661;2,544882231;1,964362383;1,49860826;1,240327361;1,045265023;0,874134082;0,725349854;0,586261218;0,486333477;0,390502273;0,305762441;0,227915209;0,153687039
USA-SA.DWW.CO2-INT (kg/sqm);17,45991226;16,31087085;15,25531817;14,22417784;13,21485461;12,24730569;11,21034861;10,24599809;9,310692669;8,406558015;7,501635588;6,728593018;5,952662469;5,208000004;4,494469655;3,814316364;3,158105121;2,539417428;2,00373009;1,568025355;1,213408869;1,018346275;0,870305614;0,738467052;0,622180782;0,511346815;0,431512156;0,353375416;0,283183459;0,217531445;0,153687039
USA-SD.DWW.CO2-INT (kg/sqm);15,2226135;14,22252798;13,27728567;12,3576964;11,46117447;10,60465231;9,691886742;8,845256691;8,026849019;7,23821832;6,451726907;5,780725385;5,109498292;4,467088902;3,853178334;3,269484506;2,707805553;2,179514613;1,722955099;1,352180814;1,050873491;0,884990995;0,759162117;0,647282133;0,548748609;0,455022139;0,387527978;0,321604916;0,262477489;0,207271498;0,153687039
USA-DAL.DWW.CO2-INT (kg/sqm);16,0209085;14,96835831;13,9402168;12,94460643;11,97839528;11,05885453;10,08535278;9,185149744;8,318344891;7,486203261;6,659860711;5,955953606;5,254682408;4,585753817;3,948580386;3,344673784;2,765414478;2,222209989;1,753860536;1,374244273;1,066346008;0,896650351;0,768013677;0,653865714;0,553526125;0,45832308;0,389788643;0,323024878;0,263263522;0,207591683;0,153687039
USA-SJ.DWW.CO2-INT (kg/sqm);15,55717644;14,53510314;13,55511817;12,60366881;11,67794044;10,79500746;9,856787605;8,987705318;8,14901456;7,342148574;6,538955666;5,854163507;5,170344999;4,516821464;3,893161463;3,300996479;2,731949604;2,197408386;1,735907693;1,361427717;1,05735811;0,88987751;0,762871877;0,650041374;0,55075092;0,456405607;0,388475459;0,32220005;0,262806934;0,207405697;0,153687039
USA-AUS.DWW.CO2-INT (kg/sqm);16,59651;15,50613077;14,41821508;13,36778999;12,35132979;11,38634983;10,36905472;9,430223305;8,528522113;7,665007389;6,809930667;6,082297421;5,359363375;4,67131357;4,017366905;3,398886329;2,806951159;2,252993691;1,776143488;1,390152036;1,077501638;0,905056646;0,774395521;0,658612332;0,556970571;0,460702928;0,391418463;0,324048573;0,263830182;0,207822498;0,153687039
USA-JAC.DWW.CO2-INT (kg/sqm);21,30761505;19,90761804;18,33045579;16,83137825;15,40363622;14,06674364;12,69100881;11,43601318;10,24869488;9,128401113;8,038145672;7,11632313;6,216088462;5,371541359;4,580315626;3,842556854;3,146879532;2,504918502;1,958498165;1,520332861;1,168792121;0,973847008;0,826618192;0,69745289;0,585154843;0,480175417;0,404753382;0,332423768;0,268465829;0,209710492;0,153687039
USA-WDC.DWW.CO2-INT (kg/sqm);26,88379633;25,11732832;22,9610612;20,93093044;19,01637116;17,23926253;15,43926181;13,81004091;12,28465595;10,86043103;9,491813329;8,340145144;7,230056481;6,200279962;5,246573074;4,367640331;3,549178802;2,803062712;2,174305156;1,674392311;1,276825834;1,055252117;0,888415773;0,743413349;0,618504384;0,503215649;0,420530614;0,342332199;0,273949595;0,2119436;0,153687039
USA-SF.DWW.CO2-INT (kg/sqm);17,0576912;15,93703615;14,79910223;13,70299002;12,64483176;11,64230233;10,58911724;9,618771201;8,688783963;7,800020401;6,922038916;6,175567013;5,435633583;4,732750231;4,065964394;3,436500612;2,835198001;2,273471912;1,790613792;1,400214035;1,08436318;0,910037615;0,778004383;0,661148039;0,558684095;0,461789464;0,392068292;0,324384528;0,26396179;0,207844291;0,153687039
USA-BOS.DWW.CO2-INT (kg/sqm);28,89914711;27,00022872;24,63465764;22,41259032;20,3220828;18,38586903;16,4325284;14,66805368;13,02048373;11,48641145;10,01718787;8,782448824;7,596514978;6,499793314;5,487363154;4,557408147;3,694570946;2,910812239;2,252297437;1,730068741;1,315868472;1,084671083;0,910748527;0,760022579;0,630556083;0,511541676;0,426231878;0,345912607;0,275931072;0,212750453;0,153687039
USA-NY.DWC.CO2-INT (kg/sqm);61,89821999;57,80504409;54,70041342;51,57387938;48,42427555;45,33350893;41,89251718;38,63748273;35,41319797;32,23453793;28,98326167;26,18432147;23,31855177;20,5245521;17,80679387;15,1791062;12,60763116;10,15181371;8,004247479;6,243392066;4,798809519;4,007738898;3,405736816;2,865227858;2,384808278;1,922289884;1,588693517;1,258840199;0,960234547;0,678541993;0,402096152
USA-LA.DWC.CO2-INT (kg/sqm);56,31072283;52,60101531;49,04292252;45,58859308;42,22779693;39,02248815;35,6166911;32,46196249;29,4176701;26,48900323;23,57379046;21,0883545;18,60655158;16,23477642;13,9714544;11,8224969;9,757499615;7,817775302;6,143136131;4,784292996;3,680962627;3,073245221;2,612397584;2,202993248;1,842725524;1,500409307;1,25393691;1,013474579;0,797986993;0,596986993;0,402096152
USA-CHI.DWC.CO2-INT (kg/sqm);103,0826071;96,29276404;88,27480207;80,69680663;73,52149867;66,8374331;60,02293534;53,83491368;48,01604065;42,55904067;37,2870085;32,84168047;28,53286986;24,51643118;20,77809979;17,31529986;14,0729524;11,10125891;8,585847076;6,578270772;4,975386641;4,084063157;3,412023596;2,825464677;2,31807199;1,847029968;1,508930565;1,187126416;0,904266007;0,646220884;0,402096152
USA-HOU.DWC.CO2-INT (kg/sqm);70,34691428;65,69938642;61,65991004;57,68099012;53,75496316;49,96634312;45,86086983;42,02357428;38,27825266;34,6360641;30,96620383;27,82363638;24,64955625;21,58805151;18,64031041;15,81745863;13,08124738;10,49049047;8,239858499;6,404340519;4,906416183;4,083702023;3,458741102;2,900637625;2,407082853;1,935047427;1,594881786;1,260775127;0,959836142;0,677519653;0,402096152
USA-PHO.DWC.CO2-INT (kg/sqm);77,99810933;72,86299424;67,05867158;61,54397723;56,29391671;51,37974649;46,32614858;41,71756405;37,35936562;33,24894305;29,25076283;25,87090144;22,57189443;19,47831735;16,58134464;13,88133795;11,33654316;8,989309234;6,992141605;5,391144832;4,107072056;3,394867285;2,857045994;2,385369079;1,975421797;1,592363794;1,317174098;1,053395378;0,820236434;0,606138469;0,402096152
USA-PHI.DWC.CO2-INT (kg/sqm);102,2926024;95,54933833;87,95309648;80,73289961;73,85624377;67,41712632;60,79086349;54,74611638;49,02730568;43,63129115;38,37992159;33,93982093;29,60366988;25,53572326;21,72458671;18,17096471;14,82001737;11,72779147;9,095756427;6,985162377;5,291821687;4,352790697;3,643603215;3,021423032;2,480488717;1,974804634;1,611497682;1,263084499;0,954996177;0,671967262;0,402096152
USA-SA.DWC.CO2-INT (kg/sqm);63,38187326;59,20035068;55,35904664;51,60658257;47,93351401;44,41246799;40,63883596;37,12942938;33,72572198;30,43544936;27,14230992;24,32909975;21,50537983;18,79544883;16,19881197;13,7236389;11,33559429;9,084103134;7,134661894;5,549071347;4,258572294;3,548712197;3,009971502;2,530192514;2,107010492;1,703670166;1,41314066;1,128790121;0,873351759;0,634434887;0,402096152
USA-SD.DWC.CO2-INT (kg/sqm);55,26017231;51,61938424;48,17825158;44,83050826;41,56674105;38,44859205;35,12569023;32,04355323;29,06415914;26,19316743;23,32996374;20,88719832;18,4436117;16,10493527;13,87000813;11,74508433;9,700305171;7,777074296;6,114980012;4,765184854;3,668282554;3,064391189;2,606314086;2,199017609;1,840308605;1,499099574;1,253388651;1,013397278;0,798145255;0,597169129;0,402096152
USA-DAL.DWC.CO2-INT (kg/sqm);58,1580925;54,32685556;50,58446517;46,96048668;43,44352013;40,09643175;36,55292772;33,27622779;30,1210958;27,09213645;24,08428548;21,52209423;18,96949755;16,53462656;14,21534297;12,01714919;9,908670496;7,931429771;6,226658121;4,844871425;3,724135124;3,10645031;2,638218409;2,222724785;1,857493046;1,510958099;1,261495727;1,018478525;0,800949789;0,598306715;0,402096152
USA-SJ.DWC.CO2-INT (kg/sqm);56,47468159;52,75407705;49,18668466;45,72316909;42,35328442;39,13918573;35,72382887;32,56015021;29,50710437;26,56990873;23,64608402;21,15326788;18,66399609;16,28500563;14,01472597;11,85909612;9,787622003;7,841757186;6,161778296;4,798576755;3,691686716;3,082015099;2,61968257;2,208951091;1,847508799;1,504068072;1,256785203;1,015526003;0,799320087;0,597645615;0,402096152
USA-AUS.DWC.CO2-INT (kg/sqm);60,24760481;56,27904661;52,31945477;48,49631419;44,79679263;41,28463925;37,58207894;34,16509613;30,88325295;27,74039372;24,62824555;21,97994229;19,34874229;16,84450742;14,46439478;12,21336497;10,05895016;8,04275948;6,307209385;4,902349964;3,764423578;3,13679058;2,66123468;2,239828703;1,869892052;1,519515108;1,267346484;1,022146171;0,802974543;0,599128262;0,402096152
USA-JAC.DWC.CO2-INT (kg/sqm);77,3495615;72,2570689;66,52013733;61,06723909;55,87382393;51,01087386;46,00663502;41,44158533;37,12271208;33,04764074;29,08183388;25,72870211;22,45409628;19,38205412;16,50396856;13,82036921;11,28984123;8,954706402;6,967101078;5,373273703;4,094543394;3,385430064;2,849884881;2,380045777;1,971561354;1,589698434;1,315350596;1,052251447;0,819604286;0,605881603;0,402096152
USA-WDC.DWC.CO2-INT (kg/sqm);97,5918634;91,16904585;83,32893204;75,94744569;68,98617335;62,52466689;55,97992557;50,05613385;44,50988605;39,33145274;34,35520539;30,16777908;26,1315345;22,38730214;18,91965637;15,72388684;12,74798859;10,03513589;7,748994827;5,931328743;4,485790569;3,680156079;3,073544812;2,546320938;2,092156193;1,672970277;1,372330305;1,088003533;0,839366713;0,613915025;0,402096152
USA-SF.DWC.CO2-INT (kg/sqm);61,92175571;57,84329501;53,70195035;49,7128097;45,86179693;42,21323716;38,38032353;34,84889053;31,46433751;28,22981205;25,0345264;22,3178507;19,62497081;17,06692929;14,64025942;12,34941772;10,1610645;8,116744265;6,359452507;4,938649487;3,789156332;3,154723845;2,67420814;2,248926508;1,876023914;1,523390025;1,269649981;1,023324787;0,803425037;0,599193579;0,402096152
USA-BOS.DWC.CO2-INT (kg/sqm);104,9078628;98,00423621;89,40406704;81,32561402;73,72545419;66,68623814;59,58475639;53,16990746;47,18007255;41,60286491;36,26141842;31,77245388;27,46092346;23,47372902;19,79298119;16,41207649;13,27518242;10,42578275;8,031714465;6,133122127;4,627273324;3,786741974;3,15443656;2,60646374;2,135780879;1,703097183;1,392948528;1,100943215;0,846521338;0,616824578;0,402096152
USA-NY.HEC.CO2-INT (kg/sqm);60,02959448;56,08250317;53,08867613;50,07372744;47,03653232;44,05607452;40,73789105;37,5990281;34,48981739;31,42460307;28,28936418;25,59031757;22,82682659;20,1325442;17,51178219;14,97787615;12,49817652;10,13000668;8,059086643;6,361075793;4,968050097;4,205212623;3,624695869;3,103477563;2,640204059;2,19419285;1,872502468;1,554421546;1,266473068;0,994834062;0,728254516
USA-LA.HEC.CO2-INT (kg/sqm);54,61077648;51,03550717;47,60635815;44,27721212;41,03820979;37,94906003;34,6666876;31,62628501;28,69231648;25,86978324;23,06021654;20,66485171;18,27298827;15,98716523;13,80586502;11,73478483;9,74462216;7,875192626;6,261241662;4,951642421;3,888296273;3,302602285;2,85845557;2,463887871;2,116676096;1,786765272;1,549224929;1,31747685;1,109798442;0,916082596;0,728254516
USA-CHI.HEC.CO2-INT (kg/sqm);99,97067931;93,40818288;85,65868903;78,33443016;71,39937545;64,93911471;58,35278907;52,37196302;46,74792528;41,47364386;36,37813692;32,08165331;27,91711606;24,03516114;20,42200157;17,07514773;13,94136488;11,0691736;8,637986152;6,697630202;5,14841598;4,28693698;3,637399545;3,070480576;2,58007709;2,124807127;1,798028419;1,486999347;1,213610049;0,964205138;0,728254516
USA-HOU.HEC.CO2-INT (kg/sqm);68,22323385;63,73848708;59,84049461;56,00093758;52,21242093;48,55649847;44,59482064;40,89192755;37,27778698;33,76316719;30,22184491;27,18934685;24,12643986;21,17216527;18,3276697;15,60368918;12,96331457;10,46329971;8,291496823;6,520268425;5,074809351;4,280911008;3,677839535;3,139283804;2,66301594;2,2075137;1,879262466;1,556857996;1,266459491;0,994031224;0,728254516
USA-PHO.HEC.CO2-INT (kg/sqm);75,64344942;70,68574436;65,08195177;59,7577813;54,68910198;49,94470849;45,06570432;40,61633901;36,40870938;32,44029534;28,58024586;25,31715328;22,13212169;19,14542276;16,34853583;13,74181005;11,28493386;9,018793108;7,090624429;5,544939536;4,305229423;3,617630189;3,098389764;2,643008532;2,247224274;1,877400313;1,611717981;1,357052394;1,13194872;0,925247498;0,728254516
USA-PHI.HEC.CO2-INT (kg/sqm);99,20452383;92,687219;85,34551873;78,36726258;71,72103579;65,49768596;59,09346179;53,2512674;47,72408765;42,50888753;37,43348549;33,14216764;28,95131616;25,01968188;21,33625226;17,90170816;14,66304732;11,67443845;9,130599957;7,090729553;5,454130816;4,546565704;3,861142302;3,259810682;2,73700247;2,248263295;1,897130353;1,560392106;1,26262748;0,989082547;0,728254516
USA-SA.HEC.CO2-INT (kg/sqm);61,46845822;57,43563141;53,73092491;50,11189921;46,5694457;43,17360877;39,53416785;36,14955647;32,86688558;29,69361571;26,51758096;23,80440911;21,08110122;18,46753592;15,96323598;13,57608055;11,27295528;9,101527602;7,22140888;5,692202249;4,447593599;3,762976269;3,2433933;2,780675348;2,372541763;1,983544299;1,70334608;1,429107103;1,18275218;0,95233124;0,728254516
USA-SD.HEC.CO2-INT (kg/sqm);53,59194069;50,08351511;46,76748637;43,54145176;40,39634027;37,39155298;34,18945674;31,21937222;28,34829534;25,58167982;22,82256919;20,4686116;18,11386267;15,86020987;13,70653451;11,65886327;9,688422973;7,83511202;6,233443919;4,93272117;3,875697245;3,293760622;2,852337117;2,459848087;2,11418011;1,785375886;1,548597894;1,317331516;1,109905076;0,916235528;0,728254516
USA-DAL.HEC.CO2-INT (kg/sqm);56,4023765;52,70924044;49,10174837;45,60839991;42,21820604;38,99176691;35,57599214;32,41740423;29,37600222;26,45622482;23,55679495;21,08696051;18,62637481;16,27927125;14,04358863;11,924631;9,892154598;7,986185551;6,342864151;5,010885379;3,930547173;3,335127444;2,883773444;2,483256715;2,13119013;1,797146392;1,556676148;1,322418752;1,112731063;0,917392468;0,728254516
USA-SJ.HEC.CO2-INT (kg/sqm);54,76978554;51,18394829;47,74577356;44,40771303;41,15989191;38,06221392;34,7705677;31,72148342;28,77902464;25,94821975;23,13030146;20,72777981;18,32867412;16,03585517;13,84780931;11,77026041;9,773818984;7,898437048;6,279310149;4,96548633;3,898689928;3,311101763;2,865515787;2,469661774;2,121311601;1,790310942;1,551985124;1,319464785;1,111090253;0,91672081;0,728254516
USA-AUS.HEC.CO2-INT (kg/sqm);58,42880919;54,60249015;50,7848161;47,09870269;43,53177761;40,14550514;36,57565021;33,28113727;30,11692033;27,08670595;24,0861019;21,53271785;18,99582406;16,58134478;14,28653899;12,11618951;10,0389922;8,095064858;6,421719517;5,067212392;3,970071018;3,364933339;2,906422086;2,500119939;2,14344238;1,805623479;1,562492961;1,326081;1,114764816;0,918224696;0,728254516
USA-JAC.HEC.CO2-INT (kg/sqm);75,0144804;70,09811241;64,55959347;59,29528452;54,28148438;49,58672017;44,75555366;40,3483869;36,17888252;32,24474812;28,41609928;25,17893606;22,01758296;19,05178783;16,27324129;13,68245461;11,23944532;8,985071476;7,066207776;5,527503156;4,292997925;3,608409383;3,09138611;2,637796461;2,243439532;1,874783397;1,60992392;1,355924094;1,131323069;0,924992017;0,728254516
USA-WDC.HEC.CO2-INT (kg/sqm);94,64569394;88,43912925;80,8629879;73,73003228;67,00314227;60,75919131;54,43480795;48,71046714;43,35095856;38,34688035;33,5381806;29,49174271;25,59139634;21,9732303;18,62233832;15,53416865;12,65846732;10,03695492;7,827787016;6,071320783;4,674453112;3,895943907;3,309756919;2,800284393;2,361411134;1,956338985;1,6658214;1,39106776;1,15080241;0,93294156;0,728254516
USA-SF.HEC.CO2-INT (kg/sqm);60,05241969;56,11950982;52,12596017;48,27918273;44,5656037;41,04725259;37,35112678;33,94572246;30,68195631;27,56286359;24,48161029;21,86188646;19,26510923;16,7983583;14,45829066;12,2492038;10,13894785;8,167584678;6,473006599;5,102908753;3,994438351;3,382647292;2,919280082;2,509175767;2,149581205;1,809532004;1,564847355;1,327312938;1,115260901;0,918317992;0,728254516
USA-BOS.HEC.CO2-INT (kg/sqm);101,740833;95,06796559;86,7552639;78,94683958;71,60072112;64,79679645;57,93268736;51,73225986;45,94263993;40,55185488;35,38895048;31,05003315;26,88261904;23,02869975;19,47098383;16,20308855;13,17104766;10,41689143;8,102846782;6,267716399;4,812201788;3,999765866;3,388595761;2,858939368;2,403989456;1,985768555;1,685986865;1,403742061;1,157824437;0,935805474;0,728254516
USA-NY.LEI.CO2-INT (kg/sqm);72,17566028;67,4147052;63,80357109;60,16696018;56,50351577;52,90850754;48,90613688;45,12006142;41,3697523;37,67251132;33,89080718;30,63523525;27,30193095;24,05210558;20,89096;17,83457952;14,84358244;11,98711185;9,489181976;7,441052668;5,760794408;4,840664957;4,140449538;3,511759511;2,952962114;2,414986382;2,0269656;1,643298523;1,295976998;0,968327849;0,646781387
USA-LA.LEI.CO2-INT (kg/sqm);65,66042776;61,34657446;57,20902719;53,19214167;49,28402184;45,55671134;41,59626197;37,92776889;34,38769716;30,98208119;27,59211038;24,70190785;21,81593001;19,05789855;16,42598239;13,92705564;11,52576248;9,270143656;7,322780515;5,742642488;4,459628852;3,752941407;3,217042261;2,740964233;2,322024978;1,923960729;1,637348981;1,35772607;1,107145174;0,873411246;0,646781387
USA-CHI.LEI.CO2-INT (kg/sqm);120,1982097;112,2927618;102,9574089;94,13431122;85,78006456;77,99777385;70,06362029;62,85887597;56,08393323;49,73032107;43,59206786;38,41635037;33,3995808;28,72322131;24,37066353;20,33890838;16,56382715;13,10386967;10,1751632;7,837732144;5,971486196;4,933713841;4,151254845;3,468321385;2,877561563;2,329124999;1,935474186;1,560796018;1,231460241;0,931017024;0,646781387
USA-HOU.LEI.CO2-INT (kg/sqm);82,02715665;76,61978593;71,91987946;67,29043006;62,7225213;58,31448467;53,53779118;49,07312089;44,71546171;40,47779722;36,20793686;32,55157854;28,8585554;25,29651304;21,866834;18,58246293;15,39889759;12,38456751;9,765970744;7,630356612;5,887530656;4,930307678;4,203169405;3,553819365;2,979571356;2,430360976;2,034580299;1,645849211;1,295708511;0,967234974;0,646781387
USA-PHO.LEI.CO2-INT (kg/sqm);90,9487388;84,97277528;78,21802492;71,80032801;65,69059734;59,97175727;54,09065894;48,72744262;43,65561183;38,87212891;34,21926744;30,2859713;26,44676902;22,84663476;19,47529781;16,33317904;13,37168732;10,64010602;8,315912564;6,452760883;4,958427858;4,129603253;3,503716519;2,954804958;2,477730936;2,031949175;1,711698595;1,404727479;1,133389969;0,884234574;0,646781387
USA-PHI.LEI.CO2-INT (kg/sqm);119,2770345;111,4259093;102,5816693;94,17525521;86,16882308;78,67181319;70,95691152;63,91906369;57,26070084;50,97816684;44,86404176;39,69447019;34,64592625;29,90965047;25,47237648;21,3349245;17,4334449;13,83319248;10,76873638;8,311389615;6,339847396;5,246541571;4,420840595;3,69644148;3,06663624;2,477872547;2,054877341;1,649222824;1,290518202;0,960990033;0,646781387
USA-SA.LEI.CO2-INT (kg/sqm);73,90565599;69,04165595;64,57340243;60,20848869;55,9359288;51,84020346;47,45066688;43,36848069;39,40924511;35,58195832;31,75133681;28,4789751;25,19438831;22,04216225;19,02172135;16,14256867;13,36476493;10,7458019;8,47818715;6,633808139;5,132683292;4,306965035;3,680295033;3,122210036;2,629959347;2,160788769;1,822841167;1,492081018;1,194951879;0,917040747;0,646781387
USA-SD.LEI.CO2-INT (kg/sqm);64,4354462;60,20195816;56,2006283;52,30789105;48,51280075;44,8870345;41,0231828;37,43929109;33,97486828;30,63649514;27,30717787;24,46674386;21,62535499;18,90595508;16,30719428;13,83634474;11,45868694;9,222364816;7,289690858;5,720156581;4,444684707;3,742483199;3,209833699;2,736231629;2,319126801;1,922370844;1,636659554;1,357598925;1,107305074;0,873611156;0,646781387
USA-DAL.LEI.CO2-INT (kg/sqm);67,8145305;63,35896609;59,00672642;54,79219471;50,7021133;46,80959293;42,68864957;38,87798794;35,20870463;31,68615468;28,18815288;25,20843423;22,23987366;19,40822303;16,71099559;14,1545904;11,70252003;9,40307378;7,420497395;5,813538672;4,510170374;3,791829401;3,247295762;2,76409448;2,339345616;1,936340321;1,64622627;1,363607678;1,110631077;0,874965865;0,646781387
USA-SJ.LEI.CO2-INT (kg/sqm);65,85160985;61,52505029;57,37665573;53,34905583;49,43033601;45,69277421;41,72117639;38,04224625;34,49196712;31,07640608;27,67639363;24,77758582;21,8828996;19,11645565;16,47642765;13,96972185;11,56087779;9,298100348;7,344512252;5,759293346;4,472130027;3,763164444;3,225534281;2,747909156;2,327600686;1,928225598;1,640669087;1,360117287;1,108699066;0,874178948;0,646781387
USA-AUS.LEI.CO2-INT (kg/sqm);70,2509807;65,6352907;61,03002915;56,58346925;52,28068628;48,19582462;43,88950737;39,91533525;36,09833925;32,44299058;28,82336087;25,7432128;22,68295693;19,77036973;17,0021447;14,38405136;11,87832752;9,533367283;7,514810211;5,880867793;4,557385768;3,827407975;3,274305689;2,784183267;2,353923003;1,946411944;1,653123515;1,367939684;1,113028897;0,875942482;0,646781387
USA-JAC.LEI.CO2-INT (kg/sqm);90,19250756;84,26624415;77,59003071;71,24435407;65,20064451;59,5415056;53,71794535;48,4054807;43,37949785;38,63723349;34,02212299;30,1199981;26,30925586;22,73424211;19,38494061;16,26196766;13,31712777;10,59967187;8,286644906;6,431867377;4,943776333;4,11856308;3,495335505;2,948571767;2,473208036;2,028824424;1,709558855;1,403383671;1,132646241;0,883931709;0,646781387
USA-WDC.LEI.CO2-INT (kg/sqm);113,7957954;106,3183058;97,19078992;88,59721134;80,49284887;72,97031738;65,35088327;58,45436307;51,99738218;45,96861351;40,17523117;35,30019986;30,60117539;26,24211361;22,20505589;18,48451841;15,01995663;11,86163434;9,200092759;7,083953055;5,401047294;4,463121926;3,756900801;3,14310304;2,614361234;2,126342027;1,776334846;1,445319608;1,155854866;0,893382416;0,646781387
USA-SF.LEI.CO2-INT (kg/sqm);72,20310383;67,45926014;62,64227324;58,00232178;53,52303315;49,27922684;44,82099014;40,71341932;36,77669131;33,0144672;29,29788469;26,13799525;23,00578382;20,03040903;17,2078386;14,54325612;11,99788266;9,620040535;7,576054326;5,923453519;4,586425593;3,848488226;3,28957849;2,794914022;2,361174005;1,951009442;1,655872822;1,369360752;1,113585321;0,876034396;0,646781387
USA-BOS.LEI.CO2-INT (kg/sqm);122,3265268;114,2883912;104,2749113;94,86888384;86,01975003;77,82374282;69,55523746;62,08620289;55,11202711;48,61828779;42,39905348;37,17239394;32,15232719;27,50989626;23,2242719;19,28776546;15,6353692;12,31771279;9,530214749;7,31961681;5,566304005;4,587643745;3,851428277;3,213404221;2,665371586;2,161582717;1,800465713;1,46047364;1,164241286;0,896797258;0,646781387
USA-NY.Resi.CO2-INT (kg/sqm);42,09130616;39,64656369;36,74818365;33,9637245;31,28289497;28,74887312;26,09785024;23,660068;21,32964023;19,10810632;16,92001163;15,06160082;13,22488415;11,48440834;9,837361334;8,286271298;6,808338923;5,43099828;4,2493135;3,295430051;2,524953428;2,099285741;1,777055437;1,492355227;1,243135229;1,007997166;0,838846321;0,675036347;0,529075044;0,393807666;0,263578302
USA-LA.Resi.CO2-INT (kg/sqm);37,83147743;35,80150693;33,33646794;30,94874586;28,63097714;26,42472692;24,08872308;21,92835016;19,84799158;17,85076693;15,86753039;14,17804352;12,49505897;10,88985848;9,361067182;7,912333557;6,52301954;5,220474688;4,097638799;3,187687241;2,449784379;2,043008667;1,73465895;1,461100327;1,220689055;0,992667539;0,828518176;0,668678492;0,52565208;0,392469349;0,263578302
USA-CHI.Resi.CO2-INT (kg/sqm);50,285625;47,04183451;43,30888342;39,76044379;36,38057917;33,21555034;29,95822756;26,98660571;24,17504752;21,5220402;18,94000314;16,75679077;14,62458845;12,62419269;10,75001859;9,002429433;7,354469633;5,833716526;4,539266797;3,501254095;2,66844484;2,20661039;1,857813992;1,551808782;1,285762209;1,037054532;0,858369841;0,687013123;0,535491219;0,396297093;0,263578302
USA-HOU.Resi.CO2-INT (kg/sqm);45,91278705;43,0953744;39,80776246;36,6669961;33,66015107;30,83184259;27,89805962;25,21131238;22,65650373;20,23374935;17,8619398;15,85205885;13,87754596;12,01586173;10,26290076;8,62018139;7,062966024;5,618755083;4,384492021;3,391383345;2,591845263;2,149315109;1,814698739;1,520065828;1,263001457;1,021537974;0,847943033;0,680615746;0,532063249;0,394966596;0,263578302
USA-PHO.Resi.CO2-INT (kg/sqm);49,04523214;45,92238174;42,31575021;38,88294674;35,60888926;32,53937167;29,37382219;26,48300647;23,74427705;21,15658301;18,63417939;16,50013465;14,41266341;12,45161579;10,61182651;8,893986456;7,271769193;5,77273015;4,495354973;3,470081489;2,646711445;2,190353655;1,845580186;1,542801433;1,279303301;1,032651073;0,855410548;0,685197245;0,534518044;0,395919282;0,263578302
USA-PHI.Resi.CO2-INT (kg/sqm);44,8259049;42,11447917;38,93756548;35,89813398;32,98400922;30,23939756;27,38603395;24,77009481;22,27910276;19,91357834;17,59402045;15,62722041;13,6918998;11,86469036;10,14185447;8,525197648;6,990533571;5,565343698;4,346036722;3,364086055;2,572815017;2,135081615;1,803988658;1,512181353;1,257348595;1,017684722;0,845354159;0,679027678;0,531212558;0,394636575;0,263578302
USA-SA.Resi.CO2-INT (kg/sqm);41,36696655;38,99286834;36,16827061;33,45135205;30,83232057;28,35408189;25,7566564;23,36606521;21,07816807;18,89477426;16,74150092;14,91179956;13,10120001;11,38369684;9,756723189;8,22299869;6,760091415;5,395422974;4,223701589;3,277250878;2,512280811;2,089808307;1,769924936;1,487106682;1,239372861;1,005433057;0,837124065;0,673980258;0,528509612;0,393588485;0,263578302
USA-SD.Resi.CO2-INT (kg/sqm);37,1256815;35,16528612;32,77275674;30,45135085;28,19419964;26,04261536;23,75903761;21,64477759;19,6059176;17,64584799;15,69646115;14,03485803;12,37717337;10,79417019;9,284717657;7,852656984;6,47770736;5,18721828;4,07381645;3,170870022;2,438128066;2,034356654;1,728209336;1,456404868;1,217367816;0,990438821;0,827055236;0,667807969;0,525206447;0,392308961;0,263578302
USA-DAL.Resi.CO2-INT (kg/sqm);37,95760118;35,91605077;33,43876535;31,03977495;28,71163728;26,49597701;24,15083646;21,98237322;19,89466446;17,89079035;15,90141245;14,20683818;12,51916117;10,90977812;9,377276451;7,925277313;6,533077969;5,228041925;4,103203809;3,191726679;2,452665466;2,045227057;1,736386356;1,46242242;1,221680317;0,993376981;0,82902788;0,669016929;0,525853213;0,39255936;0,263578302
USA-SJ.Resi.CO2-INT (kg/sqm);37,94163055;35,90163806;33,4259797;31,02847868;28,70170374;26,48727354;24,14331482;21,97589213;19,88912114;17,88608795;15,89747777;14,20353647;12,51643524;10,90755862;9,375499449;7,92388309;6,532014909;5,227258144;4,102639589;3,191326238;2,452386349;2,045018342;1,736229352;1,462306877;1,22159751;0,993320561;0,828989998;0,668993712;0,525840791;0,39255455;0,263578302
USA-AUS.Resi.CO2-INT (kg/sqm);21,5222475;21,08539779;20,28372013;19,41844486;18,49347551;17,54428809;16,4157605;15,31838008;14,19583249;13,0573411;11,85787154;10,81450068;9,719067657;8,630487453;7,552923204;6,494355193;5,442414955;4,42421214;3,524786683;2,781389944;2,1667821;1,831581085;1,57578997;1,344336828;1,137138964;0,935844187;0,790466024;0,645434455;0,513276181;0,387713704;0,263578302
USA-JAC.Resi.CO2-INT (kg/sqm);47,84341578;44,83774828;41,35351115;38,03275033;34,86121157;31,88423651;28,80760727;25,9950853;23,32691998;20,80250791;18,33788267;16,25147594;14,20734382;12,28441957;10,47794452;8,788926989;7,19165014;5,713648236;4,452815074;3,439883306;2,625657783;2,174605725;1,833729605;1,534076525;1,27304717;1,028386052;0,852544478;0,683438716;0,533575716;0,395553513;0,263578302
USA-WDC.Resi.CO2-INT (kg/sqm);45,7451871;42,94411763;39,67357542;36,54843496;33,55588748;30,74048515;27,81910297;25,14327447;22,59830648;20,1843771;17,82062492;15,81738719;13,8489179;11,99254983;10,24423431;8,60553394;7,05179614;5,610518401;4,378561705;3,387173708;2,588910499;2,147120056;1,813047036;1,51884987;1,262129646;1,020943694;0,847543744;0,680370805;0,531932032;0,394915687;0,263578302
USA-SF.Resi.CO2-INT (kg/sqm);25,0922383;24,30645033;23,14049481;21,94181927;20,7118585;19,48741781;18,09452296;16,76442238;15,43219939;14,10573904;12,73473087;11,5499554;10,32595392;9,124342841;7,948071575;6,804170425;5,67846097;4,598101877;3,649852566;2,870066635;2,228529463;1,877692733;1,610421287;1,369774541;1,155327841;0,948204454;0,798733159;0,650476582;0,515954728;0,388739304;0,263578302
USA-BOS.Resi.CO2-INT (kg/sqm);58,7195453;54,65352778;50,06175707;45,72712456;41,62788562;37,81347702;33,93217644;30,41113808;27,10439546;24,00729631;21,01977794;18,50224412;16,06587896;13,79791634;11,68991871;9,740022721;7,916994796;6,248562749;4,83798217;3,713320867;2,816305139;2,317219103;1,941058678;1,613105579;1,32972192;1,067029063;0,878518107;0,699379786;0,54212137;0,398872625;0,263578302