";2020;2021;2022;2023;2024;2025;2026;2027;2028;2029;2030;2031;2032;2033;2034;2035;2036;2037;2038;2039;2040;2041;2042;2043;2044;2045;2046;2047;2048;2049;2050"
"AT.RSF.GHG-INT (kg/sqm);27,66489034;25,70277925;23,60896466;21,605849;19,58946049;17,84727012;16,07266936;14,40872829;12,89470892;11,47509298;10,08182114;8,925674839;7,798033149;6,753815709;5,781996312;4,881863585;4,004146038;3,231971233;2,578223798;2,056242955;1,639255109;1,406845438;1,231322653;1,077979082;0,945178091;0,821818551;0,732956527;0,648344892;0,573863964;0,505855897;0,441499576"
"BE.RSF.GHG-INT (kg/sqm);44,11119037;40,95356789;37,564133;34,32482123;31,08328299;28,27244479;25,41567563;22,74637051;20,31608825;18,04090967;15,81313297;13,96491195;12,16518044;10,50019936;8,952363065;7,520133619;6,12518103;4,898327648;3,860366774;3,03220515;2,371092458;2,003314766;1,725959974;1,483847342;1,274342708;1,079771006;0,93996328;0,806807454;0,689639773;0,58261674;0,481209721"
"BG.RSF.GHG-INT (kg/sqm);30,83238369;28,19288516;26,19902079;24,27148477;21,68261491;19,9796484;18,22140708;16,24925854;14,72667902;13,28673996;11,72520879;10,53600891;9,319147132;8,223581162;7,194522413;6,232518916;5,062592489;4,22080688;3,502935544;2,926577013;2,463707509;2,208302558;2,015955977;1,847312439;1,700903;1,564029046;1,466668142;1,373366706;1,291281081;1,216193848;1,1448067"
"CY.RSF.GHG-INT (kg/sqm);28,22284067;25,78011541;24,30232035;22,83067842;20,38749085;19,0418985;17,61073172;15,7978433;14,52292689;13,29425864;11,85983726;10,81275903;9,691317319;8,676673625;7,699644349;6,762763934;5,525685206;4,663803933;3,912415855;3,297040293;2,792350508;2,512925701;2,299073585;2,106876907;1,935677376;1,770899554;1,650419541;1,531331959;1,422990262;1,320445044;1,219669862"
"CZ.RSF.GHG-INT (kg/sqm);60,69786376;56,2677526;51,61983059;47,17281097;42,63935805;38,77597852;34,84943131;31,14141316;27,8011745;24,67476004;21,59913223;19,06058136;16,58515963;14,30118402;12,17934851;10,21752632;8,284805098;6,60816094;5,190881001;4,060855399;3,159456668;2,65714257;2,278183295;1,947658209;1,661887971;1,396926776;1,206328414;1,025162645;0,865943923;0,720779928;0,583597859"
"DK.RSF.GHG-INT (kg/sqm);18,23014332;17,09314365;15,80731314;14,56319242;13,32446356;12,22091432;11,07831176;10,01249819;9,019150035;8,078197501;7,150039987;6,371112779;5,60464573;4,88600625;4,210731864;3,579300119;2,968110703;2,415590878;1,944342495;1,565870644;1,261762451;1,093561171;0,96658228;0,855020196;0,757902357;0,666902873;0,601650694;0,538919988;0,483395803;0,432313458;0,383507202"
"EE.RSF.GHG-INT (kg/sqm);86,36390644;80,86145747;74,58505178;68,54052667;62,60850108;57,2838955;51,78855187;46,70093257;41,94151632;37,43871079;33,01019564;29,28748335;25,62647063;22,18894578;18,95595321;15,92919855;13,00951997;10,35168217;8,081002905;6,254359131;4,78389134;3,970233407;3,355089878;2,813413635;2,340733214;1,896559274;1,57724516;1,26926031;0,99565462;0,742899239;0,50031924"
"FI.RSF.GHG-INT (kg/sqm);22,86170161;21,44624171;19,86340149;18,32912581;16,77551631;15,41196633;13,9958681;12,66094955;11,42648216;10,25444628;9,087902016;8,113451363;7,147926445;6,240906417;5,384779288;4,580437857;3,785661799;3,07413012;2,464839011;1,973983233;1,578375009;1,360660702;1,196455767;1,05181336;0,925630673;0,806909126;0,722167444;0,640336956;0,567795118;0,500872845;0,436679962"
"FR.RSF.GHG-INT (kg/sqm);19,3660825;17,98529317;16,62753829;15,31521933;13,87443885;12,71765837;11,52866156;10,35438928;9,330360453;8,36505708;7,387330149;6,5940868;5,806574772;5,079989815;4,399161486;3,764138496;3,100062687;2,54699724;2,076088638;1,698405307;1,395351911;1,227496837;1,100817806;0,989704174;0,893131205;0,80283697;0,738068171;0,675902002;0,620884595;0,570238006;0,521779424"
"DE.RSF.GHG-INT (kg/sqm);42,92694638;39,93696869;36,57875727;33,37054152;30,27245937;27,4892079;24,67239016;22,09349697;19,69982115;17,46183777;15,30061332;13,48201413;11,72512807;10,09472352;8,58081617;7,181796421;5,857069386;4,661657459;3,651525018;2,84645085;2,203944422;1,847126635;1,577645122;1,342812867;1,13999904;0,952453371;0,817339424;0,689371734;0,577127231;0,474982616;0,37856606"
"EL.RSF.GHG-INT (kg/sqm);38,41083071;35,59699254;32,68699252;29,90882463;27,04126417;24,63309309;22,18531897;19,85238632;17,7697646;15,8187654;13,88616682;12,29854841;10,743095;9,307342143;7,969727962;6,72917362;5,487871632;4,420445754;3,515494399;2,792095755;2,213527842;1,891328004;1,647969548;1,435187866;1,250799849;1,079347345;0,95600594;0,838454598;0,734959494;0,640400347;0,550812807"
"HU.RSF.GHG-INT (kg/sqm);21,97405783;20,71361376;19,31905276;17,93258863;16,45098774;15,18450435;13,8504775;12,56296728;11,38415028;10,256995;9,119115122;8,161643763;7,20662033;6,307988732;5,456472638;4,653460861;3,849366324;3,134627696;2,52094878;2,025363385;1,624975552;1,404066077;1,237041557;1,08957015;0,960590435;0,838932118;0,751672454;0,66714543;0,591858628;0,522056195;0,454769269"
"IE.RSF.GHG-INT (kg/sqm);40,37898975;38,1129889;35,34081779;32,62830105;29,9937723;27,55350652;25,00379876;22,66075448;20,4233357;18,29290094;16,19734476;14,41846862;12,66261223;11,00050445;9,429227926;7,950965686;6,543874015;5,23381494;4,110718956;3,204713846;2,473379328;2,069263446;1,763463243;1,493471065;1,257276543;1,034570955;0,874406187;0,719360151;0,581230056;0,453217641;0,329948305"
"IT.RSF.GHG-INT (kg/sqm);27,09194903;25,2674594;23,26886572;21,34768554;19,42227947;17,7391446;16,01464527;14,40120655;12,92044383;11,52676824;10,15550794;9,013208523;7,894233058;6,852325917;5,878026702;4,971168893;4,08746495;3,301203481;2,63278547;2,097301469;1,668075957;1,429748203;1,24973509;1,09194416;0,95486784;0,826903229;0,734902092;0,646819112;0,56901576;0,497650336;0,429737293"
"LV.RSF.GHG-INT (kg/sqm);28,48410343;26,38000147;24,3883196;22,46831162;20,35871578;18,63957622;16,87037847;15,14130292;13,6143858;12,17383192;10,72482097;9,540286796;8,368999864;7,286415125;6,273666315;5,330961483;4,364389899;3,547373203;2,853281592;2,297760916;1,853045589;1,606709759;1,42112845;1,258849711;1,118272422;0,987361868;0,893811346;0,804468602;0,725866068;0,654002023;0,585761249"
"LT.RSF.GHG-INT (kg/sqm);30,54925407;28,67933311;26,48065984;24,33642836;22,22806163;20,31912007;18,35100645;16,53543342;14,83551454;13,23188652;11,66350074;10,34469744;9,054263993;7,846385533;6,714831622;5,659773335;4,650740927;3,732688831;2,95137258;2,324985917;1,822572433;1,544237313;1,33420855;1,150038038;0,989986311;0,840341458;0,732959105;0,629887111;0,538679625;0,45478445;0,374664112"
"LU.RSF.GHG-INT (kg/sqm);32,58375198;30,26317583;27,64744081;25,157577;22,78258161;20,63726806;18,47130311;16,50641888;14,67830703;12,97468211;11,33749531;9,964063444;8,641333417;7,416858547;6,284104324;5,241142081;4,265909547;3,38182672;2,637040637;2,044953278;1,574076173;1,311571484;1,113880626;0,942021289;0,7939188;0,657144776;0,558976302;0,466055995;0,384711289;0,310857468;0,241366277"
"MT.RSF.GHG-INT (kg/sqm);20,04186068;18,3336383;17,11400343;15,93589176;14,23623722;13,18932678;12,10025277;10,8226521;9,879870965;8,98429878;7,981490234;7,236099529;6,455666046;5,750724802;5,077994962;4,439100324;3,635547959;3,06054682;2,564397504;2,160188473;1,834010862;1,654734675;1,521634909;1,406574587;1,307269294;1,217253925;1,15698367;1,10059904;1,047770442;0,996425399;0,938969956"
"NL.RSF.GHG-INT (kg/sqm);29,19910726;27,38438342;25,2789559;23,24249108;21,25323626;19,45130707;17,59068435;15,87555604;14,26373078;12,7395233;11,24585799;9,987168751;8,752443588;7,593323559;6,50474649;5,487232201;4,514978944;3,625015568;2,865944122;2,256218411;1,766180175;1,494850249;1,28987826;1,109735449;0,952851573;0,805817235;0,700229831;0,598688643;0,508727791;0,425886047;0,34666927"
"PL.RSF.GHG-INT (kg/sqm);82,23591143;77,10966977;71,09166121;65,26591551;59,62080918;54,45413791;49,12190603;44,2291701;39,60939035;35,24504943;30,98785851;27,39175553;23,87878896;20,58746165;17,50696577;14,63836782;11,92550375;9,438218421;7,324498709;5,631971276;4,276207091;3,523447422;2,955191465;2,457600764;2,025845644;1,623393313;1,3344235;1,058237696;0,814719338;0,591744137;0,379875664"
"PT.RSF.GHG-INT (kg/sqm);13,89682171;12,49514463;11,72697792;10,98127835;9,677953545;9,013526447;8,319423328;7,39366878;6,784984123;6,205404742;5,51225839;5,029147607;4,511635292;4,061671555;3,637335567;3,239224404;2,650554742;2,298566495;1,998047717;1,757056732;1,563952385;1,460006846;1,383013876;1,316009907;1,258450518;1,204839083;1,168397359;1,133544871;1,103348297;1,075774317;1,049068475"
"RO.RSF.GHG-INT (kg/sqm);27,98007858;26,06774344;24,10701104;22,21474138;20,20600417;18,5354265;16,80927737;15,13732689;13,64029962;12,22320119;10,79884719;9,626647519;8,464223867;7,382683384;6,366201986;5,415422132;4,449973558;3,617158433;2,906379554;2,335084766;1,875525202;1,621121994;1,428706069;1,259194733;1,111135046;0,971897293;0,871485388;0,774619217;0,688580091;0,609321939;0,533756915"
"SK.RSF.GHG-INT (kg/sqm);25,57248361;23,89528802;22,05162648;20,2829088;18,51248675;16,94283289;15,32281279;13,80025128;12,39680031;11,07056455;9,761716773;8,668301977;7,595002684;6,593747881;5,656525656;4,78381389;3,934695814;3,178476302;2,536120947;2,02203278;1,610508904;1,382096585;1,209817649;1,059134035;0,928544472;0,806956614;0,719797486;0,636572817;0,563273282;0,496218224;0,432554969"
"SI.RSF.GHG-INT (kg/sqm);26,999231;25,17995589;23,19997858;21,29692497;19,37995876;17,7115418;15,99968677;14,39229715;12,91955233;11,53184874;10,16271102;9,023124412;7,904788083;6,863126052;5,888230592;4,98014576;4,090719068;3,302288808;2,631803392;2,094580616;1,663932712;1,425054311;1,244729652;1,086693897;0,9494458;0,821320824;0,729350643;0,641292206;0,563549593;0,492252495;0,424384654"
"ES.RSF.GHG-INT (kg/sqm);16,6981464;15,56102062;14,33522885;13,15840345;11,96994547;10,94034673;9,886425764;8,895774488;7,991409022;7,14070474;6,302462476;5,60593794;4,923889846;4,29032464;3,698813013;3,149236483;2,610673625;2,136075058;1,733368699;1,411313596;1,153654447;1,01057346;0,902637761;0,808239751;0,72642518;0,650264953;0,595621014;0,54347456;0,497575802;0,455648125;0,415936323"
"SE.RSF.GHG-INT (kg/sqm);4,077813897;3,825695883;3,577724238;3,334769232;3,060565934;2,842306122;2,613890189;2,385456995;2,185175328;1,994350296;1,798480899;1,639150244;1,478933532;1,329516598;1,188043949;1,054744718;0,914908644;0,79646943;0,695037662;0,613492077;0,547976004;0,512764305;0,48663564;0,463793678;0,444065746;0,425564247;0,412887209;0,400666585;0,390005128;0,38025991;0,370916213"
"UK.RSF.GHG-INT (kg/sqm);33,20070181;30,75959335;28,24396774;25,83571447;23,35051097;21,25630916;19,12715111;17,10147543;15,28929922;13,59274919;11,91728709;10,53935378;9,193644325;7,954018789;6,802530037;5,738102888;4,678889219;3,769758811;3,001487188;2,389069613;1,900692421;1,628269704;1,42267956;1,243422192;1,08848752;0,944948512;0,841624084;0,743517105;0,657352734;0,57887495;0,504816286"
"HR.RSF.GHG-INT (kg/sqm);24,30158698;22,14177875;20,73048203;19,34904732;17,22779306;15,98883248;14,6898575;13,11532425;11,9728079;10,8817348;9,64672382;8,732075555;7,774058357;6,913850271;6,09775566;5,327050192;4,33759708;3,650219657;3,058492782;2,57913973;2,190375462;1,97477874;1,810799643;1,665146214;1,536870993;1,415070157;1,326564395;1,240223768;1,162539557;1,089834433;1,019164589"
"CH.RSF.GHG-INT (kg/sqm);27,1520474;25,25749067;23,16525641;21,15819543;19,17956705;17,43296308;15,66001663;14,02151766;12,51659568;11,11021837;9,743562854;8,604756374;7,500831044;6,479253825;5,531305058;4,655711047;3,816817564;3,069507139;2,438048045;1,934679786;1,533197996;1,309349936;1,140432247;0,99309608;0,865690684;0,74755332;0,662504442;0,581652285;0,510561376;0,445716928;0,384413506"
"NO.RSF.GHG-INT (kg/sqm);5,401418387;4,9322224;4,589511641;4,260701561;3,820915201;3,534523877;3,242344948;2,915375178;2,665782869;2,431446093;2,178960081;1,987692296;1,793535051;1,62028619;1,458511912;1,308397409;1,125834906;0,996720909;0,88713477;0,79935324;0,728962364;0,689306812;0,659107704;0,632577889;0,609319344;0,587611348;0,57166379;0,556408588;0,542836349;0,530335967;0,518435895"
"AT.RMF.GHG-INT (kg/sqm);20,77988167;19,40271476;17,94441374;16,53500715;15,07050886;13,8240927;12,53534968;11,30391269;10,18571615;9,127023996;8,070435439;7,194510497;6,328313242;5,519677346;4,759369783;4,047873309;3,339430959;2,715878783;2,183504416;1,755483279;1,411151064;1,220447769;1,076271739;0,949421235;0,838827078;0,735057205;0,660458876;0,588649266;0,524971587;0,466290759;0,410147789"
"BE.RMF.GHG-INT (kg/sqm);44,11119037;40,82965708;37,33719944;34,01434057;30,70720998;27,84557439;24,95608172;22,26582506;19,82653509;17,55292555;15,33811394;13,50462288;11,72868008;10,09345778;8,580485221;7,187217279;5,835388468;4,653923008;3,658423261;2,866876278;2,237225507;1,886209708;1,621796838;1,391832974;1,193556281;1,010333116;0,878728846;0,754063426;0,644822725;0,545530167;0,451974733"
"BG.RMF.GHG-INT (kg/sqm);32,45691272;29,58428616;27,359845;25,22551873;22,45285415;20,59031736;18,68864925;16,59476578;14,96852026;13,4416423;11,80820564;10,56205079;9,300300696;8,171170264;7,11881761;6,142741646;4,967249366;4,127159431;3,415400947;2,84705239;2,393151872;2,141572844;1,952332477;1,787376818;1,644976746;1,512949873;1,418996861;1,329787465;1,251840286;1,181137837;1,114580322"
"CY.RMF.GHG-INT (kg/sqm);28,22284067;25,71102335;24,17319422;22,65049037;20,16491826;18,784243;17,32774332;15,49590536;14,20893123;12,97465115;11,54204432;10,49814035;9,386424771;8,386303415;7,428279833;6,514421898;5,304668007;4,473182619;3,751298163;3,162059538;2,680445408;2,412743095;2,207875007;2,024392238;1,861489854;1,705506217;1,591284237;1,479022257;1,377271645;1,281421274;1,187758489"
"CZ.RMF.GHG-INT (kg/sqm);57,49737024;53,21777801;48,76480386;44,51234132;40,17149052;36,48892044;32,75636193;29,22893361;26,06394398;23,10698077;20,20090449;17,80726661;15,47717889;13,33257049;11,34413785;9,50932074;7,698942411;6,137455325;4,819750044;3,770624139;2,934988569;2,468924304;2,117484515;1,811432841;1,547218978;1,3027531;1,126931355;0,960185711;0,813895048;0,680791003;0,555298764"
"DK.RMF.GHG-INT (kg/sqm);17,91776363;16,75764624;15,45858954;14,20657822;12,96485836;11,86144829;10,72568742;9,669005384;8,688005291;7,762223687;6,852972145;6,091228723;5,345054112;4,64823582;3,99606174;3,388661896;2,802651963;2,275595013;1,827512492;1,468578773;1,180922263;1,02131414;0,900813802;0,795212784;0,703499404;0,617894658;0,556396068;0,497523299;0,445541204;0,397875662;0,352524034"
"EE.RMF.GHG-INT (kg/sqm);86,36390644;80,61491128;74,13071297;67,91495306;61,84586373;56,41259158;50,84439803;45,70740207;40,92298191;36,41720899;32,01001515;28,31276575;24,69724674;21,3189597;18,15735336;15,21216929;12,38460764;9,825389717;7,648208442;5,903147099;4,503655531;3,728014849;3,142555665;2,629148643;2,182982797;1,766006805;1,46674397;1,179802903;0,926181282;0,693224787;0,47103608"
"FI.RMF.GHG-INT (kg/sqm);22,86170161;21,38122482;19,74314816;18,16295511;16,57220696;15,17884365;13,74227449;12,39301891;11,15062974;9,976509453;8,814360891;7,845438168;6,890845619;5,998508996;5,160410931;4,376934093;3,605971197;2,920118689;2,335220671;1,865610308;1,488434331;1,2802185;1,123265493;0,985510059;0,865752703;0,753659702;0,673598217;0,596728546;0,528862168;0,466567216;0,40716388"
"FR.RMF.GHG-INT (kg/sqm);18,98278827;17,58474901;16,22053149;14,90690494;13,46942415;12,31854964;11,14202498;9,9819035;8,97476678;8,028707518;7,073578261;6,30056962;5,5360897;4,833706981;4,178028333;3,568776657;2,93134338;2,404931386;1,958096084;1,600611583;1,314484675;1,155542965;1,035592858;0,930640094;0,839629516;0,754849373;0,693937607;0,635707897;0,584295435;0,537114472;0,492145381"
"DE.RMF.GHG-INT (kg/sqm);33,42507176;31,24771073;28,77232834;26,38860401;24,05612869;21,96047276;19,81525533;17,83396452;15,98649421;14,24603127;12,54782966;11,11557881;9,718440362;8,412229153;7,189508732;6,050346118;4,959165669;3,969067528;3,12672323;2,451522861;1,909485126;1,609601942;1,382703894;1,18376801;1,010933721;0,84978446;0,733625802;0,622623585;0,52459092;0,434651793;0,348962491"
"EL.RMF.GHG-INT (kg/sqm);32,01027267;29,71833454;27,38061012;25,13851921;22,77064941;20,8120134;18,8077238;16,87063275;15,15207507;13,53496423;11,91644222;10,59086432;9,28244927;8,071459824;6,937847266;5,881419321;4,807678733;3,889537266;3,108001309;2,481126208;1,978004331;1,698423756;1,487034245;1,301538686;1,140234622;0,989511693;0,881062998;0,777158789;0,685312497;0,600995136;0,520671104"
"HU.RMF.GHG-INT (kg/sqm);24,51050726;22,97188165;21,28438184;19,626559;17,89643249;16,40911415;14,86785064;13,39965047;12,06112609;10,79413092;9,533280657;8,474926175;7,433081664;6,462364344;5,552373705;4,703456819;3,8648997;3,126273566;2,497680249;1,993733233;1,589599215;1,365031868;1,195392692;1,046741147;0,917661055;0,797237357;0,710659566;0,627799423;0,554600629;0,487432173;0,42347928"
"IE.RMF.GHG-INT (kg/sqm);40,37898975;37,99616655;35,12429106;32,32861069;29,62665875;27,13218986;24,54526474;22,17620356;19,92452413;17,79056075;15,70340978;13,93508598;12,19976552;10,56515087;9,027581399;7,588301386;6,225672281;4,96356288;3,886100074;3,019977136;2,323381287;1,937572899;1,645956332;1,389490087;1,165985878;0,956365001;0,805702278;0,66069766;0,532103979;0,413565509;0,300102396"
"IT.RMF.GHG-INT (kg/sqm);27,09194903;25,19088478;23,12804855;21,15422411;19,18695605;17,47088862;15,72453737;14,09648828;12,60854557;11,2143382;9,849790539;8,715386701;7,610174779;6,585980678;5,632830068;4,749941456;3,893097994;3,135378659;2,493801748;1,981518368;1,572267833;1,344342491;1,172275667;1,021962653;0,891804743;0,770889502;0,68387642;0,601011411;0,528082799;0,461492961;0,39846879"
"LV.RMF.GHG-INT (kg/sqm);28,48410343;26,30159749;24,24370812;22,26902931;20,11594132;18,36246321;16,5703698;14,82591632;13,29136509;11,85012925;10,40801795;9,231669195;8,074716098;7,010612588;6,01994793;5,102279367;4,163757412;3,376535029;2,7104604;2,179162398;1,755305761;1,519890015;1,342675181;1,188269433;1,054977005;0,931476562;0,843196863;0,75935319;0,685885974;0,619045285;0,555934844"
"LT.RMF.GHG-INT (kg/sqm);30,54925407;28,5918057;26,3191685;24,1140179;21,95702242;20,00970298;18,0160118;16,18324982;14,47477164;12,87032608;11,30958123;9,999830092;8,725336918;7,538065091;6,431195793;5,404189016;4,426663617;3,542158558;2,79245481;2,193455695;1,714679511;1,448739333;1,248225277;1,073028626;0,921301954;0,780151873;0,678836394;0,582119886;0,496879506;0,418856413;0,344769968"
"LU.RMF.GHG-INT (kg/sqm);32,58375198;30,17059554;27,47840503;24,9270266;22,50419933;20,32227974;18,13323827;16,1540589;14,32047327;12,61911489;10,99245417;9,630762035;8,326231886;7,124134733;6,017275176;5,002970011;4,059173914;3,207931015;2,493702991;1,927855406;1,4794278;1,228939782;1,040523102;0,877325717;0,737190309;0,608413793;0,516027416;0,429048104;0,35322084;0,284714372;0,220616098"
"MT.RMF.GHG-INT (kg/sqm);20,04186068;18,28277779;17,01989606;15,80575872;14,07711272;13,00672226;11,90147788;10,61224964;9,6626636;8,764713231;7,764360997;7,022147595;6,24910987;5,55449954;4,894900759;4,27168399;3,48628144;2,931239171;2,454327298;2,066891059;1,755425366;1,583564562;1,456103363;1,346434259;1,252152753;1,167377437;1,110721195;1,058192774;1,008948188;0,961138402;0,907339131"
"NL.RMF.GHG-INT (kg/sqm);29,19910726;27,30075652;25,12469198;23,02992471;20,99393783;19,15491406;17,26932766;15,53719581;13,91661171;12,39108373;10,90426953;9,653824194;8,434048255;7,294455447;6,229431189;5,238821308;4,296927398;3,439414218;2,711006964;2,127907394;1,660904218;1,401634453;1,20593082;1,034558111;0,88583564;0,747157764;0,647549637;0,552289023;0,468236156;0,391215996;0,317986273"
"PL.RMF.GHG-INT (kg/sqm);66,60604006;62,68570628;58,01681988;53,46872627;49,0268316;44,9517477;40,70748852;36,79239652;33,07756675;29,54764018;26,07894337;23,14259554;20,25327594;17,53029714;14,96607275;12,56346695;10,27436082;8,16407154;6,361405125;4,911530157;3,744799841;3,098354421;2,609443768;2,179202629;1,804047099;1,452057705;1,198892419;0,95521139;0,73907851;0,539843154;0,349129624"
"PT.RMF.GHG-INT (kg/sqm);13,89682171;12,46265873;11,66670303;10,89768216;9,5752707;8,895317278;8,190296536;7,256676571;6,643344549;6,062063483;5,370489532;4,88954982;4,376938823;3,933772318;3,51791854;3,129711658;2,552418554;2,212732633;1,92386232;1,692934358;1,508475603;1,408700174;1,334746517;1,270591893;1,215643656;1,164737168;1,130019114;1,097021707;1,06852792;1,042621726;1,01765263"
"RO.RMF.GHG-INT (kg/sqm);27,98007858;25,98976339;23,96312374;22,01637501;19,96386741;18,25843586;16,50869306;14,82054296;13,31499691;11,8963268;10,47804966;9,313245674;8,164510563;7,100965179;6,106270104;5,180437757;4,243197363;3,440575675;2,758339125;2,211818834;1,77368299;1,530393743;1,346472232;1,184996074;1,044409744;0,9128455;0,817872864;0,72674725;0,646112299;0,572193602;0,502142445"
"SK.RMF.GHG-INT (kg/sqm);20,10707525;18,86084965;17,4966914;16,17762467;14,82569444;13,63931345;12,39985616;11,21870935;10,13055005;9,0943419;8,058702592;7,193791767;6,335735462;5,53005175;4,769891498;4,056417622;3,351472063;2,72294585;2,185628783;1,753351948;1,405486735;1,213408789;1,068457496;0,941005464;0,830000318;0,725854549;0,651355489;0,579623119;0,516100293;0,457583395;0,401557095"
"SI.RMF.GHG-INT (kg/sqm);26,999231;25,10373317;23,05974865;21,10417541;19,14537812;17,44398932;15,71019328;14,08808037;12,60803745;11,21969499;9,857188834;8,725440106;7,620848194;6,596918654;5,64323026;4,759210209;3,896776241;3,137050182;2,493578874;1,979726489;1,569217678;1,340861719;1,168593352;1,018145062;0,887923116;0,766957142;0,680072008;0,597330029;0,524558344;0,458132691;0,395251813"
"ES.RMF.GHG-INT (kg/sqm);16,6981464;15,51396609;14,24867768;13,03944962;11,82517714;10,77522075;9,707701129;8,707873982;7,798864557;6,94756628;6,113130763;5,421136674;4,747166933;4,124056429;3,54505439;3,009660989;2,48698693;2,029246848;1,642335723;1,333855131;1,087805623;0,950593544;0,847047503;0,756747613;0,678686591;0,60634576;0,55428977;0,50485854;0,461463479;0,421972403;0,384755068"
"SE.RMF.GHG-INT (kg/sqm);3,979494965;3,724325877;3,475564801;3,232745973;2,959508458;2,742612905;2,516905038;2,291423604;2,094609855;1,907703399;1,716453707;1,561153226;1,405574225;1,261043144;1,124664597;0,996602184;0,862211188;0,749233211;0,652681547;0,575131968;0,512863295;0,479032737;0,45377353;0,431666576;0,412531059;0,394609318;0,382115139;0,370093245;0,359548307;0,349883909;0,340625809"
"UK.RMF.GHG-INT (kg/sqm);28,18289511;26,14611639;24,07475542;22,08396992;19,98892623;18,24649075;16,46504118;14,75010278;13,22401492;11,79003443;10,3616626;9,189913172;8,038565936;6,975749191;5,984704331;5,065057721;4,13757384;3,345812276;2,674593278;2,138113673;1,709129031;1,47025906;1,289848861;1,132107879;0,995404474;0,868278159;0,776765584;0,68952281;0,612671269;0,542426403;0,475866"
"HR.RMF.GHG-INT (kg/sqm);25,39846518;23,08354947;21,51529538;19,99196488;17,74367317;16,39361573;14,99435576;13,33420526;12,11848725;10,96585592;9,679994801;8,724819828;7,73510712;6,85148565;6,019591339;5,240007526;4,248200529;3,564069653;2,978827004;2,507153404;2,126605352;1,914444098;1,753149443;1,610627336;1,485725692;1,36802568;1,282320131;1,199396198;1,125182628;1,056193136;0,989676703"
"CH.RMF.GHG-INT (kg/sqm);23,87679197;22,22744838;20,41128207;18,666012;16,9339802;15,41087561;13,86098548;12,42280562;11,10346348;9,868492204;8,664430028;7,661713352;6,687231144;5,784365985;4,945090999;4,168489993;3,420640817;2,755341029;2,192338062;1,742980268;1,384121818;1,184238388;1,033363826;0,901595918;0,787512253;0,681536257;0,605258034;0,532601566;0,468628638;0,410177553;0,354807464"
"NO.RMF.GHG-INT (kg/sqm);4,734764239;4,313459109;4,023491979;3,744602588;3,351814536;3,108061401;2,858437896;2,569768308;2,355724454;2,154287272;1,93305003;1,76805988;1,598921736;1,448661714;1,307970125;1,17709508;1,01224878;0,899124894;0,802967763;0,725899085;0,6640816;0,629536681;0,603343262;0,58035101;0,560206146;0,541387579;0,527703457;0,514598124;0,502972505;0,492280112;0,482097365"
"AT.OFF.GHG-INT (kg/sqm);45,26201443;40,38361325;37,78363447;35,28685431;30,82509417;28,62852207;26,36375882;23,24737903;21,28665915;19,43457568;17,17003258;15,64310062;13,99419474;12,59037061;11,27427631;10,04662351;8,091996508;7,01706675;6,103801206;5,374778113;4,793397332;4,481219888;4,250785254;4,050895782;3,87952589;3,720193298;3,611858995;3,508903814;3,421197009;3,344230482;3,275153151"
"BE.OFF.GHG-INT (kg/sqm);60,96786966;55,36436367;51,80741392;48,34782515;42,94190007;39,84576492;36,61212189;32,60583727;29,76737482;27,0644273;23,95605496;21,69884085;19,31970095;17,21031332;15,2169789;13,34264574;10,79161937;9,128758904;7,705061225;6,559126594;5,636684897;5,13308393;4,755272412;4,423216729;4,134411749;3,863028307;3,672191611;3,488889718;3,328990796;3,184874984;3,051152428"
"BG.OFF.GHG-INT (kg/sqm);62,41866883;56,96908395;52,55954937;48,33993362;43,07418072;39,40768435;35,67835144;31,67377252;28,49835051;25,52465449;22,38979973;19,97310391;17,5454327;15,36856846;13,34548827;11,47445;9,277232393;7,676064285;6,322857395;5,244588716;4,385258838;3,908311699;3,549540391;3,237156526;2,967627629;2,718006837;2,539530355;2,369999976;2,221357842;2,086016776;1,958139097"
"CY.OFF.GHG-INT (kg/sqm);143,7356629;131,8215278;120,7744351;110,1622372;98,19237902;88,99441467;79,74974492;70,46719347;62,70435652;55,49996592;48,22293071;42,44930225;36,79559119;31,71782065;27,05781758;22,808632;18,20299428;14,69485456;11,77869778;9,489472318;7,696039584;6,682089072;5,920660308;5,271431461;4,724267506;4,236938403;3,890174049;3,577639236;3,316552473;3,093106524;2,897210582"
"CZ.OFF.GHG-INT (kg/sqm);119,8477356;110,5698879;102,6611776;94,97644424;85,53109802;78,69240431;71,59457574;64,09978702;57,916271;52,04887474;45,88845342;41,01719707;36,09464406;31,58107052;27,32991666;23,3451498;18,907697;15,40841356;12,41626285;10,00628265;8,063627364;6,981408436;6,159535524;5,434414814;4,800185052;4,20399106;3,771377172;3,354252479;2,982636696;2,638931434;2,309336502"
"DK.OFF.GHG-INT (kg/sqm);33,3146691;30,67316489;28,37409853;26,16804839;23,52869755;21,59327493;19,60995914;17,53047718;15,8250259;14,22088764;12,54397952;11,23099899;9,913011823;8,720493601;7,608712832;6,577493371;5,391644414;4,501851448;3,74888305;3,149010215;2,67132595;2,41002901;2,215260428;2,04625191;1,901155718;1,766949105;1,673439692;1,585062886;1,509104544;1,441703284;1,380188649"
"EE.OFF.GHG-INT (kg/sqm);202,8786088;187,4947355;171,3350445;155,9960305;140,6417951;127,4572659;114,1507364;101,7024756;90,46968149;80,00044984;69,77482918;61,33249761;53,14811668;45,62507429;38,66922417;32,26954804;26,00862303;20,59477206;16,04009719;12,42476298;9,554907123;7,957623494;6,757359702;5,716729523;4,822785175;4,000210627;3,412945675;2,859748795;2,378634325;1,945134213;1,540757824"
"FI.OFF.GHG-INT (kg/sqm);56,52373732;51,33659152;47,35696415;43,56806258;38,61901319;35,34366636;32,03075634;28,33705247;25,5327789;22,91872554;20,09750576;17,98893578;15,85207415;13,97179177;12,2345118;10,63789068;8,582513191;7,226599744;6,089680609;5,192510691;4,485669218;4,103655456;3,822582558;3,581573024;3,377009763;3,189347531;3,059873785;2,93691336;2,829654024;2,731386377;2,636932556"
"FR.OFF.GHG-INT (kg/sqm);28,05803247;25,31381054;23,53489134;21,82113776;19,22670207;17,72734651;16,19728017;14,32970192;13,02361973;11,79891965;10,40824647;9,41068049;8,373078048;7,469515968;6,627458362;5,846340485;4,759623728;4,085266368;3,514045017;3,058374134;2,694977172;2,495467467;2,346421179;2,217034635;2,105974849;2,003348284;1,93170497;1,86375872;1,804576126;1,75047099;1,698305496"
"DE.OFF.GHG-INT (kg/sqm);55,26532331;51,6865314;47,85979313;44,14787616;40,27128332;36,96641857;33,55085846;30,26740148;27,2898626;24,46663213;21,6426881;19,29326117;16,9682583;14,79624393;12,74984964;10,83101135;8,891809615;7,200719395;5,754778536;4,591143709;3,652082851;3,136969309;2,746292295;2,402387522;2,102530559;1,822482106;1,619311076;1,425192671;1,253397022;1,095408091;0,944230783"
"EL.OFF.GHG-INT (kg/sqm);78,02029441;71,72154963;66,39334597;61,27428301;54,99952304;50,51309712;45,90622605;41,01111947;37,04608388;33,30826602;29,36340091;26,29035859;23,1823915;20,36120662;17,71522325;15,24482598;12,37351789;10,21192823;8,370838365;6,895298376;5,712737957;5,065380619;4,580519927;4,156545632;3,789593533;3,446847293;3,20550459;2,974079685;2,770930753;2,585093303;2,407968602"
"HU.OFF.GHG-INT (kg/sqm);63,47290254;57,61491069;53,58093576;49,6360367;43,77568439;40,26416198;36,67573246;32,37350061;29,30727163;26,43697824;23,21274551;20,85701576;18,43073956;16,32357017;14,37290029;12,57636691;10,09482931;8,56542731;7,280149884;6,262948702;5,459125915;5,019715675;4,695116889;4,418049048;4,185350518;3,975912495;3,836398674;3,709027853;3,603378597;3,510212329;3,420610391"
"IE.OFF.GHG-INT (kg/sqm);105,3216552;96,88538711;89,23764258;81,88051641;73,38843996;66,95154511;60,39713734;53,71171706;48,12310999;42,89126124;37,53166368;33,2835581;29,07271052;25,25923518;21,72272616;18,46020271;14,87305826;12,09780733;9,759651465;7,902231035;6,427139616;5,608762702;4,994994916;4,463338024;4,007371445;3,588224229;3,291088778;3,011550252;2,769229197;2,551183307;2,347416616"
"IT.OFF.GHG-INT (kg/sqm);49,7012727;45,4772478;42,00686248;38,67773011;34,58264296;31,68305404;28,72134967;25,58186515;23,04918955;20,66943765;18,17744507;16,23269379;14,28062941;12,51389916;10,86459609;9,332010634;7,591606443;6,268753046;5,145306932;4,245688834;3,524787399;3,122510868;2,817884666;2,550767071;2,318515051;2,101810858;1,944915784;1,794757863;1,661774099;1,539565406;1,423169058"
"LV.OFF.GHG-INT (kg/sqm);48,12413529;44,23026626;40,97995163;37,8486177;34,04216639;31,23778652;28,35253876;25,34568378;22,8554577;20,50651764;18,06277767;16,13161948;14,19518064;12,43093021;10,78083398;9,245185453;7,533949242;6,203660172;5,073675756;4,16929298;3,445233415;3,043656206;2,740784509;2,475731869;2,245887048;2,031721759;1,87822516;1,731652996;1,602727285;1,485127948;1,37404256"
"LT.OFF.GHG-INT (kg/sqm);61,0975712;55,9091958;51,79685296;47,80245758;42,58753045;39,05899523;35,45031676;31,47931575;28,3923483;25,49703793;22,39958064;20,04126477;17,65336684;15,52033755;13,53408862;11,69325865;9,452336367;7,867699112;6,526435617;5,456847487;4,603991101;4,133900891;3,781934271;3,476256296;3,213697;2,971263059;2,801365702;2,640782278;2,501510866;2,375331881;2,255407916"
"LU.OFF.GHG-INT (kg/sqm);42,89652491;40,08426122;36,88928968;33,815172;30,80898705;28,11105812;25,34534872;22,79395125;20,41719195;18,18012718;15,99468086;14,16132526;12,37123907;10,70083135;9,139994206;7,688493732;6,297655558;5,041367464;3,974512005;3,120790214;2,437337652;2,05839746;1,772634674;1,522523785;1,305584702;1,103343749;0,958340923;0,819748195;0,697700129;0,586217596;0,480763433"
"MT.OFF.GHG-INT (kg/sqm);99,57846118;85,2655186;79,44369008;73,98114746;61,78524902;57,16366199;52,55340011;44,93418107;41,1528655;37,6705806;32,86809386;30,1314841;27,01827769;24,63273299;22,4442474;20,44246016;16,02061782;14,35619993;12,96788727;11,88431077;11,0350544;10,57145347;10,23025377;9,941663124;9,701610129;9,487354903;9,343109336;9,214036495;9,111785553;9,030894059;8,969673047"
"NL.OFF.GHG-INT (kg/sqm);58,072067;54,07035586;49,62769831;45,36975633;41,18786376;37,47738385;33,69827336;30,2074757;26,98415963;23,96327492;21,02189111;18,56376229;16,17502773;13,95804426;11,89636481;9,988382125;8,162618756;6,528760318;5,146856074;4,044605438;3,165087814;2,67531201;2,305901005;1,983671958;1,705086746;1,446761914;1,261144891;1,084723537;0,929766632;0,788568005;0,655200365"
"PL.OFF.GHG-INT (kg/sqm);157,2009649;145,1766659;133,8814565;123,0106542;110,756599;101,1981607;91,40806034;81,55454664;73,14374289;65,23870228;57,17769947;50,71909093;44,31534275;38,47345312;33,03758173;28,00593285;22,58419253;18,27130458;14,62714728;11,72555945;9,415661138;8,139623248;7,183136426;6,352189639;5,637347472;4,97678327;4,509232741;4,067114199;3,683425435;3,338727522;3,018728246"
"PT.OFF.GHG-INT (kg/sqm);42,79217913;37,22022578;34,88769042;32,69072621;27,82387797;25,92128703;23,99337116;20,80455759;19,16091147;17,62901626;15,51526509;14,27996296;12,87376923;11,77848309;10,77243625;9,854601995;7,846107166;7,0703761;6,427753322;5,929285438;5,545135841;5,351794122;5,218749961;5,110628898;5,025351608;4,95205689;4,914858014;4,885594768;4,871460997;4,871635871;4,887519759"
"RO.OFF.GHG-INT (kg/sqm);72,5494799;65,95734822;60,51999344;55,36238928;49,16893219;44,74875037;40,29721657;35,62756427;31,8785418;28,38894852;24,77421193;21,96707194;19,18276397;16,69479142;14,40089678;12,29699197;9,898289213;8,132723315;6,651292609;5,477459021;4,547139095;4,025554406;3,63236252;3,291532002;2,998457979;2,729012468;2,534225512;2,350602147;2,189843792;2,044171722;1,907803477"
"SK.OFF.GHG-INT (kg/sqm);48,29453976;43,96050305;40,77258892;37,72346786;33,56184892;30,87031998;28,10889722;24,95455881;22,57862461;20,34330609;17,89989784;16,07007223;14,19882917;12,53847722;10,99132729;9,557229113;7,735875352;6,502180702;5,458918175;4,627881356;3,96618473;3,601681054;3,329149102;3,092926724;2,890427536;2,703821471;2,573064398;2,449385747;2,341659726;2,243215075;2,148386181"
"SI.OFF.GHG-INT (kg/sqm);48,38331771;44,32984276;41,02166366;37,84752134;33,88088345;31,10527366;28,26106613;25,20323104;22,75983232;20,45953288;18,02298513;16,13651003;14,22986209;12,50802714;10,89785451;9,39926097;7,642850965;6,342558555;5,237875266;4,353881173;3,646326514;3,255566648;2,961666261;2,70480227;2,482532211;2,275701262;2,128926667;1,989234475;1,867358882;1,757173649;1,654032549"
"ES.OFF.GHG-INT (kg/sqm);26,06913177;23,7282478;22,12835557;20,58272475;18,33810826;16,97092487;15,55469899;13,88023273;12,64857545;11,48104855;10,17593877;9,20807694;8,20337747;7,307789666;6,465156014;5,676253975;4,655675385;3,963087581;3,372096308;2,897569306;2,516492961;2,307135662;2,149753186;2,011697836;1,891794297;1,779538129;1,70000245;1,623813144;1,557145396;1,496780554;1,440369391"
"SE.OFF.GHG-INT (kg/sqm);16,17176571;14,69822241;13,62851953;12,59958181;11,18224589;10,28365407;9,371453529;8,32526701;7,549644469;6,824713986;6,032197304;5,444281023;4,845025353;4,318300536;3,830154434;3,3800801;2,796364501;2,413423653;2,09041043;1,833004766;1,627717992;1,511115458;1,422218624;1,344570261;1,277303858;1,215237812;1,169624518;1,126549898;1,088516158;1,0536664;1,020472942"
"UK.OFF.GHG-INT (kg/sqm);52,50547847;48,4608746;45,12336028;41,86315822;37,76244487;34,83982268;31,78786421;28,52867081;25,85231014;23,30294167;20,60829242;18,47939623;16,31836331;14,33193477;12,45507265;10,69056493;8,721038167;7,163896217;5,82948562;4,752603198;3,88294063;3,398050402;3,029204717;2,703137485;2,417392026;2,148283796;1,952585376;1,763590313;1,594917907;1,438677149;1,288673488"
"HR.OFF.GHG-INT (kg/sqm);68,43820815;61,9482062;57,1698678;52,59376922;46,32781201;42,35758476;38,33670087;33,75564898;30,34917297;27,16984324;23,72508878;21,15763005;18,55919778;16,27495961;14,16503941;12,22646266;9,791769047;8,161942227;6,792370382;5,705362543;4,842462355;4,356008004;3,98811794;3,669038888;3,394714762;3,143159859;2,961207485;2,790726148;2,642449697;2,509239182;2,385743394"
"CH.OFF.GHG-INT (kg/sqm);25,11012648;23,04778485;21,53979471;20,06445728;17,99240498;16,66616983;15,28178809;13,69043797;12,47735836;11,32341;10,05233729;9,090532186;8,09638071;7,199382154;6,352019103;5,55529269;4,568900971;3,863591072;3,259147197;2,771699007;2,378348025;2,161147243;1,996857791;1,85183673;1,725005652;1,605450971;1,519546835;1,436432099;1,362460727;1,293998191;1,228183925"
"NO.OFF.GHG-INT (kg/sqm);7,790030743;6,83612608;6,623732055;6,398881381;5,541241525;5,319112063;5,063392708;4,515555976;4,272229653;4,029147577;3,648654695;3,432547765;3,165753462;2,945010229;2,727223897;2,515208101;2,099642873;1,900104802;1,72639653;1,585937507;1,472821132;1,417806334;1,379451663;1,346350855;1,317786517;1,29062912;1,275064583;1,259714025;1,247122731;1,236004963;1,225310167"
"AT.RHS.GHG-INT (kg/sqm);54,55837737;49,11236607;45,84172158;42,69759035;37,61406525;34,84578203;31,99090351;28,33542308;25,86357349;23,52813702;20,79191541;18,86581546;16,8260013;15,05459363;13,39330615;11,84301696;9,58337101;8,226274056;7,072368072;6,150081061;5,413402267;5,015298828;4,71998225;4,463082675;4,242077752;4,036235256;3,89453615;3,759505522;3,643404122;3,540312694;3,446275297"
"BE.RHS.GHG-INT (kg/sqm);73,27855527;66,98152006;62,58172619;58,29985688;52,0965053;48,26226369;44,25718887;39,54182235;36,02587394;32,67745088;28,93375688;26,1370814;23,22518604;20,61130263;18,14089289;15,81760183;12,83911199;10,77816203;9,013126795;7,591802961;6,447041949;5,820656111;5,349946134;4,935862424;4,575298583;4,236254367;3,996796294;3,766442303;3,564658749;3,381760724;3,210720809"
"BG.RHS.GHG-INT (kg/sqm);76,66022607;70,25672695;64,74542666;59,47104567;53,20094752;48,61666294;43,95344765;39,10165096;35,13050129;31,41142495;27,55743346;24,53463257;21,52027286;18,79715804;16,2662537;13,92539274;11,28885739;9,285581208;7,592365237;6,242957816;5,16733208;4,56991075;4,120270321;3,728637999;3,390606308;3,077487218;2,853370891;2,640479688;2,453760705;2,283736693;2,123118615"
"CY.RHS.GHG-INT (kg/sqm);199,7298937;183,8520955;168,2200469;153,207555;137,0570547;124,0481815;110,9728851;98,23453139;87,25366219;77,06155985;66,93512843;58,76534116;50,82152902;43,63510883;37,0392338;31,02420992;24,79592481;19,83043506;15,70216009;12,46050352;9,919965778;8,481634916;7,400214068;6,477147921;5,697981396;5,00289064;4,505972362;4,056857178;3,679997845;3,356117026;3,071387022"
"CZ.RHS.GHG-INT (kg/sqm);128,3907486;118,6133722;110,1050231;101,8377124;91,82976818;84,47183208;76,83496863;68,84627786;62,19288526;55,87971894;49,28276003;44,04147568;38,75534496;33,89893271;29,32495204;25,03767307;20,31349212;16,54833809;13,32900449;10,73625487;8,646480498;7,482788899;6,599300446;5,819938511;5,138394667;4,497780727;4,033220637;3,585323605;3,186400034;2,817508766;2,463796658"
"DK.RHS.GHG-INT (kg/sqm);47,17520533;43,6422852;40,30355736;37,09816649;33,50275257;30,69030963;27,8079879;24,90957555;22,43115569;20,09953304;17,71713718;15,80820267;13,91063209;12,17638794;10,55910012;9,058501365;7,432093934;6,137611093;5,041455716;4,167236819;3,470143413;3,086816577;2,799926396;2,550360534;2,335446494;2,136287464;1,996080017;1,863169374;1,747996434;1,64476256;1,549298825"
"EE.RHS.GHG-INT (kg/sqm);249,8334967;231,0878206;211,1198651;192,1650846;173,3920504;157,098441;140,6537578;125,3703443;111,488159;98,54948466;85,95523266;75,5213604;65,42075985;56,12287407;47,52587806;39,61615803;31,951523;25,26025734;19,63074535;15,16206066;11,61463081;9,639851153;8,15570503;6,868828277;5,763216887;4,745785252;4,019115311;3,334481645;2,738820698;2,201834403;1,700589139"
"FI.RHS.GHG-INT (kg/sqm);69,47494746;63,39241075;58,38847371;53,62264262;47,74665075;43,62630376;39,45790323;34,98995795;31,46081513;28,16992695;24,69827429;22,04216089;19,37750588;17,00757673;14,81683004;12,80235945;10,35804075;8,64776814;7,212349154;6,077898271;5,182411107;4,694857093;4,334154367;4,023935823;3,759749958;3,517150546;3,348091645;3,18779082;3,047900664;2,92011146;2,798035189"
"FR.RHS.GHG-INT (kg/sqm);45,86656607;41,96641786;38,83423567;35,81791323;31,9783594;29,33870815;26,64410713;23,7185373;21,41678207;19,25746145;16,96251594;15,20223233;13,42385723;11,82848774;10,34116217;8,960970981;7,311891773;6,120813366;5,111279265;4,305134436;3,661372723;3,306027089;3,039368012;2,807119513;2,606901347;2,421289431;2,290020099;2,16515809;2,055813317;1,955802346;1,860051973"
"DE.RHS.GHG-INT (kg/sqm);72,69937739;68,08608949;63,02076058;58,10684601;53,07102153;48,69593729;44,17328102;39,87493578;35,93249151;32,19418636;28,47609889;25,36543508;22,29399711;19,41775105;16,70778378;14,16668121;11,6368469;9,397582365;7,482832391;5,94177956;4,698406401;4,015410802;3,497546733;3,041615145;2,643998472;2,272251099;2,002934472;1,745210746;1,516966344;1,306899468;1,105810932"
"EL.RHS.GHG-INT (kg/sqm);80,86664189;74,39638487;68,8672762;63,55508286;57,09560599;52,43992663;47,65921761;42,6057867;38,49110386;34,61214123;30,52985528;27,34067127;24,11912574;21,19123718;18,44510892;15,88114127;12,92138364;10,67796949;8,767087994;7,235484306;6,007861194;5,335550543;4,831835202;4,391286653;4,009897516;3,653619961;3,402556515;3,161784576;2,950355423;2,756895446;2,57248595"
"HU.RHS.GHG-INT (kg/sqm);76,22759038;69,57021783;64,57943589;59,70362252;52,94769655;48,61271388;44,18284221;39,11545923;35,32946061;31,78420496;27,9083373;24,99693785;22,03425637;19,42880249;17,01610035;14,79337172;11,91479335;10,02345753;8,433208648;7,173551647;6,176981007;5,629613082;5,223576535;4,875780524;4,582197892;4,316708273;4,136820464;3,971382751;3,832467505;3,709192001;3,591395236"
"IE.RHS.GHG-INT (kg/sqm);112,1577614;103,2755255;95,107865;87,25056221;78,28061981;71,40599543;64,40576088;57,31551127;51,34661168;45,75862455;40,05577398;35,51831772;31,02787558;26,95451792;23,17691251;19,69188371;15,89731678;12,93284001;10,43515233;8,450860617;6,874869785;6,000210954;5,344049936;4,775559799;4,287880186;3,839495856;3,521388286;3,222048694;2,962437726;2,728746201;2,510319481"
"IT.RHS.GHG-INT (kg/sqm);61,49054959;56,50023545;52,13861643;47,95431138;43,04300328;39,39639538;35,67125927;31,83786009;28,65155278;25,65764769;22,57077022;20,12402677;17,68391622;15,46103344;13,3859392;11,45774973;9,345680473;7,681048438;6,267496274;5,135784147;4,229107525;3,723664028;3,341177308;3,005913893;2,714550461;2,442764389;2,246300444;2,058327659;1,891994209;1,739245752;1,59383663"
"LV.RHS.GHG-INT (kg/sqm);58,41277197;53,85745739;49,8644777;46,01687981;41,5113587;38,06409947;34,5171406;30,90631579;27,84462654;24,95657177;21,9885533;19,61404579;17,24520466;15,07581248;13,046733;11,15832862;9,115152768;7,479219928;6,089557874;4,977278123;4,08671086;3,592667044;3,219988504;2,893812104;2,61092981;2,347328046;2,158321085;1,977809751;1,818955894;1,673954226;1,536838974"
"LT.RHS.GHG-INT (kg/sqm);73,83507045;67,84549408;62,77960088;57,86034992;51,7570017;47,41232024;42,9687269;38,23842227;34,43663216;30,87038313;27,12413074;24,21859436;21,29973169;18,67129094;16,22345617;13,95460416;11,31245854;9,359701052;7,706575053;6,387911992;5,336052034;4,755355112;4,319994543;3,941492422;3,615901764;3,314882041;3,102937553;2,902254539;2,727664403;2,569173556;2,418574059"
"LU.RHS.GHG-INT (kg/sqm);55,18023408;51,58157867;47,46561461;43,50505061;39,65043313;36,17438113;32,61097068;29,33323346;26,27098375;23,38870527;20,57717123;18,21503204;15,91007497;13,75786435;11,74679948;9,876574536;8,0919746;6,473282544;5,098616515;3,998511968;3,117751589;2,629281532;2,260850754;1,938355866;1,658605107;1,397799277;1,210735754;1,031920733;0,874385592;0,73038772;0,594020615"
"MT.RHS.GHG-INT (kg/sqm);120,2384093;104,354773;96,77206211;89,64955344;75,87363637;69,83951612;63,81790227;54,94178281;50,00068981;45,44874113;39,63630044;36,05651802;32,13964585;29,01640367;26,14922173;23,52456012;18,52982546;16,34699602;14,52374542;13,09753702;11,97662626;11,35861903;10,90017582;10,5103622;10,18395434;9,891298601;9,689990592;9,508243102;9,360821515;9,239915564;9,142318217"
"NL.RHS.GHG-INT (kg/sqm);84,09276376;78,35014163;71,89176458;65,70190584;59,67864353;54,28428226;48,79008451;43,74251757;39,05622006;34,66424108;30,39937536;26,82555722;23,35642364;20,13317987;17,13573693;14,36175834;11,72597012;9,350467625;7,341308593;5,73877012;4,460086205;3,748098938;3,211116629;2,742726838;2,337785114;1,962290563;1,692505376;1,436078871;1,210850799;1,005616002;0,81175591"
"PL.RHS.GHG-INT (kg/sqm);193,3923509;179,0227773;164,9833946;151,469042;136,6824263;124,7983185;112,625693;100,6018329;90,14404129;80,31459285;70,39075508;62,35920853;54,42933218;47,16408535;40,40321735;34,14448428;27,57445265;22,21000263;17,67648763;14,06569469;11,19013874;9,599378338;8,405706895;7,368035504;6,474651752;5,648709647;5,062587088;4,507925513;4,025581077;3,591157502;3,18654415"
"PT.RHS.GHG-INT (kg/sqm);49,98382608;43,91752251;41,02498511;38,29551007;32,92323747;30,55891981;28,16220281;24,54781009;22,50470388;20,59912868;18,12607835;16,58780432;14,88993384;13,52445548;12,26873427;11,12147246;8,900173581;7,93125811;7,126315023;6,499006319;6,012547336;5,761391957;5,584507442;5,438266811;5,320105625;5,216566349;5,157274623;5,107218604;5,074855246;5,058522906;5,058991544"
"RO.RHS.GHG-INT (kg/sqm);87,96014918;80,26505134;73,57887035;67,23512888;59,92024202;54,48011209;49,00078058;43,40292657;38,78746297;34,49134892;30,10465514;26,64860489;23,24165536;20,17843579;17,35415921;14,76379077;11,91454783;9,740496697;7,916354951;6,471031143;5,325604368;4,683599082;4,199725996;3,78035368;3,419829188;3,088450798;2,84908807;2,623540886;2,426223209;2,247544335;2,080359384"
"SK.RHS.GHG-INT (kg/sqm);57,5785752;52,6552928;48,77503331;45,06406743;40,27478022;36,99878752;33,63733082;29,93578077;27,0429229;24,32082279;21,40526725;19,17634596;16,91709189;14,89421744;13,00902372;11,26136562;9,14614508;7,642979275;6,371555375;5,358385504;4,551265183;4,105755749;3,772097096;3,482529858;3,233890479;3,004480402;2,842945105;2,689993703;2,556531417;2,434608603;2,317576624"
"SI.RHS.GHG-INT (kg/sqm);58,18853074;53,50930469;49,47084153;45,59518323;40,95794845;37,56783416;34,09360882;30,46215379;27,47719587;24,66686468;21,7349574;19,42997844;17,11538668;15,01143348;13,04382082;11,21245656;9,142776991;7,553870266;6,20385341;5,12335706;4,258338954;3,780207981;3,42035592;3,105711908;2,83327803;2,579640436;2,399261803;2,227410883;2,077151713;1,940944882;1,813043402"
"ES.RHS.GHG-INT (kg/sqm);29,66465391;27,11649722;25,26951219;23,4845923;21,00943484;19,42981193;17,79335331;15,91725672;14,49389901;13,14459552;11,66154819;10,54291316;9,390122884;8,354945676;7,380925684;6,468961527;5,331798399;4,53116517;3,847914771;3,299232214;2,858528097;2,616252577;2,434035367;2,27415146;2,135241675;2,005161716;1,912873746;1,824413416;1,746885782;1,676527006;1,610560751"
"SE.RHS.GHG-INT (kg/sqm);18,06999519;16,48623222;15,28834403;14,13616626;12,60123239;11,59501302;10,57349338;9,42812743;8,559453484;7,747471363;6,871163101;6,212537055;5,54502618;4,954877323;4,407906071;3,903551708;3,269259872;2,840185815;2,478205101;2,189675395;1,959492857;1,828589169;1,728691702;1,641370295;1,565649364;1,495723704;1,444188917;1,395469909;1,352375826;1,312843525;1,27518877"
"UK.RHS.GHG-INT (kg/sqm);61,47830192;56,92810709;52,97815738;49,11978417;44,43859425;40,97830444;37,36464413;33,58918703;30,41973756;27,40079443;24,24435496;21,72339712;19,17563988;16,82338122;14,60097928;12,51173942;10,23356154;8,389477572;6,809409837;5,534608453;4,50543566;3,93237125;3,496852122;3,112025225;2,774978506;2,457635342;2,227296998;2,004886529;1,806549145;1,622930654;1,446687934"
"HR.RHS.GHG-INT (kg/sqm);81,64772488;74,27561837;68,45192282;62,87499535;55,65672166;50,81639396;45,91412369;40,53473043;36,38092414;32,50427899;28,39054321;25,26004615;22,12030376;19,33513358;16,76262766;14,39914995;11,57039613;9,58288042;7,912944646;6,587817176;5,536138703;4,943860008;4,496189858;4,107979083;3,774272866;3,46823018;3,247015006;3,039664025;2,859275416;2,69713039;2,546692128"
"CH.RHS.GHG-INT (kg/sqm);26,98664398;24,82717075;23,20012317;21,60815688;19,42276416;17,99151666;16,4974865;14,80542074;13,49624749;12,25089171;10,89001484;9,852038982;8,782790326;7,814775956;6,90033901;6,040559216;4,994189825;4,233069963;3,580808966;3,054812887;2,630369181;2,39602773;2,218790122;2,062348862;1,925539768;1,796584684;1,703945867;1,614317834;1,534556948;1,460739757;1,389777567"
"NO.RHS.GHG-INT (kg/sqm);11,57739741;10,5270604;10,15217204;9,752467053;8,710408942;8,308985617;7,844283073;7,096391008;6,651244833;6,206006946;5,614647155;5,217956051;4,762988344;4,356947515;3,957317172;3,568178914;2,977870332;2,610654968;2,29122682;2,033354552;1,826102781;1,726498786;1,657733787;1,598671411;1,548543982;1,500988653;1,474887052;1,449145227;1,42847761;1,410495219;1,393242972"
"AT.RSM.GHG-INT (kg/sqm);46,86058306;41,88806667;39,17688509;36,5727679;32,00791317;29,71654587;27,35393585;24,148168;22,10269791;20,17046987;17,82771795;16,2346001;14,52087788;13,05610487;11,68277423;10,40162522;8,396423146;7,274707359;6,32154132;5,560473214;4,953342532;4,626917734;4,385725051;4,176382757;3,9967829;3,82973852;3,715872012;3,607598414;3,515183512;3,433885226;3,360669277"
"BE.RSM.GHG-INT (kg/sqm);62,84008231;57,13427046;53,45298867;49,8721013;44,34854396;41,14352714;37,79608646;33,68520172;30,74680003;27,94863527;24,74654354;22,40975086;19,95202161;17,76821336;15,70450324;13,76394212;11,14985853;9,428273948;7,954223907;6,767665275;5,812428176;5,290714616;4,899199194;4,555043158;4,25565268;3,974288268;3,776279196;3,58603642;3,419958892;3,270122128;3,130894706"
"BG.RSM.GHG-INT (kg/sqm);76,51466385;70,11543597;64,60906894;59,33941075;53,07380964;48,49363454;43,83460079;38,98659759;35,01901086;31,30327203;27,45250054;24,43241354;21,42068077;18,70001185;16,17138134;13,83262404;11,19805578;9,196580071;7,504886521;6,156693147;5,082035895;4,485153999;4,035920445;3,644642965;3,306918001;2,994083231;2,77017126;2,557474209;2,370925718;2,201057002;2,040585522"
"CY.RSM.GHG-INT (kg/sqm);176,2682969;162,0502695;148,338156;135,1682726;120,7684023;109,3553346;97,8841004;86,59285246;76,9595236;68,01851566;59,08525946;51,91885576;44,93401585;38,63058572;32,84535066;27,56976572;22,02095883;17,66572957;14,04502508;11,20219588;8,974505889;7,713882893;6,76645767;5,958059985;5,276043768;4,667952516;4,233910696;3,84198809;3,513608137;3,231784087;2,984253053"
"CZ.RSM.GHG-INT (kg/sqm);98,41423639;90,41732512;84,04626319;77,85542764;69,8527463;64,34554108;58,6299547;52,40167446;47,42305863;42,69874645;37,65773444;33,73533752;29,74510348;26,11066806;22,68733603;19,47829821;15,77609976;12,95858584;10,54899812;8,607691866;7,042292696;6,168993389;5,505120642;4,919090205;4,406187514;3,923899182;3,573204648;3,234989181;2,933398508;2,65427749;2,386526009"
"DK.RSM.GHG-INT (kg/sqm);43,12665987;39,85182276;36,81409803;33,8980366;30,57942237;28,02089463;25,39885338;22,73753801;20,48290825;18,36190711;16,18376428;14,44737056;12,71760115;11,14019766;9,669264397;8,304560479;6,805703675;5,628386774;4,631590998;3,836800859;3,203230855;2,855234153;2,595015047;2,368772172;2,174071817;1,993717831;1,867030414;1,747013221;1,643193704;1,550334099;1,464699318"
"EE.RSM.GHG-INT (kg/sqm);231,032936;213,6321664;195,1877266;177,6794522;160,274126;145,2243201;130,0350714;115,8858754;103,0635927;91,11283156;79,46616272;69,82901655;60,49500952;51,90715897;43,96671181;36,66109261;29,558019;23,37778965;18,17827178;14,05097434;10,77461145;8,950851025;7,580273489;6,391908944;5,370976043;4,431497988;3,760597731;3,128546027;2,578709987;2,083123872;1,6206315"
"FI.RSM.GHG-INT (kg/sqm);66,96685897;61,05426273;56,24473426;51,66431923;45,96425615;42,00428572;37,99825277;33,67725443;30,28568796;27,12325946;23,77505551;21,22286297;18,65838036;16,38138357;14,27670248;12,34153751;9,971037796;8,328020682;6,94925539;5,859839181;5,000155973;4,532632942;4,187043536;3,889960497;3,637090687;3,404918062;3,243372214;3,0901584;2,956461402;2,834275233;2,717441557"
"FR.RSM.GHG-INT (kg/sqm);24,95216041;22,41667867;20,88213522;19,40360292;17,03401391;15,74057592;14,42080429;12,74428091;11,61799995;10,56207609;9,334698766;8,474866321;7,571034536;6,792400841;6,066867405;5,393931748;4,408767867;3,82772134;3,335651648;2,943270264;2,6305023;2,459133852;2,331326388;2,220514924;2,12555559;2,037914736;1,977038845;1,919370591;1,869246413;1,823431073;1,77913625"
"DE.RSM.GHG-INT (kg/sqm);74,76747112;70,02547811;64,806052;59,74259288;54,56254452;50,05431069;45,39391689;40,96930601;36,90681463;33,05466198;29,22533114;26,0199593;22,85565484;19,89179296;17,09926836;14,4807478;11,87743093;9,569966191;7,596890108;6,008881441;4,72764777;4,023765404;3,490077567;3,020208349;2,610429064;2,227273121;1,9497271;1,684090023;1,448822643;1,232276575;1,024978416"
"EL.RSM.GHG-INT (kg/sqm);87,24293251;80,35962636;74,34668253;68,56937757;61,66505106;56,60176236;51,40240325;45,96768331;41,49260828;37,27372982;32,86049629;29,39161079;25,8965368;22,71167611;19,72437112;16,93505998;13,76229129;11,32182101;9,242861862;7,576241203;6,240094597;5,507689431;4,958566856;4,478102896;4,061945358;3,673080632;3,398606933;3,135324741;2,903954514;2,69213737;2,490184063"
"HU.RSM.GHG-INT (kg/sqm);70,27403603;63,98943014;59,4448258;55,00311575;48,66481308;44,71382585;40,6763349;35,96575667;32,51540054;29,28489283;25,71289513;23,0606152;20,34806986;17,97497566;15,77772809;13,75374254;11,06031195;9,337752862;7,889718063;6,743122894;5,836434301;5,33940913;4,971348584;4,656534485;4,391343286;4,151991609;3,990930971;3,843244585;3,719841913;3,610606927;3,505957955"
"IE.RSM.GHG-INT (kg/sqm);116,6447634;107,4572167;98,93362001;90,7338947;81,43680374;74,26250833;66,95705934;59,58966228;53,3604132;47,52861261;41,59076992;36,85522327;32,17336979;27,92209587;23,9794351;20,34207842;16,4055094;13,31148801;10,70458435;8,633436141;6,988369249;6,075179637;5,389996076;4,796289782;4,286899325;3,818499173;3,486034022;3,173138558;2,90169086;2,657288283;2,42882526"
"IT.RSM.GHG-INT (kg/sqm);56,5726914;51,90109673;47,91016482;44,08154817;39,50972743;36,17382402;32,76621887;29,22143671;26,30699171;23,56852879;20,7290793;18,49112736;16,25400781;14,22085064;12,32285394;10,5592064;8,601722233;7,079244758;5,78635519;4,751176961;3,921769036;3,459235344;3,109132824;2,802213014;2,535435545;2,286559448;2,106553219;1,934308612;1,781846157;1,641799976;1,508458016"
"LV.RSM.GHG-INT (kg/sqm);52,68470794;48,49824509;44,91940878;41,47123182;37,35554341;34,26678257;31,08882352;27,8147994;25,07178366;22,48436345;19,80870621;17,68143018;15,55371598;13,61024902;11,79250761;10,10081574;8,242744325;6,777252171;5,532398025;4,536050959;3,738335862;3,295855577;2,962104466;2,670013419;2,4167072;2,180673434;2,011468645;1,849883315;1,707718736;1,577997838;1,455398007"
"LT.RSM.GHG-INT (kg/sqm);67,19550078;61,62377805;57,0551939;52,61828668;46,97828037;43,05924702;39,05109027;34,71678839;31,28780268;28,07147106;24,66358745;22,04344523;19,40149879;17,03143202;14,82433002;12,77870611;10,34581214;8,585041916;7,094562853;5,905800867;4,957728062;4,434716314;4,042848534;3,70232669;3,409609038;3,1391438;2,949128325;2,769358615;2,613188399;2,471549291;2,33694813"
"LU.RSM.GHG-INT (kg/sqm);44,51057428;41,59767619;38,2848454;35,09728935;31,98253064;29,18502544;26,31723438;23,67288735;21,20840596;18,88877332;16,62320666;14,72218272;12,8662086;11,13414465;9,515691946;8,010607377;6,569379582;5,266714719;4,160468797;3,275217449;2,566515442;2,173558733;1,877216939;1,617843083;1,392866001;1,183130511;1,032745186;0,889005218;0,762415877;0,646772363;0,537362276"
"MT.RSM.GHG-INT (kg/sqm);128,9279496;112,3714934;104,0344938;96,20092474;81,74819342;75,10900271;68,4828244;59,06830109;53,63040768;48,62025955;42,3751966;38,4342341;34,17310495;30,73386386;27,57595665;24,68448157;19,44434367;17,03944829;15,02988838;13,45691073;12,21963453;11,53548607;11,02682061;10,59364728;10,23024859;9,904009334;9,67825815;9,473947031;9,307176219;9,169129741;9,055950285"
"NL.RSM.GHG-INT (kg/sqm);79,37713511;73,94664952;67,84968078;62,00620495;56,31309093;51,22064107;46,0339498;41,26550372;36,84151138;32,69536267;28,66779057;25,29400988;22,01858639;18,97576;16,14609472;13,52738482;11,03682996;8,794300495;6,897605076;5,384765682;4,177650265;3,50550439;2,998566768;2,55638286;2,174096219;1,819609607;1,564915346;1,32283336;1,110204553;0,916451118;0,733437016"
"PL.RSM.GHG-INT (kg/sqm);185,6771197;171,8043721;158,3463186;145,391979;131,1418642;119,7504292;108,0825209;96,51842968;86,49427464;77,07249521;67,54328279;59,84494943;52,23837003;45,27464901;38,79446998;32,795684;26,46890787;21,3272221;16,98210978;13,52155575;10,76582944;9,241740258;8,098314308;7,104435722;6,248874448;5,457966209;4,8969621;4,366141785;3,904696693;3,489280717;3,102592119"
"PT.RSM.GHG-INT (kg/sqm);46,39426137;40,57468901;37,96164977;35,49795198;30,37793771;28,2440688;26,0813314;22,6793461;20,83561124;19,11654049;16,8228171;15,43575697;13,88346295;12,65283808;11,52172986;10,48897581;8,373887865;7,501391126;6,777462437;6,214458449;5,77906229;5,556761827;5,401758122;5,274543046;5,172794279;5,084350124;5,036084985;4,996406681;4,973141747;4,965048191;4,973210612"
"RO.RSM.GHG-INT (kg/sqm);80,19737356;73,05791321;67,00084914;61,25464401;54,504696;49,57838184;44,61682048;39,48656348;35,30758397;31,41776813;27,41996059;24,29080964;21,19752612;18,42409678;15,8670089;13,52170458;10,89942873;8,931158812;7,279663437;5,97110733;4,934044198;4,352702785;3,914511857;3,534706275;3,208161075;2,9079824;2,691075457;2,486648092;2,30774778;2,145696631;1,994036107"
"SK.RSM.GHG-INT (kg/sqm);48,87457038;44,50850247;41,28295269;38,19785397;34,0021152;31,27881501;28,48477462;25,30068997;22,89665598;20,63487617;18,16580216;16,31428185;14,42194664;12,74188809;11,17636222;9,725219034;7,887890775;6,639547766;5,583882465;4,742944957;4,073343149;3,704436027;3,42858125;3,189459063;2,98445171;2,795518834;2,663088668;2,53781876;2,428693724;2,328972808;2,232936963"
"SI.RSM.GHG-INT (kg/sqm);50,3051952;46,1322025;42,68453996;39,37640887;35,28168772;32,38870826;29,42416803;26,25677217;23,70993625;21,31222131;18,78106045;16,81465158;14,83008683;13,03526772;11,35682444;9,794672066;7,978427924;6,623010503;5,471468777;4,549942972;3,812312971;3,404865321;3,098368238;2,830468328;2,598617036;2,38284607;2,229653141;2,083818668;1,956521843;1,841366514;1,733496209"
"ES.RSM.GHG-INT (kg/sqm);27,33336745;24,92112897;23,23617398;21,60816689;19,28418569;17,84386909;16,35182715;14,60794879;13,31029782;12,08019355;10,71382802;9,694061869;8,638381508;7,694739458;6,806875499;5,975608802;4,914895488;4,185112586;3,562360717;3,062305349;2,66070189;2,440012353;2,274080414;2,12851049;2,00206397;1,883671886;1,799746177;1,719332519;1,648926208;1,585120913;1,525420368"
"SE.RSM.GHG-INT (kg/sqm);11,57347168;10,4198412;9,722196454;9,050963255;7,974955651;7,388753029;6,7938514;6,035533398;5,529992764;5,057729847;4,508418409;4,125737377;3,724592585;3,381956184;3,064550209;2,772023773;2,335105817;2,086066707;1,876156712;1,709088647;1,57606188;1,500968476;1,444001008;1,394428674;1,351701558;1,312448056;1,284021909;1,257330135;1,233984055;1,21272539;1,192480854"
"UK.RSM.GHG-INT (kg/sqm);52,73317361;48,68003907;45,33219133;42,06189652;37,95138897;35,0196949;31,95825901;28,69035485;26,00567446;23,448383;20,74594212;18,6104308;16,44287281;14,45027174;12,56757943;10,79759261;8,822858077;7,260874648;5,922319156;4,842097312;3,969743379;3,483365417;3,113394772;2,786336108;2,499725059;2,229802976;2,033520089;1,843961218;1,674788285;1,51808559;1,367639207"
"HR.RSM.GHG-INT (kg/sqm);70,68982099;64,05304367;59,10076593;54,35813717;47,93372186;43,81871663;39,65117686;34,93728715;31,40646117;28,11110354;24,55503576;21,89389182;19,20538973;16,83780035;14,65090946;12,64163248;10,1413703;8,452026816;7,032476737;5,905847634;5,0115362;4,507473497;4,126308643;3,795726607;3,511521761;3,250900513;3,062415112;2,885798952;2,732179286;2,594154292;2,466175486"
"CH.RSM.GHG-INT (kg/sqm);22,04303171;20,15898117;18,86952835;17,60827041;15,7442615;14,61078304;13,42766778;12,02118743;10,98449369;9,998329301;8,892097714;8,070108745;7,213802805;6,447158179;5,722913425;5,041925404;4,165626422;3,562759174;3,046086593;2,629395445;2,293117087;2,107379066;1,966856759;1,842798182;1,734282371;1,631982714;1,558440502;1,487281326;1,423936968;1,365303231;1,308938301"
"NO.RSM.GHG-INT (kg/sqm);5,581215928;4,688905741;4,580302141;4,467136604;3,72729069;3,619682052;3,497447062;3,07739218;2,962974764;2,849016183;2,603210858;2,502448918;2,355847091;2,253459463;2,151822819;2,052940903;1,748989943;1,656552814;1,575920569;1,510457208;1,457468173;1,430933946;1,412003342;1,395485032;1,380693743;1,366565167;1,357730997;1,349017678;1,341584995;1,334851885;1,328345546"
"AT.RWH.GHG-INT (kg/sqm);40,19349261;35,62576642;33,39286896;31,25040912;27,12896502;25,24531255;23,30354226;20,48223311;18,80127433;17,21374867;15,20737349;13,89892163;12,46397499;11,26134356;10,13418686;9,083125452;7,295447137;6,374958413;5,593404701;4,970162436;4,473782272;4,208635453;4,01371322;3,845027585;3,700824868;3,566948948;3,476876494;3,391477447;3,319312103;3,256644747;3,201229026"
"BE.RWH.GHG-INT (kg/sqm);52,94512969;47,79558999;44,79034421;41,868999;36,98504868;34,37205893;31,64337519;28,10123724;25,70623958;23,42580365;20,73329644;18,82919978;16,79878782;15,01963008;13,33857683;11,75811991;9,486900057;8,084618674;6,884351731;5,918679749;5,141762526;4,71853336;4,401530768;4,123168511;3,881335025;3,654240576;3,495230174;3,342727369;3,210245043;3,091515065;2,982219486"
"BG.RWH.GHG-INT (kg/sqm);60,94737851;55,59266746;51,29271163;47,17800008;42,01213675;38,43692121;34,80046981;30,88015296;27,78387196;24,88430953;21,82097823;19,46456404;17,09524334;14,97270776;13,00013445;11,17582352;9,022299307;7,461123822;6,14173335;5,090431424;4,25261377;3,78764868;3,437914978;3,133412959;2,870697172;2,627391754;2,453454493;2,288236669;2,143381559;2,011489969;1,886868565"
"CY.RWH.GHG-INT (kg/sqm);123,4341461;112,9562355;103,5704915;94,55273034;84,09771858;76,28062864;68,42397798;60,39362884;53,79683876;47,67503889;41,4304761;36,5250905;31,7011925;27,3874865;23,42894235;19,81960439;15,80192936;12,82185719;10,34490876;8,40079461;6,878073723;6,017896494;5,372416153;4,822411646;4,359313311;3,947266183;3,654909772;3,391864554;3,172727725;2,985674129;2,821967014"
"CZ.RWH.GHG-INT (kg/sqm);84,70692687;77,51769993;72,11618997;66,86731978;59,77429931;55,10665356;50,262629;44,83293563;40,61406004;36,61051043;32,27533307;28,95123191;25,54886419;22,46876233;19,56740677;16,84749872;13,60890906;11,2212795;9,179022237;7,53323462;6,205711295;5,464144595;4,899897596;4,401569425;3,965168552;3,55470253;3,255661593;2,967201711;2,709764815;2,471366878;2,242610294"
"DK.RWH.GHG-INT (kg/sqm);30,75151224;28,27213259;26,16215268;24,13785572;21,67238702;19,8964708;18,07665998;16,14611942;14,58125032;13,10942189;11,56082301;10,35623047;9,143653919;8,049661063;7,029818421;6,083966421;4,978243192;4,162052423;3,471500499;2,921523829;2,483744181;2,244641195;2,066627052;1,912269748;1,779871542;1,657478026;1,572461729;1,49218443;1,423358167;1,362473895;1,307133688"
"EE.RWH.GHG-INT (kg/sqm);190,5022998;176,0025923;160,8444881;146,4564333;132,0013538;119,6345236;107,1533394;95,4507336;84,91473852;75,09497889;65,49231651;57,57376706;49,89335855;42,83710614;36,31288308;30,31035375;24,41860936;19,34072289;15,0687339;11,67783384;8,986182301;7,488181438;6,362579685;5,386713211;4,54843803;3,777111573;3,226510617;2,707882069;2,25689372;1,850610834;1,471711296"
"FI.RWH.GHG-INT (kg/sqm);47,92018304;43,33046998;40,03429396;36,89723023;32,56666577;29,85512938;27,11302931;23,93592344;21,61530525;19,45285719;17,0656265;15,32239456;13,53769313;11,98411835;10,54940551;9,2315866;7,435722805;6,316248842;5,378498117;4,639649457;4,058678271;3,747084257;3,519142862;3,324311738;3,159530537;3,008524106;2,905462809;2,807417063;2,721930027;2,643360084;2,567336823"
"FR.RWH.GHG-INT (kg/sqm);21,8650919;19,52195227;18,21258706;16,95079768;14,78839199;13,68469523;12,55869811;11,05822084;10,09761641;9,197210151;8,12030059;7,387381701;6,606811906;5,943292553;5,325129458;4,751877512;3,860288783;3,365222838;2,94608686;2,612023119;2,345906873;2,200468981;2,092231875;1,998536282;1,918412592;1,844580211;1,793625881;1,745428211;1,703650846;1,665474076;1,628431625"
"DE.RWH.GHG-INT (kg/sqm);48,48301194;45,30625069;41,96085929;38,71606823;35,28998139;32,40103034;29,4157151;26,52666872;23,92411587;21,45650599;18,98004815;16,92645665;14,89153686;12,99320431;11,20469083;9,527679793;7,818012439;6,339956278;5,076206203;4,05924532;3,238447727;2,788577294;2,447328306;2,146959916;1,885094787;1,640682796;1,463217576;1,293817768;1,143959496;1,006209339;0,874428765"
"EL.RWH.GHG-INT (kg/sqm);52,27853932;47,62152278;44,21639748;40,94599326;36,43935767;33,57303872;30,63015778;27,25054398;24,71794338;22,33117408;19,70171177;17,74038671;15,71960118;13,91979214;12,23240337;10,65766895;8,633006609;7,254647303;6,081608277;5,142714317;4,391497467;3,98299516;3,678612613;3,413288348;3,184528688;2,971305244;2,823010247;2,681055856;2,557165839;2,444291813;2,336897725"
"HU.RWH.GHG-INT (kg/sqm);59,7632771;54,13624904;50,37872283;46,70279136;41,10119572;37,82759437;34,48228138;30,40112343;27,54285635;24,86757873;21,83162184;19,63644086;17,36514738;15,40194652;13,58477089;11,91137743;9,544556175;8,119727144;6,922564634;5,975415826;5,227283369;4,819065171;4,517996067;4,261363603;4,04625622;3,853013095;3,725164466;3,608792251;3,512754485;3,428287631;3,346831979"
"IE.RWH.GHG-INT (kg/sqm);92,65056704;85,05640007;78,39038989;71,97772514;64,38798184;58,77763231;53,06505955;47,1440606;42,27354309;37,71417469;33,00272663;29,30098912;25,61808762;22,29533655;19,2140792;16,37170276;13,17622502;10,75828087;8,721361884;7,103506897;5,818939379;5,106837121;4,573118604;4,111012299;3,714928041;3,350987974;3,093453249;2,851304202;2,641630925;2,453127995;2,27704319"
"IT.RWH.GHG-INT (kg/sqm);45,62176922;41,66193968;38,49882714;35,46453471;31,650858;29,00882061;26,31032642;23,41008452;21,10276308;18,93475425;16,64786156;14,87618333;13,0923838;11,48292234;9,98042031;8,584228194;6,971963859;5,7669463;4,743520743;3,923922259;3,26707098;2,900363572;2,622581526;2,378958728;2,167086692;1,96937321;1,82612039;1,688999991;1,567514277;1,455834852;1,349441307"
"LV.RWH.GHG-INT (kg/sqm);44,75154611;41,07338918;38,06527416;35,16752983;31,58906073;28,99433812;26,32488907;23,51500208;21,21114286;19,0380201;16,76525901;14,9786869;13,18326406;11,55113937;10,024638;8,604031002;7,001047693;5,770435855;4,725138093;3,888555144;3,218797443;2,847375652;2,567269519;2,322150697;2,109602575;1,911559621;1,769643741;1,634139895;1,514974418;1,406311591;1,30371512"
"LT.RWH.GHG-INT (kg/sqm);57,10786052;52,16920697;48,35407091;44,64793859;39,70991846;36,43576329;33,08731477;29,35297685;26,48880847;23,80261922;20,90738124;18,71962546;16,49722098;14,5186037;12,67622388;10,96880171;8,852934479;7,383034558;6,138973741;5,147018383;4,356188306;3,920572483;3,594598456;3,311618633;3,068705229;2,844531563;2,68773964;2,539654633;2,411391517;2,295283635;2,184920755"
"LU.RWH.GHG-INT (kg/sqm);39,17046115;36,59579507;33,67908892;30,87279899;28,12295642;25,66012682;23,13543198;20,80348823;18,63384056;16,59171836;14,59543596;12,92184516;11,28732023;9,76248272;8,337675775;7,012687224;5,740818829;4,594026179;3,620171511;2,840890929;2,21705225;1,871205021;1,610419248;1,382178204;1,184216817;0,999670447;0,867375692;0,740935584;0,629609456;0,527950992;0,431836755"
"MT.RWH.GHG-INT (kg/sqm);90,62161342;76,98964478;71,93124642;67,18838171;55,6775;51,66831643;47,66994589;40,59565575;37,31716144;34,29862902;29,93400761;27,56295516;24,79817787;22,73246174;20,83822481;19,10648461;14,93301961;13,49335894;12,29361352;11,35858501;10,62710434;10,23044622;9,940077418;9,695371976;9,492758114;9,312493412;9,192987254;9,086751495;9,004084277;8,940541041;8,895090982"
"NL.RWH.GHG-INT (kg/sqm);57,18731439;53,24060354;48,86162825;44,66472097;40,54100247;36,88372112;33,15879508;29,71718016;26,5400838;23,56251582;20,66294454;18,2400635;15,88546179;13,70026892;11,66815288;9,787529453;7,987357055;6,376929245;5,014841751;3,928396619;3,061489784;2,578734268;2,214617313;1,897005896;1,622412643;1,367789533;1,18483162;1,010937854;0,858201013;0,71902547;0,587568958"
"PL.RWH.GHG-INT (kg/sqm);150,444869;138,8556984;128,0696266;117,689293;105,9051141;96,77816677;87,43010604;77,97926558;69,94824784;62,40025047;54,68486704;48,51809212;42,39749273;36,81968436;31,62964501;26,82566206;21,61696892;17,49918157;14,02003044;11,25002433;9,045074792;7,827428655;6,914947664;6,122355336;5,440638719;4,810757755;4,365206379;3,943968406;3,578583631;3,250532886;2,946232405"
"PT.RWH.GHG-INT (kg/sqm);39,66425493;34,30734904;32,21842039;30,25310392;25,60612052;23,9043855;22,18040298;19,17672075;17,70684392;16,33750338;14,38005107;13,27654485;11,99723355;11,01948383;10,12204793;9,304017034;7,388094177;6,696400331;6,124388572;5,681967781;5,342323829;5,174131652;5,060158499;4,968619845;4,89764739;4,837509369;4,809921112;4,789702938;4,783499226;4,790854909;4,813444591"
"RO.RWH.GHG-INT (kg/sqm);67,83345796;61,57728608;56,5203196;51,7240089;45,87213557;41,76262654;37,6241565;33,23723133;29,75212394;26,50819419;23,12859318;20,51910909;17,92445566;15,61170143;13,47935935;11,52362974;9,262160021;7,621017362;6,243975294;5,15283672;4,288037621;3,803132644;3,437561949;3,120655;2,848126164;2,597545202;2,416335878;2,245482367;2,095859859;1,960241552;1,833259973"
"SK.RWH.GHG-INT (kg/sqm);43,79911543;39,75096857;36,89896612;34,1709585;30,31387126;27,90591207;25,4356134;22,54677079;20,42163729;18,42249514;16,20816301;14,5719704;12,88898226;11,40451876;10,02138069;8,739415322;7,060639657;5,957686851;5,025123513;4,282453894;3,691313844;3,366112489;3,123237952;2,912897399;2,732784479;2,566946038;2,451121924;2,341645807;2,246406491;2,15935296;2,075296545"
"SI.RWH.GHG-INT (kg/sqm);44,1733383;40,38850951;37,39385443;34,52088548;30,84214685;28,33035484;25,75662524;22,94505546;20,7341578;18,65282412;16,42894309;14,72213918;12,99062883;11,43284409;9,976126861;8,62039775;6,998479979;5,822094863;4,822737667;4,023105511;3,383152729;3,029902844;2,764316692;2,532258698;2,331524865;2,144788848;2,012441067;1,886555193;1,776865178;1,677851483;1,585340457"
"ES.RWH.GHG-INT (kg/sqm);25,55955146;23,24505414;21,6766178;20,16144944;17,94618173;16,60604274;15,21785337;13,56905545;12,3618024;11,21741639;9,934958771;8,986290971;8,000444051;7,122626536;6,296718889;5,523483149;4,517746236;3,838913046;3,259666729;2,794580025;2,421094534;2,215927855;2,06170694;1,926430452;1,808946485;1,698959356;1,621047094;1,54641994;1,481134698;1,422042124;1,366847362"
"SE.RWH.GHG-INT (kg/sqm);5,522623424;4,764452984;4,526727657;4,297670669;3,643595845;3,443552931;3,240880148;2,83841063;2,666731572;2,506803504;2,258130072;2,129150461;1,972900304;1,857824681;1,751479003;1,653705302;1,398251156;1,314734596;1,244637082;1,189239781;1,145537178;1,121755258;1,104257253;1,089391085;1,076998194;1,065944403;1,058764137;1,052324008;1,04713407;1,042676024;1,03843829"
"UK.RWH.GHG-INT (kg/sqm);40,90122117;37,51828737;34,98227107;32,50489932;29,16385928;26,94488609;24,62803033;22,04447444;20,01342218;18,07858899;15,98828749;14,37248483;12,71756046;11,20989609;9,785244067;8,44571533;6,880122222;5,698503083;4,685585517;3,867720877;3,206810339;2,837314215;2,55572448;2,30655639;2,087949211;1,881966339;1,731601405;1,586337291;1,45648763;1,336076281;1,22041184"
"HR.RWH.GHG-INT (kg/sqm);62,62790897;56,52599246;52,20756314;48,07178326;42,22480151;38,63737845;35,00426403;30,77444564;27,6967606;24,82421759;21,67378414;19,35403639;16,99375569;14,92990457;13,02350081;11,27186095;9,010535708;7,538075551;6,300650024;5,318403874;4,538557452;4,098660946;3,76587045;3,477206178;3,229007442;3,001424658;2,83674611;2,682485722;2,548337143;2,427856483;2,316214146"
"CH.RWH.GHG-INT (kg/sqm);19,78731466;18,02249804;16,87919417;15,76110399;14,03622612;13,03165558;11,98313923;10,70029236;9,781558385;8,907601161;7,911608679;7,183123118;6,419002723;5,73953356;5,097625368;4,494038526;3,691365136;3,157007409;2,699032737;2,329661051;2,031550566;1,866853575;1,742225778;1,632186066;1,535918768;1,445158577;1,379883522;1,316719744;1,260482304;1,208421674;1,158376079"
"NO.RWH.GHG-INT (kg/sqm);6,903033963;5,970891835;5,795169001;5,609778873;4,793757925;4,612090914;4,4035342;3,900845298;3,703065018;3,505604802;3,172699672;2,997346387;2,773018441;2,594092562;2,41734419;2,24530081;1,86917109;1,707473879;1,566651191;1,452689605;1,360817397;1,315865343;1,284373576;1,257131689;1,233433639;1,210879579;1,197693013;1,184687521;1,173918865;1,164350283;1,155135351"
"AT.HOT.GHG-INT (kg/sqm);47,46312037;42,45206713;39,69535193;37,04728404;32,44021572;30,11003315;27,70735834;24,46498924;22,38481694;20,41977254;18,04499687;16,42477825;14,68451603;13,19478661;11,79801971;10,4949659;8,46905513;7,32818212;6,358678241;5,584488838;4,966814483;4,634555897;4,388958174;4,175745284;3,992775549;3,822573464;3,706441715;3,595990413;3,501647712;3,418575725;3,343665157"
"BE.HOT.GHG-INT (kg/sqm);63,42171011;57,68179666;53,9590713;50,33775149;44,77498381;41,53367348;38,14830064;34,00254957;31,03083514;28,20093164;24,96760044;22,60428185;20,12035642;17,91174156;15,82457312;13,86193625;11,22683381;9,485674725;7,994840739;6,794740917;5,828572131;5,300821104;4,904737762;4,556548318;4,253629377;3,968938011;3,768538172;3,575981792;3,40784475;3,256101022;3,115038664"
"BG.HOT.GHG-INT (kg/sqm);72,81921924;66,66930614;61,45089632;56,45691132;50,45380564;46,11350344;41,69854896;37,07197438;33,31235884;29,79143242;26,12861433;23,2669388;20,4085428;17,83064179;15,43473607;13,21877152;10,69902324;8,802642394;7,199813534;5,922484915;4,904358695;4,338963904;3,91347988;3,542914758;3,223093667;2,926854796;2,714871244;2,513506967;2,336910232;2,176106242;2,024191785"
"CY.HOT.GHG-INT (kg/sqm);157,1275455;144,2674331;132,1260838;120,4637012;107,496081;97,38859601;87,22969974;77,12237827;68,59151804;60,674073;52,71699407;46,37149263;40,17122056;34,59019465;29,46817174;24,79754697;19,80464434;15,94868997;12,74324617;10,22671122;8,254972615;7,139738474;6,301939633;5,587356121;4,984821878;4,447907882;4,065307433;3,720176022;3,4314587;3,184042724;2,966945433"
"CZ.HOT.GHG-INT (kg/sqm);116,6807414;107,595167;99,91726348;92,45676983;83,22797305;76,58914077;69,69879195;62,39411092;56,39145496;50,69563992;44,70324615;39,97441717;35,19180875;30,81019714;26,68330246;22,81497545;18,48788709;15,09093983;12,18623401;9,846603533;7,960575812;6,909716506;6,111560013;5,407317276;4,791299165;4,21220284;3,791885357;3,386605235;3,025500485;2,691489561;2,371177563"
"DK.HOT.GHG-INT (kg/sqm);36,95975546;34,08533662;31,51462113;29,0474571;26,15830023;23,99372436;21,77551077;19,48205365;17,57463639;15,78041654;13,91917425;12,45047921;10,98105493;9,646991229;8,403128473;7,249266706;5,948305925;4,952773104;4,110134704;3,438579045;2,903566212;2,610384552;2,391545873;2,201488838;2,038150209;1,88697243;1,781261468;1,681248588;1,595044015;1,518280189;1,447895125"
"EE.HOT.GHG-INT (kg/sqm);193,2338765;178,5474875;163,1779095;148,5890705;133,9441445;121,4046664;108,7492199;96,88917756;86,20606127;76,249173;66,51498006;58,48583997;50,6990234;43,54421359;36,92885738;30,84247501;24,87278233;19,72396077;15,39228587;11,95399909;9,224721732;7,705758441;6,564392647;5,574852051;4,724822958;3,942676049;3,384333907;2,858406648;2,401057511;1,989028017;1,604749331"
"FI.HOT.GHG-INT (kg/sqm);35,86809619;32,13149539;29,8112631;27,60500014;24,15760971;22,25117419;20,32417001;17,88474734;16,25477146;14,73719938;12,96968937;11,7481469;10,46631744;9,37926927;8,376611312;7,456911822;6,031624169;5,24977721;4,596431744;4,083660095;3,682427112;3,47138994;3,319318405;3,190428374;3,082454512;2,983791233;2,918445955;2,855977467;2,801580486;2,751138149;2,701433059"
"FR.HOT.GHG-INT (kg/sqm);26,90460258;24,24017624;22,55467511;20,93084011;18,42235708;17,00171809;15,55204159;13,75749833;12,52014916;11,35996756;10,03171786;9,08680359;8,100337963;7,244532543;6,447018897;5,707256085;4,659360177;4,020672963;3,479709098;3,048232036;2,704189137;2,515437054;2,374509781;2,252223975;2,147318945;2,050421002;1,982893776;1,918876519;1,863156706;1,812220529;1,763063775"
"DE.HOT.GHG-INT (kg/sqm);61,62437728;57,6685987;53,39049844;49,24055456;44,9415194;41,24664977;37,42764633;33,77434804;30,4451824;27,28848427;24,13870024;21,51186657;18,91485096;16,48620344;14,19799268;12,05239146;9,897953884;8,007100285;6,39031798;5,089146072;4,039189005;3,462896591;3,025870605;2,641141491;2,305659346;1,992194358;1,764918828;1,54762164;1,355255173;1,178288217;1,008922469"
"EL.HOT.GHG-INT (kg/sqm);91,90193748;84,7196265;78,35643608;72,24243843;65,01608679;59,65773109;54,15531263;48,44457888;43,7086172;39,24367484;34,59086951;30,91950906;27,22642876;23,85554684;20,69365484;17,74121833;14,41425166;11,83113313;9,63050316;7,866144182;6,451437794;5,675530417;5,093537701;4,584179113;4,14285285;3,730398384;3,438978083;3,159400797;2,913595295;2,688489462;2,473836251"
"HU.HOT.GHG-INT (kg/sqm);69,82378417;63,56670207;59,05504192;54,64538455;48,33791772;44,41528336;40,40676444;35,72253143;32,29695797;29,08969014;25,54012914;22,90698169;20,21290552;17,85696795;15,6756288;13,66631774;10,98655782;9,276460613;7,838926404;6,700679326;5,80062731;5,307319272;4,942062741;4,629683912;4,366589037;4,129167294;3,969496788;3,823121098;3,700863821;3,592665538;3,488987352"
"IE.HOT.GHG-INT (kg/sqm);115,2490044;106,1536539;97,73754105;89,64121878;80,4429185;73,35911626;66,1458344;58,86212893;52,71149889;46,95332387;41,08644293;36,41071462;31,78666258;27,58911493;23,69629674;20,10493928;16,21125134;13,15634918;10,58242601;8,537506297;6,913298648;6,011744369;5,33532489;4,749233245;4,24639892;3,784043046;3,455913525;3,147111595;2,879238294;2,638070187;2,412637876"
"IT.HOT.GHG-INT (kg/sqm);73,02865634;67,27061287;62,01608525;56,97500036;51,24593739;46,85090663;42,36090405;37,83228612;33,99111874;30,38190626;26,69902593;23,74934691;20,82027299;18,14038044;15,63869482;13,31415789;10,82972508;8,822672102;7,118468689;5,754226354;4,661425416;4,052621069;3,592127508;3,188590205;2,838004271;2,511032806;2,274925628;2,049066912;1,849321101;1,665975487;1,491499067"
"LV.HOT.GHG-INT (kg/sqm);52,77600847;48,58252493;44,99580585;41,54002635;37,4169179;34,32133343;31,13635086;27,85591611;25,10683477;22,51369231;19,83247028;17,70048847;15,56818468;13,62041749;11,79865348;10,1032174;8,241622727;6,772886419;5,525276011;4,526722293;3,727239856;3,283778115;2,949286063;2,656546238;2,402677071;2,166118578;1,996536876;1,83459131;1,692109068;1,562097318;1,439221201"
"LT.HOT.GHG-INT (kg/sqm);67,08665114;61,52083092;56,95927165;52,52917792;46,89571667;42,98269594;38,98069007;34,65198204;31,22826248;28,01687372;24,61376983;21,99765903;19,35962425;16,99320721;14,78950575;12,74703511;10,31709699;8,559038734;7,070857187;5,883930155;4,937323424;4,415126525;4,023873115;3,683887772;3,391634477;3,121600845;2,931895134;2,752420842;2,596510821;2,455109757;2,320734585"
"LU.HOT.GHG-INT (kg/sqm);45,61637692;42,63130039;39,23393692;35,96501898;32,77238746;29,90346275;26,96245523;24,25144159;21,72404293;19,34518977;17,02215807;15,07260008;13,16936888;11,39308298;9,733306418;8,189789503;6,712420547;5,376492678;4,241994568;3,334129144;2,607317371;2,204307536;1,900378115;1,634360542;1,403618333;1,188507505;1,034261666;0,886829922;0,756983424;0,638355511;0,5261081"
"MT.HOT.GHG-INT (kg/sqm);141,952217;124,3959181;114,938009;106,0477699;90,58925998;83,05090538;75,52631512;65,31169773;59,13553496;53,44448033;46,55651984;42,07882633;37,3061147;33,397284;29,807345;26,51937225;20,9145533;18,17965722;15,89323268;14,10214885;12,69194799;11,90951047;11,32621234;10,82860438;10,41023553;10,03408955;9,772014628;9,53417287;9,338648176;9,175130046;9,038794825"
"NL.HOT.GHG-INT (kg/sqm);101,3011587;94,39392363;86,58709571;79,1048474;71,84976854;65,32894533;58,6874099;52,59841487;46,93343029;41,62423377;36,47400164;32,15382357;27,96193815;24,06553891;20,44210058;17,08879886;13,91113033;11,03949204;8,61071993;6,673505141;5,127791943;4,267152422;3,618070353;3,051903772;2,562433645;2,108556358;1,782465402;1,472518049;1,20028085;0,952207934;0,717880355"
"PL.HOT.GHG-INT (kg/sqm);179,8928548;166,3955997;153,3769048;140,8458135;127,0011767;115,9820953;104,6956436;93,47903785;83,78261782;74,6689476;65,43798621;57,99148965;50,6292525;43,8934195;37,62538036;31,8230579;25,68013009;20,70680571;16,50408487;13,15707883;10,4919177;9,018217474;7,912766202;6,951985463;6,125009766;5,360579519;4,818559503;4,305758001;3,860108273;3,459057913;3,085916535"
"PT.HOT.GHG-INT (kg/sqm);48,33976017;42,38198884;39,61239723;36,99983242;31,73852334;29,47557558;27,18178165;23,6608228;21,70541616;19,88188063;17,48771272;16,01595473;14,3821205;13,07596155;11,87505517;10,77816309;8,603584327;7,677081575;6,907775141;6,308752827;5,844755384;5,606292719;5,439033146;5,301161485;5,190219802;5,093320575;5,03887923;4,993388165;4,965027026;4,952318767;4,95617175"
"RO.HOT.GHG-INT (kg/sqm);79,93299571;72,81143047;66,77462802;61,04766742;54,31591408;49,4061481;44,46126228;39,34606491;35,181143;31,30441259;27,31912969;24,20050701;21,11732556;18,35322933;15,80474665;13,46733497;10,85236893;8,89072649;7,244791441;5,940640136;4,907067012;4,327679367;3,890959699;3,512428421;3,186977573;2,88780373;2,671620008;2,467872837;2,289565683;2,128050054;1,976889517"
"SK.HOT.GHG-INT (kg/sqm);50,69287356;46,20817129;42,84322982;39,62488017;35,30277133;32,46179953;29,54695275;26,25269657;23,74458899;21,38480419;18,82067154;16,88880027;14,9183458;13,16529965;11,53171454;10,01744153;8,120948313;6,818351978;5,716750357;4,83914353;4,140263193;3,755046972;3,466885397;3,217023152;3,002726275;2,805175556;2,66654873;2,535385263;2,421078679;2,316630844;2,216124793"
"SI.HOT.GHG-INT (kg/sqm);51,58267058;47,3257828;43,78021034;40,3780263;36,19339756;33,21803086;30,16902351;26,92472185;24,30527854;21,83918313;19,24160892;17,21909082;15,17983262;13,33378254;11,60741692;10,00064964;8,142405129;6,748292896;5,563859052;4,615987992;3,857246708;3,438085126;3,122745836;2,8470993;2,608522494;2,386476115;2,228777859;2,078631832;1,947529593;1,828885522;1,717695568"
"ES.HOT.GHG-INT (kg/sqm);32,88844459;30,13903537;28,05213431;26,03487545;23,33587305;21,54998089;19,69968614;17,62781553;16,01832531;14,49252489;12,83670817;11,57167912;10,27509931;9,104387041;8,002796802;6,971344843;5,720983353;4,815442858;4,04261298;3,421928703;2,92332869;2,649091055;2,442760429;2,261681971;2,104317974;1,956931913;1,85226204;1,751887095;1,663814998;1,58375256;1,508508739"
"SE.HOT.GHG-INT (kg/sqm);10,8923251;9,783272904;9,137472626;8,516083792;7,48763861;6,944965887;6,3942783;5,676073361;5,208167313;4,771112378;4,255690394;3,901607885;3,52806887;3,211084284;2,917470106;2,646897195;2,230434768;2,000054208;1,805904591;1,651424626;1,528466936;1,459157625;1,406639356;1,36097928;1,321671593;1,285596906;1,259565704;1,235156799;1,213857372;1,194492559;1,176052392"
"UK.HOT.GHG-INT (kg/sqm);60,56290706;56,05978193;52,16684897;48,36416453;43,73701604;40,32678222;36,76541544;33,03802167;29,91447797;26,93925148;23,82580394;21,34134641;18,82959257;16,5113921;14,32115937;12,26215155;10,01270858;8,195338458;6,638141005;5,381765558;4,367442909;3,802587374;3,373275436;2,993918969;2,661648314;2,348795745;2,121682322;1,902382774;1,706807151;1,525737483;1,351937577"
"HR.HOT.GHG-INT (kg/sqm);72,57656418;65,81115876;60,7064475;55,81787832;49,25459664;45,01271376;40,71665061;35,88634712;32,24654576;28,84950592;25,19588758;22,45264163;19,68520595;17,24457088;14,99022595;12,9189901;10,36126623;8,619764714;7,156415701;5,995064099;5,073225099;4,553731137;4,160932787;3,820269994;3,527406078;3,258839445;3,064628761;2,882636285;2,724334039;2,582089827;2,450182281"
"CH.HOT.GHG-INT (kg/sqm);27,75069363;25,54245724;23,85563906;22,20512137;19,96282817;18,47886113;16,92978399;15,18715579;13,82974047;12,53849528;11,13253387;10,05631787;8,949368046;7,945701484;6,997591315;6,106156722;5,029676637;4,240538402;3,564271692;3,01892335;2,57887011;2,335923499;2,152185505;1,990010943;1,848192568;1,714518183;1,618498343;1,525600429;1,442933022;1,366427625;1,292881013"
"NO.HOT.GHG-INT (kg/sqm);7,718567039;6,768548542;6,562702941;6,344898789;5,494690878;5,27978685;5,032489392;4,492714768;4,257521663;4,022586344;3,650591271;3,441761774;3,182550745;2,969274894;2,758816766;2,553938898;2,145415722;1,952634944;1,784799095;1,649071755;1,539748979;1,486531099;1,449401947;1,417347374;1,389652016;1,363316642;1,348176743;1,333244946;1,320979123;1,310137995;1,299707461"
"AT.DWC.GHG-INT (kg/sqm);36,54477243;32,17826977;30,18313008;28,27016274;24,36914061;22,68816551;20,95559705;18,32540453;16,82564639;15,40947427;13,57031388;12,40337112;11,10700541;10,03468606;9,029903836;8,093220289;6,413674276;5,593216676;4,896972434;4,342244181;3,900918733;3,666233549;3,494312621;3,345837644;3,219231047;3,101843359;3,023599064;2,949571089;2,887471914;2,834066101;2,787498976"
"BE.DWC.GHG-INT (kg/sqm);47,69763881;42,37405604;39,33298966;36,43935075;31,6392611;29,14051891;26,60647192;23,27695239;21,1257676;19,11512002;16,73034187;15,10128734;13,37663513;11,91373088;10,55657264;9,303646898;7,366541418;6,294723824;5,390899018;4,673101823;4,10332176;3,792223719;3,561019196;3,361079441;3,190067222;3,032563411;2,923739741;2,821841761;2,735769691;2,661455288;2,596423514"
"BG.DWC.GHG-INT (kg/sqm);46,62538274;42,407382;39,35854977;36,41931448;32,35180277;29,76689193;27,10786563;24,0608847;21,76782398;19,60442463;17,23222016;15,45247761;13,62500067;11,99382065;10,46540859;9,040080372;7,247509354;6,005872577;4,94920196;4,102398474;3,423597278;3,04907017;2,767198383;2,520316787;2,30609659;2,105938563;1,963135117;1,826132293;1,705183547;1,594085129;1,487989835"
"CY.DWC.GHG-INT (kg/sqm);109,6852582;102,3726881;95,98806181;89,63291289;81,50410525;75,68950798;69,5159342;62,87432355;57,38517075;52,10635264;46,42777916;41,94362087;37,30008543;32,9676044;28,80344197;24,81773811;20,24936663;16,58029457;13,39007677;10,78741008;8,662659973;7,506507247;6,633039805;5,853873586;5,166257699;4,507861159;4,040707365;3,5810354;3,168485795;2,781203075;2,400852454"
"CZ.DWC.GHG-INT (kg/sqm);65,57228793;59,02728172;54,57487367;50,31164016;44,22858712;40,5306618;36,77079987;32,36953572;29,17150162;26,1757709;22,8720243;20,43691986;17,94437034;15,75081957;13,71101598;11,82305318;9,397209694;7,78432413;6,418548649;5,326747301;4,45308131;3,960772776;3,586323559;3,25812806;2,972701147;2,707147641;2,512777691;2,327440631;2,163136151;2,012315094;1,869164719"
"DK.DWC.GHG-INT (kg/sqm);38,18621887;35,32608198;32,72895818;30,2212901;27,27909328;25,05682413;22,75846816;20,38291734;18,38632256;16,4970444;14,53046974;12,96899273;11,39810899;9,960264441;8,61097512;7,351124679;5,942458908;4,840674319;3,903001015;3,152278455;2,551361962;2,223272196;1,978107707;1,764102274;1,579261458;1,406929609;1,286401666;1,171385943;1,071516048;0,981700489;0,898268072"
"EE.DWC.GHG-INT (kg/sqm);157,3874959;146,5983116;135,2459321;124,3263502;113,0126533;103,413757;93,52157195;84,06657224;75,51337759;67,42864923;59,35579816;52,68160541;46,08174976;39,93123638;34,15215537;28,74689916;23,3197825;18,58247131;14,53856166;11,28786386;8,673067058;7,226367952;6,13325772;5,171560521;4,333147245;3,546184263;2,981097531;2,436918914;1,954519035;1,510157316;1,085279618"
"FI.DWC.GHG-INT (kg/sqm);46,20705336;42,10702727;39,25031874;36,48973417;32,47583662;30,02747954;27,49056983;24,47274255;22,26655159;20,17744297;17,82033414;16,09093289;14,28422031;12,68158437;11,17349192;9,761242358;7,849780598;6,599864392;5,534814865;4,683075169;4,002630073;3,640515936;3,373918923;3,141807166;2,941804325;2,753877894;2,624819388;2,49880695;2,386734097;2,281605442;2,177831421"
"FR.DWC.GHG-INT (kg/sqm);25,80583526;23,22876287;21,62860262;20,08085597;17,63949764;16,27677749;14,87831244;13,12681977;11,92557916;10,79511631;9,490716626;8,564471271;7,591971808;6,745890604;5,954272407;5,216997572;4,168416792;3,526421618;2,980846895;2,544512214;2,195636486;2,004808203;1,86231174;1,738313512;1,631650203;1,532700558;1,463828471;1,398213488;1,34091842;1,288335344;1,23736957"
"DE.DWC.GHG-INT (kg/sqm);41,60108386;38,54183512;35,43678838;32,46091153;29,32684978;26,72875969;24,08821742;21,53520248;19,27642241;17,15747724;15,0472738;13,31417759;11,6146307;10,04953405;8,590819201;7,237676913;5,849903279;4,683256879;3,694456325;2,904601758;2,27161852;1,923692873;1,660285316;1,430261831;1,231270583;1,047741573;0,914287736;0,788604536;0,678478289;0,578385568;0,483768849"
"EL.DWC.GHG-INT (kg/sqm);45,83481169;41,4676644;38,43511019;35,53473944;31,39303541;28,86813543;26,29133057;23,2519423;21,04944531;18,98204771;16,67283253;14,98504187;13,23954755;11,7045568;10,27158103;8,940037785;7,150742688;5,994962254;5,015080686;4,233562095;3,610646822;3,272479852;3,021440336;2,803697587;2,616961896;2,4438921;2,324442335;2,210793219;2,112350483;2,023309764;1,939136405"
"HU.DWC.GHG-INT (kg/sqm);51,42151874;46,72720735;43,93683963;41,15098826;36,35895759;33,80110194;31,11848095;27,6110072;25,25412187;23,01200615;20,34936134;18,45768441;16,43998182;14,68041352;13,02085941;11,46290641;9,172672653;7,789590781;6,608165632;5,660494867;4,901130227;4,492436198;4,190468782;3,928989452;3,70629623;3,501121402;3,365451766;3,237887469;3,129715083;3,031490633;2,933917436"
"IE.DWC.GHG-INT (kg/sqm);80,39050194;74,30545214;69,17123724;64,15266466;57,81980079;53,31363538;48,61349069;43,56331253;39,44735338;35,53333806;31,37026664;28,1091705;24,78757349;21,7482373;18,87876188;16,18272985;13,07301989;10,6872473;8,644972939;7,000462143;5,675856894;4,948093199;4,400121646;3,918132334;3,498414386;3,104047434;2,823962302;2,553849459;2,314966485;2,094765476;1,883185281"
"IT.DWC.GHG-INT (kg/sqm);36,02859945;32,69011243;30,24437304;27,89651293;24,73621882;22,69102339;20,59997297;18,25074449;16,46104879;14,7780796;12,95947129;11,58247901;10,18110544;8,928046898;7,757243981;6,668315528;5,343797882;4,402571339;3,602498769;2,961222346;2,446806709;2,159345289;1,941350177;1,749943375;1,583272935;1,427551524;1,314480483;1,206108008;1,109917603;1,021335908;0,936810302"
"LV.DWC.GHG-INT (kg/sqm);38,73394348;35,41206481;32,80714301;30,29959145;27,10338028;24,86101122;22,55604382;20,07963468;18,09230871;16,21874762;14,23840198;12,69944838;11,14645156;9,74220234;8,429559423;7,208661117;5,794253377;4,737854053;3,840961124;3,123450671;2,549271509;2,230831013;1,990740407;1,780739105;1,59872848;1,429239627;1,307826711;1,191985625;1,090200637;0,997498104;0,910114584"
"LT.DWC.GHG-INT (kg/sqm);49,31007291;44,95861217;41,80158551;38,71916712;34,36695098;31,62245387;28,79739021;25,53084914;23,09679304;20,80457853;18,27894138;16,39940555;14,46641264;12,75009514;11,14470852;9,650085238;7,726664477;6,427075989;5,322993589;4,439949037;3,733767995;3,346202025;3,056227713;2,80378781;2,586555123;2,385230147;2,244877017;2,111701172;1,996071544;1,890964622;1,790426307"
"LU.DWC.GHG-INT (kg/sqm);33,11586398;30,68403491;28,01544854;25,47849649;23,01436692;20,83193433;18,63122767;16,61127146;14,75633607;13,02919205;11,35960395;9,969138639;8,627404496;7,390071545;6,246527465;5,194686809;4,191029039;3,300965912;2,551905054;1,957058068;1,484548437;1,221580788;1,023865823;0,852218595;0,704506173;0,568250232;0,47073418;0,378593391;0,298226117;0,225672126;0,158009545"
"MT.DWC.GHG-INT (kg/sqm);79,24019765;67,24652283;63,79796878;60,49457689;50,26656444;47,36410544;44,35146917;38,10936565;35,534123;33,10000146;29,20973196;27,21614296;24,73921431;22,87937933;21,11483109;19,44237994;15,26201423;13,7578875;12,46300851;11,42638716;10,59107616;10,15099456;9,827522895;9,545622146;9,304285712;9,077682011;8,927740592;8,784844043;8,666174039;8,564802718;8,477678644"
"NL.DWC.GHG-INT (kg/sqm);43,52889344;40,69411599;37,5326879;34,47762384;31,4186415;28,71997575;25,93721558;23,33569969;20,92881784;18,65470251;16,41246652;14,53712734;12,69415426;10,97052339;9,353236366;7,842880263;6,375180627;5,056737043;3,933006589;3,030881755;2,306259193;1,904748914;1,601435948;1,335028624;1,10315437;0,886039859;0,730088849;0,580272591;0,447638688;0,325613812;0,209057265"
"PL.DWC.GHG-INT (kg/sqm);119,3929522;110,3714604;102,4036371;94,67204209;85,36284039;78,46858805;71,31667034;63,82597548;57,59218148;51,68462581;45,49938182;40,60648039;35,67229563;31,16100112;26,92527181;22,96859948;18,51577895;15,05690972;12,11160587;9,751089865;7,859199809;6,819160339;6,038194062;5,354795164;4,762669091;4,209867308;3,818448391;3,444141435;3,11656306;2,81938729;2,54049601"
"PT.DWC.GHG-INT (kg/sqm);32,74728307;28,08008055;26,70344969;25,3916989;21,34169474;20,17069916;18,94847606;16,38462858;15,3066473;14,28365109;12,63464508;11,78475832;10,72808516;9,939292269;9,199609369;8,510382542;6,697162305;6,08358192;5,567160362;5,162607039;4,848018825;4,699463318;4,601321832;4,521966663;4,460331517;4,406458354;4,385377756;4,369501346;4,366519256;4,375828254;4,398869202"
"RO.DWC.GHG-INT (kg/sqm);58,19113664;53,12241484;49,2562295;45,53517273;40,64677306;37,37952377;34,01063864;30,28365269;27,36923623;24,61287501;21,64789356;19,37123407;17,05066832;14,95441454;12,98601939;11,14656887;8,957753499;7,350773064;5,980347496;4,879593823;3,994855635;3,504826661;3,13453784;2,808889743;2,524920694;2,258263475;2,066057993;1,880571903;1,715455254;1,562687109;1,416063451"
"SK.DWC.GHG-INT (kg/sqm);41,09090845;37,32959852;34,76799345;32,30244563;28,68048876;26,48034843;24,20098677;21,47647565;19,49404049;17,61733977;15,50771398;13,95580565;12,34276375;10,91405223;9,57369953;8,322745535;6,664246344;5,572060445;4,64326991;3,900077657;3,305634172;2,980109882;2,736835215;2,5250748;2,342849679;2,173791615;2,05585775;1,943423351;1,845015445;1,754410722;1,666236865"
"SI.DWC.GHG-INT (kg/sqm);40,305065;36,73864837;34,00143718;31,37668546;27,93607835;25,64304617;23,29480945;20,68908293;18,67319721;16,77615872;14,73201117;13,17728291;11,59463375;10,17678198;8,85143183;7,618444204;6,11251761;5,043386199;4,135465641;3,40924737;2,828267481;2,507673116;2,266748411;2,056350233;1,874465928;1,70537948;1,585697335;1,471978273;1,373055217;1,28394455;1,200892449"
"ES.DWC.GHG-INT (kg/sqm);17,90285115;15,94745161;14,83624972;13,77414311;12,00486347;11,08171843;10,13900185;8,903798956;8,096937452;7,338906086;6,442349995;5,822962673;5,166910374;4,604942829;4,081011751;3,594951264;2,865580225;2,446617516;2,091731037;1,808522269;1,582502772;1,457797518;1,364212859;1,28265394;1,212267567;1,146973653;1,100783693;1,057076699;1,019332747;0,985818139;0,955367716"
"SE.DWC.GHG-INT (kg/sqm);15,54851473;14,23667448;13,30230184;12,38636501;11,06088184;10,23717439;9,375761663;8,366194085;7,611577176;6,893411221;6,091200834;5,49258693;4,868719758;4,308109044;3,777783037;3,278537652;2,638196389;2,194153294;1,814422961;1,509839874;1,265840927;1,136256604;1,041061412;0,958439019;0,887780854;0,822006887;0,778453297;0,736875136;0,701361228;0,669359216;0,638714647"
"UK.DWC.GHG-INT (kg/sqm);34,2477143;30,89991072;28,53143908;26,26288693;23,1655724;21,19877108;19,1996894;16,93249034;15,23298057;13,64100304;11,91843143;10,62471087;9,312242318;8,147899854;7,065539979;6,064174635;4,836150714;3,982352535;3,259507803;2,681538569;2,218936005;1,957078654;1,757405657;1,582284608;1,429847224;1,288080905;1,183764228;1,084376447;0,996165975;0,915177167;0,838372892"
"HR.DWC.GHG-INT (kg/sqm);57,67646408;52,51507883;49,09625975;45,7547208;40,59959774;37,6044929;34,47329377;30,65632249;27,90950976;25,29170542;22,31996356;20,13243272;17,84109139;15,79366405;13,85582581;12,03020958;9,653206942;8,032653288;6,640785271;5,515777061;4,605715393;4,102192199;3,720677811;3,383347356;3,087871395;2,808860447;2,608362663;2,41416498;2,241271323;2,081169144;1,927080834"
"CH.DWC.GHG-INT (kg/sqm);20,29788352;18,30999471;16,96191959;15,66746476;13,79309083;12,66395895;11,51427617;10,15129912;9,17165595;8,254118698;7,231582787;6,485683434;5,71764661;5,044832243;4,418874906;3,839157493;3,067932665;2,570425202;2,149093937;1,81255707;1,543569698;1,393617661;1,280296113;1,181197206;1,095275209;1,015352146;0,957678667;0,90266994;0,854149271;0,809758194;0,767683542"
"NO.DWC.GHG-INT (kg/sqm);9,995793648;8,69626164;8,146562125;7,618673278;6,490981429;6,033081299;5,56517798;4,835590412;4,435997602;4,060131514;3,568035775;3,260592224;2,919339224;2,63972314;2,37711675;2,132805719;1,6964684;1,485850735;1,306609833;1,162635602;1,046837482;0,981349514;0,931291363;0,887165768;0,847906134;0,811122373;0,783826892;0,757628818;0,734189455;0,712506042;0,691803969"
"AT.DWW.GHG-INT (kg/sqm);19,71240662;16,39704792;15,64389846;14,9297455;12,18015543;11,55791884;10,91817114;9,286326541;8,733117614;8,21205567;7,246385742;6,818652894;6,24620112;5,854601168;5,489074168;5,149873442;4,035184928;3,737266192;3,486658381;3,289831081;3,136098409;3,060537577;3,008770011;2,965870716;2,931182078;2,899925;2,883468207;2,868840007;2,85932412;2,854298404;2,853954244"
"BE.DWW.GHG-INT (kg/sqm);23,97115387;20,45683131;19,43886032;18,45630468;15,45254256;14,57987506;13,67008866;11,79983827;11,00223061;10,24370987;9,049176837;8,417033014;7,642762577;7,053115123;6,496919634;5,975024682;4,711686766;4,248028785;3,85257439;3,5362206;3,283492324;3,149767793;3,051803051;2,966848125;2,894209122;2,826646605;2,78227666;2,74071424;2,706988337;2,679699842;2,658391878"
"BG.DWW.GHG-INT (kg/sqm);21,32851629;18,63593083;17,41071543;16,23957828;13,87658036;12,86267206;11,83244259;10,27648935;9,400876496;8,581475941;7,525067456;6,860134295;6,128108037;5,530015188;4,9746465;4,461488065;3,533984943;3,094988119;2,724474218;2,429849732;2,195657347;2,066904271;1,97076256;1,887422294;1,815879921;1,749781673;1,703213305;1,65900422;1,620411654;1,585311113;1,552059614"
"CY.DWW.GHG-INT (kg/sqm);47,05351938;41,97413488;38,83312057;35,80857869;31,04761943;28,42100373;25,78168299;22,45815133;20,24433498;18,19181131;15,82813839;14,18633138;12,48156089;11,03984476;9,717966513;8,513707902;6,70608558;5,710930409;4,884892151;4,237993267;3,732832602;3,450663232;3,241013483;3,063976554;2,916866714;2,78779185;2,699945727;2,622923561;2,561469469;2,511208597;2,468493856"
"CZ.DWW.GHG-INT (kg/sqm);30,84394865;26,8435332;25,26990291;23,73999799;20,23840171;18,88541343;17,48239454;15,20559501;13,98624325;12,82833011;11,27985238;10,31787754;9,236459722;8,34491736;7,504372577;6,715593539;5,307373715;4,61696683;4,024963764;3,545910701;3,157542927;2,936068586;2,765153138;2,613081523;2,478716818;2,35181183;2,256704011;2,164683723;2,081569968;2,003950477;1,929149305"
"DK.DWW.GHG-INT (kg/sqm);16,02766258;14,48457309;13,46659164;12,49194263;11,0306656;10,17591926;9,300370689;8,229985821;7,476996844;6,769274665;5,961678067;5,383040063;4,779223386;4,254227159;3,765338997;3,312495037;2,669508174;2,278379531;1,948290757;1,686470841;1,479145478;1,368215422;1,286960317;1,217215646;1,158149947;1,103978579;1,068011113;1,034509503;1,006871917;0,983624087;0,963941991"
"EE.DWW.GHG-INT (kg/sqm);62,51806531;57,18956856;52,42065054;47,89663545;42,76825533;38,88319252;34,96308995;30,99495997;27,68667142;24,60370773;21,46282144;18,97732092;16,52448069;14,31011327;12,26303995;10,38000589;8,317671208;6,724652778;5,384887389;4,321981397;3,478794583;3,010626744;2,659473942;2,355383692;2,094549585;1,854805582;1,68451025;1,524449566;1,38595125;1,261985215;1,147350093"
"FI.DWW.GHG-INT (kg/sqm);22,06501455;19,26244384;18,01072367;16,82354806;14,34310084;13,31813011;12,28353377;10,65176365;9,777937602;8,966408071;7,877399328;7,227028631;6,495768637;5,919497172;5,389874558;4,906056175;3,886493861;3,474297871;3,132333542;2,86708234;2,662635751;2,561693252;2,492687843;2,435993427;2,390215086;2,348859715;2,324807826;2,301291103;2,280933072;2,261286249;2,240395612"
"FR.DWW.GHG-INT (kg/sqm);12,51353252;10,76145135;10,14404856;9,548300236;8,022559394;7,501928721;6,971391792;6,011896156;5,560408084;5,137900285;4,523371266;4,180451913;3,778660557;3,468882298;3,180663336;2,913734863;2,309698285;2,078846725;1,883832707;1,728976409;1,606218751;1,540464267;1,492365975;1,451266668;1,416732231;1,385332656;1,364866829;1,345771829;1,329643834;1,314940042;1,300183798"
"DE.DWW.GHG-INT (kg/sqm);16,71301303;15,419405;14,32869215;13,27196721;11,95609714;11,01532886;10,04532513;9,003738853;8,157659383;7,355813166;6,507016615;5,839148884;5,163008293;4,546629647;3,966056632;3,42178946;2,787284911;2,307102335;1,89675275;1,566827805;1,299987589;1,155722626;1,045999629;0,949560164;0,865652719;0,788165604;0,73110906;0,677493718;0,630392392;0,587442747;0,546518484"
"EL.DWW.GHG-INT (kg/sqm);21,29177039;18,59511174;17,48629938;16,423345;14,02799462;13,09621599;12,14027546;10,57028405;9,748128073;8,974621332;7,915857621;7,282013956;6,559412182;5,979209479;5,436461109;4,931221461;3,917523425;3,474405258;3,099073613;2,800978934;2,564821607;2,441531755;2,352654885;2,27677174;2,213025162;2,154462536;2,117274115;2,082154842;2,052906457;2,027156728;2,0030267"
"HU.DWW.GHG-INT (kg/sqm);25,12065543;21,67225078;20,52239593;19,38356812;16,2227591;15,19340733;14,14135157;12,1455281;11,24891335;10,41317048;9,153172273;8,472407425;7,663027022;7,057845241;6,499887263;5,988041672;4,703310976;4,264892436;3,898895787;3,612533416;3,389713844;3,27572234;3,196602818;3,132732134;3,083557615;3,043076897;3,025263091;3,012637965;3,007262967;3,004855494;3,000241713"
"IE.DWW.GHG-INT (kg/sqm);34,76695502;31,01903508;28,83703836;26,73814512;23,26975501;21,43460217;19,56706087;17,13751103;15,54682501;14,05897073;12,30790708;11,10167337;9,830134224;8,748737187;7,74681482;6,823434947;5,416871666;4,630905082;3,969867651;3,446213618;3,03185272;2,805153652;2,637055421;2,492617299;2,370041988;2,258257302;2,181596546;2,110221723;2,049665235;1,996098029;1,946448592"
"IT.DWW.GHG-INT (kg/sqm);16,42817932;14,37092926;13,42061427;12,50958541;10,722461;9,935157994;9,132148552;7,954791084;7,270337632;6,62717766;5,817293556;5,291985436;4,719930241;4,243026021;3,797698649;3,38373104;2,694254476;2,337821229;2,034684815;1,791340463;1,595740683;1,485181142;1,400714904;1,326287799;1,2611804;1,200226832;1,155217494;1,111985645;1,073302123;1,037448281;1,003089036"
"LV.DWW.GHG-INT (kg/sqm);16,93979388;15,05678992;14,06425638;13,11044136;11,42923687;10,57927887;9,705703534;8,534981296;7,782064277;7,072090484;6,222213142;5,638884232;5,016994511;4,484418251;3,986471538;3,523238443;2,82113419;2,420034812;2,079498136;1,807144359;1,58928597;1,46881712;1,378165676;1,298935792;1,230330551;1,166457425;1,120916118;1,077522654;1,039581702;1,005288377;0,973336554"
"LT.DWW.GHG-INT (kg/sqm);22,6113342;19,84960322;18,62533438;17,43210336;14,90798938;13,85136419;12,7714414;11,10018783;10,17824573;9,315046698;8,182633181;7,481716185;6,701982393;6,069434828;5,48121806;4,936763556;3,911049962;3,44136006;3,044652841;2,729452578;2,479329993;2,344240828;2,244854356;2,159743151;2,088090641;2,023098898;1,980552153;1,941420712;1,909121194;1,880807042;1,853791862"
"LU.DWW.GHG-INT (kg/sqm);12,82729792;11,93993962;10,9993451;10,09504337;9,165625346;8,372362023;7,559240629;6,785755181;6,086918114;5,42918754;4,7762594;4,237243964;3,707442827;3,216377349;2,757593714;2,331034075;1,904033782;1,534826914;1,221420661;0,970786972;0,770298392;0,65946202;0,57605139;0,503119822;0,439929218;0,381041561;0,338993613;0,298855771;0,263671869;0,231779381;0,20199296"
"MT.DWW.GHG-INT (kg/sqm);49,89909789;39,36232845;37,77391377;36,30216766;27,90486071;26,67920618;25,4620369;20,8645868;19,8715426;18,96088286;16,58647034;15,8769686;14,69588999;14,08387585;13,52707367;13,02276575;9,978238767;9,560156622;9,217497147;8,957656897;8,761496653;8,6691106;8,609781132;8,564545049;8,532101544;8,506332391;8,499273119;8,496837691;8,503183462;8,51849246;8,544725378"
"NL.DWW.GHG-INT (kg/sqm);18,47209579;17,10991456;15,72344536;14,39463191;13,00458253;11,84716548;10,66843154;9,537972298;8,532795618;7,590733055;6,655982595;5,88943673;5,138778741;4,447464398;3,804568409;3,20958915;2,611967145;2,10257267;1,671697962;1,32797244;1,053661723;0,900797921;0,78545474;0,684831309;0,597824985;0,517150233;0,459147079;0,404027727;0,355614376;0,311505944;0,269855594"
"PL.DWW.GHG-INT (kg/sqm);50,70307695;45,58531324;42,37134444;39,28546128;34,48947418;31,77983667;29,00596942;25,54384967;23,16116437;20,92325978;18,34806872;16,52156235;14,6120673;12,96178332;11,42785828;10,00981605;7,969647443;6,753475865;5,728363734;4,915294662;4,271186073;3,921965909;3,663957594;3,44178844;3,252728508;3,079181172;2,960810175;2,850116535;2,756956161;2,676488899;2,6056673"
"PT.DWW.GHG-INT (kg/sqm);20,06851962;16,06701151;15,51348327;15,00819247;11,74696966;11,31118612;10,87255147;9,035712152;8,661065599;8,316272052;7,343937724;7,071112698;6,591513872;6,35457081;6,141686224;5,952694375;4,620232662;4,458207267;4,331241511;4,242073446;4,182938963;4,173258915;4,179486211;4,192462893;4,211650729;4,234436526;4,267421925;4,304212885;4,347990627;4,4006054;4,465460252"
"RO.DWW.GHG-INT (kg/sqm);26,05833333;22,80058429;21,13856243;19,56677604;16,76351902;15,42674757;14,08235432;12,21875335;11,08907349;10,03767732;8,756648455;7,91123237;7,009235323;6,260294981;5,569800674;4,936526553;3,899854144;3,369182056;2,92380285;2,570712736;2,290683426;2,133142863;2,014089777;1,91069937;1,821535205;1,7393193;1,679289591;1,622406334;1,572170653;1,526281623;1,48307552"
"SK.DWW.GHG-INT (kg/sqm);19,21247172;16,73157626;15,7210455;14,75338543;12,5657444;11,71231781;10,83796471;9,404573091;8,654331858;7,949911293;6,99137706;6,416682712;5,765710263;5,245469178;4,761446051;4,313474446;3,416313526;3,030088997;2,704379875;2,446140243;2,241792145;2,132046564;2,051754308;1,983298215;1,925907074;1,873916982;1,839955518;1,808337857;1,781550801;1,756943519;1,731941956"
"SI.DWW.GHG-INT (kg/sqm);18,01777346;15,90872813;14,86979945;13,87551498;11,99265839;11,12653106;10,24001129;8,964615886;8,204032823;7,488582081;6,591291313;6,005255438;5,366233006;4,831774388;4,332294097;3,86773668;3,084765826;2,681299998;2,33895472;2,06556252;1,847302386;1,728035399;1,63907015;1,561749084;1,495355724;1,433969549;1,391614562;1,351850893;1,318173094;1,288846154;1,262644297"
"ES.DWW.GHG-INT (kg/sqm);8,982281959;7,650004163;7,252485822;6,871255365;5,748470216;5,415035035;5,07047986;4,377163398;4,078336157;3,795349146;3,356098176;3,12191117;2,837833764;2,621499511;2,418202615;2,228130987;1,774862369;1,60803251;1,465981755;1,352301797;1,261379107;1,212204579;1,175669969;1,143834178;1,116416598;1,090892466;1,073410482;1,056932996;1,043110346;1,031376813;1,021461513"
"SE.DWW.GHG-INT (kg/sqm);7,140647264;6,251465591;5,861374398;5,48582966;4,691973496;4,364000438;4,031386876;3,511028964;3,228745514;2,965344604;2,617073356;2,404045465;2,166664611;1,976200793;1,799933335;1,637640356;1,322069396;1,183717172;1,067301437;0,974908933;0,901614291;0,860833482;0,830259711;0,803895801;0,78145354;0,761057518;0,746838743;0,733689483;0,72248463;0,712460738;0,70292014"
"UK.DWW.GHG-INT (kg/sqm);18,03946617;15,94942108;14,97951421;14,03177563;12,17512048;11,33106189;10,4505806;9,187205504;8,417071634;7,683026833;6,773607492;6,160378267;5,494378837;4,922209077;4,381165631;3,872036447;3,095720787;2,647864933;2,263137657;1,951388047;1,698374369;1,554355776;1,443262244;1,34435338;1,256932918;1,174295603;1,1125113;1,052696497;0,998705621;0,948304148;0,899737786"
"HR.DWW.GHG-INT (kg/sqm);27,43995513;23,69472125;22,16912983;20,70722355;17,40450674;16,14169544;14,86334493;12,7664225;11,68534918;10,67579524;9,312651788;8,497150487;7,583065867;6,857534297;6,187001864;5,57055251;4,362021803;3,845184402;3,410228888;3,06415721;2,788662004;2,631492068;2,511846757;2,407878879;2,318328845;2,236318842;2,176537108;2,120779841;2,072423997;2,029246488;1,989585258"
"CH.DWW.GHG-INT (kg/sqm);9,544956976;8,34168339;7,886681468;7,442852994;6,373225546;5,975758671;5,561148299;4,86056461;4,497372996;4,151865734;3,675054445;3,386931773;3,056967677;2,788059365;2,533922773;2,294863893;1,838936992;1,627231152;1,445699675;1,299183341;1,180827965;1,115225631;1,065454488;1,02143791;0,982856113;0,946442094;0,920101976;0,894593258;0,871826506;0,850722522;0,830438416"
"NO.DWW.GHG-INT (kg/sqm);5,611499857;4,703292562;4,567901373;4,425910676;3,655662962;3,518497294;3,361810914;2,908776422;2,761088512;2,613804052;2,333236802;2,202705119;2,025082447;1,892148059;1,760533985;1,632452999;1,29969517;1,17961603;1,074961508;0,990142286;0,921634802;0,887749937;0,863806116;0,843007979;0,824661961;0,807170737;0,796599505;0,786173161;0,777409076;0,769544316;0,761956966"
"AT.HEC.GHG-INT (kg/sqm);57,49741475;51,87016035;48,38536617;45,03452981;39,75246948;36,80163367;33,75832594;29,93070574;27,29564776;24,80587225;21,91903938;19,86548143;17,70084669;15,81206624;14,04055541;12,38724547;10,03020418;8,583008658;7,352263979;6,368266031;5,581999161;5,156458765;4,840424789;4,565321367;4,328467524;4,10777399;3,955421198;3,810148585;3,684980532;3,573547183;3,471539809"
"BE.HEC.GHG-INT (kg/sqm);77,70026763;71,15220628;66,44734103;61,86784344;55,37585962;51,27445692;46,99015877;42,01813675;38,25696913;34,67491318;30,70126153;27,70932549;24,6045968;21,80810879;19,16501941;16,67922593;13,5460137;11,34097339;9,45238943;7,931387187;6,70615666;6,035328264;5,530993257;5,087219119;4,700681823;4,337147474;4,080090667;3,832705948;3,615762057;3,418826628;3,234279521"
"BG.HEC.GHG-INT (kg/sqm);70,94975948;64,93488681;59,87244795;55,0277803;49,16685429;44,95647835;40,67372849;36,16708991;32,52012118;29,10471419;25,54370035;22,7678278;19,99248609;17,49191479;15,16789896;13,01844464;10,56088817;8,721431569;7,166735937;5,927790948;4,940284551;4,391944633;3,979324454;3,619978103;3,309854579;3,022604814;2,817082246;2,621856324;2,450649921;2,294755806;2,147476228"
"CY.HEC.GHG-INT (kg/sqm);126,766356;116,0713691;106,4345226;97,17577234;86,49180103;78,46600058;70,39955953;62,17994786;55,4069171;49,12149043;42,72087591;37,68426084;32,7349418;28,30575223;24,24118696;20,53514004;16,42859813;13,36871187;10,82537985;8,829104286;7,265466999;6,382047902;5,719042684;5,15404104;4,678236713;4,254811187;3,954231356;3,683706096;3,458228798;3,265674725;3,097102471"
"CZ.HEC.GHG-INT (kg/sqm);100,4662968;92,35314711;85,84255144;79,51615229;71,38255647;65,75452546;59,91350765;53,57029823;48,48234386;43,65430262;38,51170993;34,50320886;30,42837163;26,71415891;23,21570627;19,936275;16,16735597;13,28797494;10,8255226;8,841686579;7,242053342;6,349795645;5,671585189;5,07293302;4,549020515;4,056395826;3,698267529;3,352891452;3,044946357;2,759964649;2,48660119"
"DK.HEC.GHG-INT (kg/sqm);42,25730368;39,04620191;36,08281193;33,23820236;29,98794567;27,49212399;24,93436076;22,33159809;20,13223481;18,06324807;15,9355469;14,24176329;12,55343351;11,01476287;9,579972858;8,248829087;6,78147177;5,633089786;4,660831534;3,885656861;3,26777439;2,928502703;2,674870198;2,454387092;2,264678642;2,088968689;1,965620134;1,848787066;1,747771353;1,657473744;1,57426629"
"EE.HEC.GHG-INT (kg/sqm);257,5784622;238,2780754;217,6817413;198,1303452;178,7931957;161,9865759;145,024085;129,2728603;114,9535151;101,6073729;88,62228746;77,85980317;67,44301887;57,85227696;48,98448544;40,82560224;32,92934955;26,02730545;20,22044113;15,61095026;11,95171803;9,914650055;8,383662233;7,056153829;5,915616546;4,866032727;4,116360417;3,410039165;2,7954776;2,241415679;1,72418667"
"FI.HEC.GHG-INT (kg/sqm);71,99221258;65,73511602;60,53148594;55,57519874;49,51849592;45,23341294;40,8982313;36,27934473;32,6088859;29,18604621;25,58758919;22,82473014;20,05717981;17,59179216;15,31264042;13,21670849;10,69656424;8,917207962;7,423595299;6,242885593;5,310621237;4,802491752;4,426264889;4,102553787;3,826744269;3,573434645;3,396658469;3,229077991;3,082826334;2,94928179;2,821820418"
"FR.HEC.GHG-INT (kg/sqm);45,69177286;41,80463846;38,68769177;35,68603408;31,86049821;29,23368479;26,5521945;23,6385359;21,3479903;19,19919195;16,91442704;15,16273036;13,39269513;11,80511424;10,32505332;8,951606701;7,30885876;6,123597773;5,118998345;4,31679927;3,676193998;3,322602817;3,057267866;2,826177421;2,62696303;2,442285391;2,311687349;2,187466117;2,078686086;1,979191939;1,883932259"
"DE.HEC.GHG-INT (kg/sqm);62,48609284;58,48593544;54,15470091;49,95319257;45,60442757;41,86364662;37,9971499;34,30031395;30,92975485;27,73380096;24,54565911;21,88616915;19,25713224;16,79827391;14,48159655;12,30930083;10,12952573;8,215156016;6,578262283;5,260899531;4,197887779;3,614393397;3,171911217;2,782376269;2,442700332;2,125301555;1,895188447;1,675162656;1,480374596;1,301173549;1,129666661"
"EL.HEC.GHG-INT (kg/sqm);55,82593333;50,95866885;47,3072645;43,80011178;39,06704133;35,99324336;32,83726351;29,26356811;26,54752272;23,98773137;21,18981199;19,08611485;16,9260994;14,99548785;13,18533665;11,49589917;9,362811131;7,884147423;6,625554459;5,617934921;4,811478053;4,372386774;4,044891292;3,759249509;3,512792233;3,282981451;3,122770299;2,969357866;2,835317555;2,713099467;2,596775328"
"HU.HEC.GHG-INT (kg/sqm);79,5593697;72,69195072;67,44975678;62,32933502;55,33808682;50,78673054;46,1357603;40,86732511;36,89219876;33,16958905;29,12249685;26,06508882;22,96146071;20,22507688;17,69097048;15,35625417;12,37334879;10,3869107;8,716527082;7,393162037;6,345944692;5,770209648;5,342774397;4,97639375;4,666813123;4,386595305;4,196098769;4,020658544;3,873002278;3,741815227;3,616609949"
"IE.HEC.GHG-INT (kg/sqm);126,3198015;116,492729;107,2235636;98,30657602;88,32421673;80,52220936;72,57743679;64,62950723;57,85491188;51,51240248;45,08232883;39,93184815;34,84905105;30,22510126;25,93670395;21,98027063;17,74625405;14,38087943;11,54520429;9,292120388;7,502361933;6,508463047;5,762486831;5,115961006;4,561093491;4,050766795;3,68822725;3,346936703;3,050694961;2,783856263;2,534370496"
"IT.HEC.GHG-INT (kg/sqm);85,68119674;79,09708394;72,88179529;66,9188236;60,3098643;55,10953777;49,79654629;44,51987971;39,97408922;35,70281196;31,37863832;27,88780549;24,43261171;21,26098107;18,30028727;15,54928429;12,66419191;10,28869731;8,271755961;6,657313374;5,364244472;4,644224852;4,099796684;3,62279734;3,208488567;2,822138152;2,543375238;2,276751628;2,04105444;1,82478658;1,619034029"
"LV.HEC.GHG-INT (kg/sqm);62,44287224;57,62587135;53,33907264;49,20810073;44,4260081;40,72440786;36,91565761;33,06588548;29,77810946;26,67676586;23,50132818;20,9514193;18,41150776;16,0818302;13,90281437;11,87484995;9,700349502;7,943495457;6,451097684;5,256568088;4,300125733;3,769499547;3,369203472;3,018844807;2,714979409;2,431819195;2,228763344;2,034824727;1,86413046;1,708287666;1,560874273"
"LT.HEC.GHG-INT (kg/sqm);78,16900503;71,90481753;66,51209554;61,27585093;54,86799693;50,24358187;45,51382199;40,52326653;36,4764714;32,68025857;28,71163208;25,61853622;22,51768571;19,71944301;17,11339998;14,6978437;11,91817902;9,839248564;8,079231889;6,675198554;5,555130249;4,936522946;4,472579153;4,069116602;3,721921985;3,400822023;3,174465908;2,960038785;2,773343178;2,603777461;2,442663945"
"LU.HEC.GHG-INT (kg/sqm);59,73183041;55,84015481;51,38101649;47,09015059;42,91939568;39,1534045;35,29275985;31,74437861;28,42670591;25,30401208;22,25918928;19,70001817;17,20321324;14,87147635;12,69265055;10,6664032;8,735082301;6,981353628;5,491993217;4,300083123;3,345803182;2,816520817;2,417286827;2,067820681;1,764665442;1,482037548;1,279301639;1,085499248;0,914741143;0,758627616;0,610741931"
"MT.HEC.GHG-INT (kg/sqm);102,6695363;88,13480154;82,06432497;76,36738432;63,94837697;59,12733105;54,31777708;46,52107552;42,57599183;38,94266343;33,99756462;31,14189339;27,91520414;25,42549175;23,14116982;21,05142866;16,5486902;14,81106922;13,36134049;12,22938214;11,3417664;10,85636229;10,49860704;10,19572306;9,943476192;9,718150303;9,565847148;9,429336303;9,320706972;9,234165176;9,167807589"
"NL.HEC.GHG-INT (kg/sqm);69,12285757;64,38941309;59,0995157;54,02955754;49,07370719;44,65546443;40,15547475;36,01034152;32,17211045;28,57493242;25,07726754;22,15019627;19,30735235;16,66742123;14,2124251;11,94045019;9,774220141;7,828636587;6,183086908;4,87055712;3,823263382;3,24008847;2,800244508;2,416581712;2,084886794;1,777313615;1,556319337;1,346270511;1,161777486;0,993663411;0,834869805"
"PL.HEC.GHG-INT (kg/sqm);189,5343945;175,417602;161,6739948;148,4445723;133,9309239;122,2974839;110,3816545;98,59172103;88,3545602;78,73253043;69,00947483;61,14746444;53,38207895;46,270246;39,65219026;33,52571616;27,07945094;21,82834157;17,39068432;13,85633171;11,04174411;9,484905481;8,316798536;7,301408568;6,427268585;5,619151426;5,04580893;4,503277594;4,031566574;3,606813911;3,211320528"
"PT.HEC.GHG-INT (kg/sqm);49,11327121;43,11005354;40,28898011;37,62746078;32,31968729;30,01429231;27,6774008;24,11731783;22,12518823;20,26729974;17,84010093;16,34049028;14,67984177;13,34884366;12,12498434;11,00700064;8,812858489;7,868596008;7,084367227;6,473500385;6,000097488;5,756319928;5,585030046;5,443653997;5,329689248;5,230009594;5,17353722;5,126134645;5,096097633;5,081871841;5,084307677"
"RO.HEC.GHG-INT (kg/sqm);92,81170549;84,76728598;77,68558784;70,96618348;63,29612733;57,53296848;51,72812199;45,83629617;40,94642103;36,39487286;31,76369165;28,10212431;24,49797725;21,25257055;18,26031611;15,51587922;12,52394519;10,22052224;8,287840092;6,75653231;5,542978802;4,862834972;4,35024214;3,905994763;3,524107957;3,173114734;2,919634363;2,680809439;2,471913018;2,282780522;2,105835577"
"SK.HEC.GHG-INT (kg/sqm);66,34274048;60,85449755;56,310427;51,96489357;46,57380679;42,73743842;38,80067756;34,57446862;31,18599157;27,99717209;24,62892833;22,01735968;19,38608608;17,01563011;14,80632473;12,75802976;10,36105387;8,599522882;7,109341048;5,921544553;4,974994025;4,451817404;4,059551325;3,718837781;3,425959831;3,155509865;2,964464838;2,783447132;2,625309274;2,480875926;2,342555939"
"SI.HEC.GHG-INT (kg/sqm);65,5456794;60,39071654;55,79704379;51,38804727;46,24098098;42,38368027;38,43047429;34,36291596;30,9662294;27,7681388;24,45962688;21,83647399;19,21173671;16,81727228;14,5779104;12,49355213;10,18570459;8,377374434;6,840838995;5,610948808;4,626216716;4,081660526;3,671667699;3,313095545;3,002523859;2,713300799;2,507374185;2,311074101;2,139235885;1,983245737;1,8365198"
"ES.HEC.GHG-INT (kg/sqm);37,76808801;34,7310989;32,30136973;29,95211001;26,93324428;24,85260358;22,6967476;20,34512563;18,46966128;16,6916555;14,78895989;13,31474103;11,81269311;10,44830796;9,164426165;7,962232061;6,550115724;5,494667947;4,593833436;3,870262269;3,288931893;2,969021978;2,728234479;2,516870059;2,333135906;2,161020283;2,038657286;1,921256945;1,818117335;1,724188845;1,635687842"
"SE.HEC.GHG-INT (kg/sqm);19,49866329;17,82024297;16,51226843;15,25425133;13,61832358;12,51967299;11,40426943;10,17372756;9,225140475;8,338397859;7,390128859;6,67077682;5,944647945;5,300030122;4,702539459;4,151569067;3,473842037;3,005148489;2,609702249;2,294443019;2,042879842;1,899694233;1,790349352;1,694720675;1,611738941;1,535063396;1,478443193;1,42487675;1,377436811;1,333883112;1,292396968"
"UK.HEC.GHG-INT (kg/sqm);78,56946075;73,04030647;67,90451794;62,88792529;57,08277737;52,58141911;47,8801537;43,10507193;38,98087055;35,0527052;31,00211627;27,72202215;24,42546309;21,3648594;18,47339991;15,75539171;12,87958264;10,47990213;8,424176427;6,766150961;5,428123677;4,68433045;4,119713693;3,621112356;3,184732666;2,773993763;2,476583254;2,189471616;1,933694892;1,697065783;1,470017222"
"HR.HEC.GHG-INT (kg/sqm);92,04878151;83,97515293;77,32010342;70,94723453;62,97160047;57,43929736;51,83607617;45,82177622;41,07363144;36,64242373;31,996659;28,41838758;24,84815087;21,66459837;18,72420625;16,02281237;12,88066946;10,60869014;8,699880276;7,185380496;5,983570009;5,307131095;4,796013263;4,352823258;3,97189152;3,622515669;3,370075488;3,133402734;2,927475898;2,742319768;2,570454635"
"CH.HEC.GHG-INT (kg/sqm);41,80272434;38,80543411;36,15144642;33,55348792;30,39046766;28,05342712;25,61361513;23,05281811;20,91478081;18,88098259;16,7454922;15,050499;13,33349318;11,75292583;10,25993726;8,856285126;7,292573193;6,050059711;4,985348033;4,126853836;3,434217179;3,052027417;2,763104376;2,508157213;2,285281888;2,075242819;1,924513438;1,778704405;1,649005564;1,529001344;1,413635288"
"NO.HEC.GHG-INT (kg/sqm);11,44635723;10,39959704;10,03073582;9,637516438;8,602298665;8,207525607;7,750574549;7,010102824;6,572442438;6,1347028;5,551164366;5,161171388;4,713183303;4,314015428;3,92112994;3,53856141;2,95473431;2,593738337;2,279715149;2,026197907;1,822437753;1,724487635;1,656850599;1,598751175;1,549423551;1,502624812;1,476914046;1,451557647;1,431189593;1,41346182;1,396452799"
"AT.LEI.GHG-INT (kg/sqm);58,86711211;53,14921227;49,55731502;46,10309887;40,72174475;37,67960859;34,54206142;30,62834866;27,91166498;25,34469961;22,38254126;20,26523752;18,03817603;16,09069372;14,2640567;12,55922281;10,15347101;8,66121433;7,392040179;6,37717863;5,566111186;5,126848696;4,800453291;4,516245547;4,271465156;4,043344145;3,885663105;3,735268151;3,605565577;3,489960169;3,383966756"
"BE.LEI.GHG-INT (kg/sqm);77,6138183;71,06603029;66,36149723;61,78232371;55,29065417;51,18954238;46,90554826;41,9338057;38,17290509;34,59110353;30,61770228;27,62597885;24,52146013;21,72517095;19,0822696;16,59665307;13,46360931;11,25872589;9,370276457;7,849382751;6,624239844;5,95345984;5,449161446;5,005419636;4,618910622;4,25540294;3,998365295;3,75099912;3,534071737;3,337151593;3,152619194"
"BG.LEI.GHG-INT (kg/sqm);61,55504631;56,1710949;51,83736662;47,69032333;42,49367379;38,89032525;35,22524754;31,27896091;28,15828845;25,23587786;22,15050284;19,7755097;17,38820523;15,24892542;13,26078576;11,42207335;9,255082718;7,681581405;6,351768627;5,29215548;4,447707703;3,979049716;3,626530601;3,319599377;3,054783772;2,80953194;2,63419568;2,467648715;2,321626434;2,188671707;2,063046711"
"CY.LEI.GHG-INT (kg/sqm);101,1734426;92,28942454;84,74741115;77,49912323;68,72525693;62,44063305;56,12437748;49,48369675;44,18096155;39,26059866;34,16185256;30,22002504;26,31703655;22,85127369;19,67119424;16,77194602;13,40677991;11,01274629;9,02322226;7,462105555;6,239815117;5,550292319;5,033489159;4,593601788;4,22379775;3,895297013;3,663321419;3,455198738;3,282617086;3,135950976;3,007966359"
"CZ.LEI.GHG-INT (kg/sqm);90,66547549;83,13124617;77,31559208;71,66436137;64,18277925;59,15651565;53,94020345;48,16939369;43,62599504;39,31457169;34,67789704;31,09823384;27,44475901;24,12787356;21,00355575;18,07471591;14,63809575;12,06684107;9,867678598;8,095660192;6,666528196;5,86869191;5,261889772;4,726099577;4,257020951;3,815876027;3,494771256;3,185058275;2,908761092;2,652968291;2,407555036"
"DK.LEI.GHG-INT (kg/sqm);45,64403017;42,20679212;38,97965862;35,88153418;32,38874139;29,67043534;26,88461039;24,07409972;21,67864814;19,42511162;17,11844083;15,27347435;13,43811463;11,76201782;10,1989897;8,748772799;7,169653677;5,918609111;4,85929046;4,014519098;3,340976453;2,970747964;2,693745857;2,452826793;2,245406805;2,053219585;1,918024574;1,789894068;1,678930313;1,579542611;1,487722877"
"EE.LEI.GHG-INT (kg/sqm);237,3079341;219,4579257;200,5045864;182,513136;164,6509546;149,1856814;133,5770803;119,049022;105,8727003;93,59194677;81,62875699;71,72548063;62,13540858;53,31038516;45,15063117;37,64322434;30,35257252;24,00164186;18,65849318;14,41716225;11,05025494;9,176049602;7,767536782;6,546266232;5,497048199;4,531531332;3,842002343;3,192386701;2,62724378;2,117828775;1,642391785"
"FI.LEI.GHG-INT (kg/sqm);86,92147092;79,61345722;73,20759851;67,1046926;59,96004067;54,68318401;49,34391619;43,81630523;39,29506992;35,07783161;30,71596383;27,31045501;23,92343546;20,88335112;18,07196711;15,48560673;12,50896356;10,31369719;8,469736309;7,010530776;5,856853641;5,224851937;4,755163828;4,350222356;4,004433999;3,686644801;3,463407668;3,252000896;3,067450562;2,89925667;2,739374926"
"FR.LEI.GHG-INT (kg/sqm);60,4641075;55,60391145;51,34778459;47,24962117;42,37594173;38,78922454;35,12742604;31,32314747;28,19444181;25,25887755;22,21289392;19,81913963;17,42552012;15,25557403;13,23232491;11,35457688;9,238430822;7,618192763;6,244620563;5,147391642;4,27077462;3,786000365;3,421658672;3,103978776;2,829710637;2,575175722;2,394384348;2,222251288;2,07124461;1,933106815;1,801157275"
"DE.LEI.GHG-INT (kg/sqm);61,9113913;57,94070183;53,64474894;49,47747987;45,16173593;41,45144051;37,61647976;33,94855321;30,60547974;27,43559203;24,27292012;21,63511423;19,02733975;16,58854167;14,29076639;12,13619606;9,973245303;8,074490502;6,450950939;5,144339053;4,08999573;3,51128352;3,072424302;2,686080471;2,349189249;2,034402544;1,806173613;1,587959639;1,394779539;1,217061949;1,046976797"
"EL.LEI.GHG-INT (kg/sqm);46,3232419;42,05832268;39,11249011;36,28360484;32,19925401;29,71986852;27,17440175;24,15673619;21,96624697;19,90215137;17,5868494;15,89103805;14,12990631;12,57403454;11,11558888;9,754767466;7,932311255;6,741012456;5,727525379;4,916799689;4,268601505;3,917145434;3,655866852;3,428433298;3,232678421;3,050389171;2,924316948;2,803730984;2,698770535;2,603322512;2,51258233"
"HU.LEI.GHG-INT (kg/sqm);74,54779863;67,99318299;63,12539443;58,36924605;51,72844218;47,49931175;43,17760381;38,20857768;34,51510232;31,05661013;27,26450731;24,42453679;21,53080787;18,9894063;16,6360964;14,46815332;11,64061281;9,795802007;8,244755881;7,016265522;6,044471781;5,510981346;5,115413269;4,776709057;4,490952812;4,232668382;4,057970474;3,897426095;3,762787047;3,643381954;3,529209512"
"IE.LEI.GHG-INT (kg/sqm);125,1309194;115,3777282;106,1946945;97,36056866;87,45737496;79,72788399;71,85696925;63,97610569;57,26451144;50,98100166;44,60779297;39,50524752;34,46876942;29,887873;25,63941688;21,71984487;17,52019092;14,18616437;11,37691804;9,144852252;7,371809284;6,387234334;5,648281187;5,007857336;4,458243556;3,952760422;3,593695221;3,255685014;2,962307604;2,698060837;2,451003722"
"IT.LEI.GHG-INT (kg/sqm);51,23125811;46,91348272;43,33406079;39,90030364;35,70535719;32,71437539;29,65927014;26,4348897;23,82224653;21,36735701;18,80258416;16,79641742;14,78464378;12,96210625;11,26071042;9,679725397;7,893850415;6,529182637;5,370243945;4,442230661;3,698600847;3,283702513;2,969550586;2,694095795;2,454611881;2,23116878;2,069432714;1,914648391;1,777584511;1,651639478;1,531693607"
"LV.LEI.GHG-INT (kg/sqm);58,94105856;54,34736284;50,31128916;46,42212922;41,87604377;38,39148073;34,8061253;31,16025445;28,06540539;25,14606786;22,14762752;19,74739415;17,35346238;15,16056138;13,10949096;11,20061752;9,138180484;7,48451231;6,079782161;4,955438947;4,055209883;3,555800585;3,179071422;2,849348245;2,563388391;2,296918018;2,105850527;1,923369833;1,762779361;1,616187641;1,477561976"
"LT.LEI.GHG-INT (kg/sqm);73,56969186;67,59323911;62,54296502;57,63886316;51,55006723;47,2187542;42,78883673;38,07096946;34,28088811;30,72562902;26,99000387;24,09343093;21,18326544;18,56293951;16,12266549;13,86082446;11,22525086;9,278523163;7,630505456;6,315922231;5,267321942;4,688436752;4,254442172;3,877132907;3,5525747;3,252514609;3,041258852;2,841232667;2,667221049;2,50925947;2,359162436"
"LU.LEI.GHG-INT (kg/sqm);61,99695091;57,95516984;53,32023361;48,86016394;44,52746129;40,61294295;36,60003411;32,91301004;29,46449179;26,21864037;23,05431073;20,39420606;17,79912322;15,37542039;13,11065568;11,00448272;8,998001075;7,175097185;5,626982276;4,388042948;3,396101137;2,845911847;2,430898294;2,06761558;1,752470927;1,458664242;1,24789984;1,046419867;0,868888034;0,706568019;0,552781711"
"MT.LEI.GHG-INT (kg/sqm);93,14179154;79,33074377;74,07158235;69,13946032;57,44843633;53,27820595;49,11892326;41,90133044;38,4906067;35,35011897;30,87034991;28,40316502;25,54675958;23,39693652;21,42531955;19,62256372;15,38378169;13,88501548;12,63568158;11,66158867;10,89913593;10,48487352;10,18113746;9,92489131;9,712431892;9,523228531;9,397216526;9,284975185;9,197157937;9,129052542;9,079455116"
"NL.LEI.GHG-INT (kg/sqm);64,08565971;59,68587541;54,78230755;50,08261743;45,47968101;41,38416823;37,21288938;33,36612404;29,80828562;26,47388929;23,2298808;20,51664074;17,88086435;15,43379145;13,15814223;11,05214269;9,041160692;7,237719436;5,712388393;4,495742961;3,524952787;2,984366564;2,576639046;2,220989181;1,913511547;1,628394927;1,423532183;1,228817014;1,057792047;0,901951041;0,754751321"
"PL.LEI.GHG-INT (kg/sqm);169,9516933;157,1042196;144,8458249;133,0471552;119,9041892;109,5294575;98,90310772;88,28781783;79,15853591;70,57804181;61,86319717;54,85249856;47,91309023;41,57161233;35,67067655;30,20832983;24,38354742;19,70156865;15,74525311;12,59473933;10,0862992;8,699795948;7,660059009;6,756553354;5,979044359;5,260433688;4,751265219;4,269644872;3,851328667;3,475137684;3,125439469"
"PT.LEI.GHG-INT (kg/sqm);45,99219288;40,2025775;37,62347367;35,19204535;30,10265914;27,99677028;25,86244162;22,48624587;20,66671778;18,97029155;16,69834123;15,3296408;13,79502202;12,58077045;11,46479218;10,44594114;8,343748849;7,482958835;6,768866548;6,213670148;5,784473806;5,565676776;5,41332974;5,28842466;5,188668615;5,102057242;5,0551309;5,016712612;4,994552367;4,987459128;4,996555693"
"RO.LEI.GHG-INT (kg/sqm);87,08927427;79,45266435;72,83270592;66,55186276;59,2964429;53,91039862;48,48556901;42,93693554;38,36741745;34,11407145;29,76831289;26,34667296;22,97274076;19,9400253;17,14387374;14,57930141;11,75394965;9,601559609;7,795591091;6,364663824;5,230643702;4,59502406;4,115959603;3,700752189;3,34380445;3,015710227;2,778711256;2,555387202;2,360008187;2,183079593;2,017528786"
"SK.LEI.GHG-INT (kg/sqm);65,24837591;59,82528276;55,35776116;51,0854044;45,76371557;41,99196826;38,12154997;33,95584333;30,62451978;27,48952115;24,17348022;21,60603746;19,01766418;16,68729041;14,51536074;12,50173443;10,13724982;8,405512833;6,940557593;5,772898583;4,842426783;4,328206538;3,942698914;3,607883428;3,320106955;3,054389602;2,86674756;2,688966387;2,53367405;2,391836559;2,255971449"
"SI.LEI.GHG-INT (kg/sqm);63,62490738;58,58926658;54,13484887;49,85962172;44,84042897;41,10030574;37,26723543;33,30905846;30,01563973;26,91480511;23,70075139;21,15740138;18,61045334;16,28885356;14,11765054;12,09674703;9,848635653;8,095340242;6,605586513;5,413166582;4,458460586;3,930564855;3,533148098;3,185593793;2,884587652;2,60428997;2,40477118;2,214603319;2,048177458;1,897149268;1,755144792"
"ES.LEI.GHG-INT (kg/sqm);36,83781802;33,85185079;31,48294554;29,19258879;26,23047261;24,20212564;22,10048176;19,79849275;17,97021702;16,23695705;14,37806222;12,94095743;11,47536327;10,1453392;8,89379923;7,721897876;6,338479779;5,30962827;4,4315041;3,726186932;3,159534421;2,847727596;2,613053371;2,407062228;2,228006619;2,060278468;1,941054552;1,826674825;1,726208465;1,634740064;1,548591125"
"SE.LEI.GHG-INT (kg/sqm);24,74909911;22,70071487;20,96247285;19,29078753;17,26012987;15,80021608;14,31787146;12,75442338;11,49349945;10,31455885;9,085034589;8,128337775;7,17310312;6,315595826;5,520652352;4,78748533;3,939993831;3,31644931;2,790204583;2,37047423;2,035345799;1,844156863;1,697887195;1,569789928;1,458429679;1,355372516;1,278876198;1,206363774;1,141938256;1,082667108;1,026206153"
"UK.LEI.GHG-INT (kg/sqm);51,58616099;47,60004957;44,33338865;41,14238975;37,10883244;34,24841369;31,2614392;28,06197298;25,44265836;22,94761556;20,30639139;18,2228533;16,106561;14,16245579;12,32556959;10,59863054;8,664812004;7,140866731;5,83487651;4,780891577;3,929682944;3,454993696;3,093861543;2,77459229;2,494781937;2,231254065;2,039563181;1,854433987;1,68919356;1,536120165;1,389152133"
"HR.LEI.GHG-INT (kg/sqm);89,65833679;81,74073807;75,27059512;69,07475647;61,2675716;55,88917501;50,44185664;44,56877019;39,9528159;35,64495187;31,11751898;27,63883982;24,16435201;21,06940618;18,21083789;15,58460203;12,51216192;10,30345191;8,447771503;6,975391187;5,806972487;5,149252165;4,652246124;4,221284388;3,85085637;3,511118515;3,26562328;3,035472163;2,835225441;2,655187353;2,488087902"
"CH.LEI.GHG-INT (kg/sqm);31,82065663;29,38405707;27,41732655;25,4926063;22,98384185;21,25298346;19,44611524;17,46669759;15,88335939;14,37720901;12,76011175;11,50481301;10,22130448;9,050674789;7,944869218;6,905191734;5,687699964;4,767348616;3,97866052;3,342683405;2,829529005;2,546283486;2,332103474;2,143079229;1,977801843;1,822026455;1,710172911;1,601961782;1,505682823;1,41658826;1,330938519"
"NO.LEI.GHG-INT (kg/sqm);13,47782748;12,37395364;11,90885244;11,41207269;10,26763014;9,766667314;9,18594249;8,326984672;7,769793126;7,212323352;6,503895488;6,006948532;5,447511623;4,938598169;4,438012545;3,950540294;3,26321854;2,802912906;2,402584701;2,079527514;1,820014108;1,695655298;1,610007239;1,536531645;1,474432923;1,415553169;1,383601652;1,352090853;1,326939462;1,305146003;1,284253222"
"AUS.Resi.GHG-INT (kg/sqm);61,35675684;57,48719753;52,99462647;48,63473044;44,44029424;40,58773969;36,61811582;32,99795592;29,57100695;26,33646007;23,18637683;20,52280012;17,91934741;15,47626926;13,18339125;11,04685896;9,030936024;7,169524763;5,584315192;4,312573456;3,291750715;2,725722937;2,298127263;1,922782602;1,596264698;1,290801398;1,071260942;0,86055108;0,674087878;0,502648089;0,33903199"
"BRA.Resi.GHG-INT (kg/sqm);6,582487188;6,196635537;5,707749899;5,282960418;4,837537927;4,468986916;4,049913067;3,704592021;3,369334093;3,0587977;2,742497867;2,478475706;2,208464266;1,963952464;1,689358056;1,474135449;1,26997835;1,080495659;0,918459491;0,788023086;0,682965965;0,62492842;0,5810989;0,542521019;0,508884659;0,477285825;0,454669065;0,432869881;0,413553076;0,395748777;0,378692185"
"CAN.Resi.GHG-INT (kg/sqm);18,99751094;17,81446191;16,37102175;15,07972949;13,76883594;12,61798363;11,35560461;10,27608644;9,239354617;8,275358807;7,322300322;6,528579481;5,731864138;5,004503744;4,232713797;3,598000623;2,999256028;2,446495642;1,975708418;1,597879495;1,294457147;1,125708309;0,998002167;0,885833358;0,788180196;0,696824568;0,630933469;0,567712171;0,511712635;0,46020543;0,411060673"
"CHI.Resi.GHG-INT (kg/sqm);22,57086927;21,2427644;19,67292274;18,21814996;16,81136233;15,55828476;14,22110729;13,02337808;11,86966309;10,76512514;9,65712061;8,717994529;7,765366148;6,82614257;5,879316584;5,006915595;4,165658576;3,374857311;2,691272716;2,136206401;1,685129933;1,437593866;1,250175674;1,083653445;0,937116345;0,797514486;0,697367642;0,599369512;0,511312846;0,428842662;0,348488252"
"HK.Resi.GHG-INT (kg/sqm);96,12870436;89,81874302;82,34892788;75,31730631;68,46806325;62,3273735;55,92236644;50,22868691;44,84351237;39,81519656;34,92607507;30,82512899;26,80629442;23,09453174;19,46429839;16,25888657;13,25450005;10,49815804;8,163130319;6,298246544;4,808237772;3,980247952;3,355927041;2,810638202;2,33862818;1,899963368;1,585195444;1,285233644;1,021354084;0,780362595;0,552068976"
"IND.Resi.GHG-INT (kg/sqm);20,24059622;18,90744938;17,3452568;15,85178451;14,41368232;13,10334923;11,75850662;10,54423547;9,401090561;8,332070318;7,301088957;6,433021969;5,593855928;4,817898372;4,091074873;3,431561989;2,819636496;2,264271878;1,798348935;1,429634317;1,13806639;0,97575555;0,854153232;0,749335859;0,659893144;0,578299585;0,520469154;0,466562926;0,42020689;0,378949423;0,340954937"
"JAP.Resi.GHG-INT (kg/sqm);60,64136691;56,73476733;52,13411219;47,73995295;43,50446588;39,65103414;35,67231452;32,08004994;28,68541207;25,4979716;22,40086221;19,79103056;17,24230908;14,86744166;12,60929065;10,54791704;8,610698097;6,828876891;5,316253306;4,106026032;3,137294764;2,599396929;2,193486188;1,83824772;1,530137562;1,243047321;1,03688509;0,839869098;0,666139327;0,507052948;0,355905619"
"MAL.Resi.GHG-INT (kg/sqm);31,19217236;29,26051338;26,88587811;24,75713397;22,59592838;20,74753844;18,71597238;16,98436521;15,31735619;13,76156613;12,21259159;10,91989563;9,61085845;8,404426512;7,120847087;6,048178104;5,025492886;4,071665803;3,252398529;2,59007185;2,054264429;1,756277759;1,529713458;1,329232163;1,153492702;0,987885812;0,867978215;0,752264886;0,649342932;0,554382699;0,463619688"
"MEX.Resi.GHG-INT (kg/sqm);8,811394924;8,35390281;7,770533124;7,237947625;6,694655081;6,223194002;5,696716592;5,239588371;4,793933161;4,370343592;3,9341772;3,564214488;3,185017972;2,828405976;2,45374436;2,12692001;1,810030595;1,509538415;1,248214125;1,035003295;0,860858234;0,766895687;0,696265428;0,63325031;0,577611446;0,524053847;0,486418084;0,44908808;0,415483695;0,383768613;0,352399135"
"NZL.Resi.GHG-INT (kg/sqm);17,81940438;16,8069158;15,42829379;14,28132573;12,9832746;11,96634638;10,72934355;9,769659688;8,822242948;7,959324159;7,080951113;6,366045081;5,613965987;4,953828295;4,119322337;3,54046983;2,992078327;2,483658413;2,048986991;1,69887043;1,416607233;1,259237456;1,139709258;1,034273844;0,942073564;0,85542124;0,792574569;0,732000633;0,678064781;0,628203104;0,58039964"
"PHI.Resi.GHG-INT (kg/sqm);25,34043805;23,82311161;21,92645417;20,23784239;18,5028616;17,0306434;15,39030074;14,00234229;12,65948949;11,40506254;10,14882363;9,101386273;8,032880762;7,047952907;5,982581199;5,100619926;4,25630205;3,465671639;2,784359989;2,23203722;1,783926749;1,535262784;1,346074724;1,178151002;1,030504869;0,890755253;0,789570999;0,691448056;0,60384736;0,522658518;0,444649398"
"SGP.Resi.GHG-INT (kg/sqm);27,12655445;25,81377711;23,87387936;22,28432723;20,42246148;18,98461456;17,15573987;15,75318037;14,34230843;13,04630714;11,69700206;10,60029629;9,414670767;8,366002455;6,978904048;6,024977143;5,10416025;4,234721998;3,480714848;2,866443918;2,365377037;2,09135602;1,883868609;1,698672672;1,534906117;1,377804822;1,265212755;1,154040305;1,053576024;0,958734186;0,865332608"
"KOR.Resi.GHG-INT (kg/sqm);35,9028579;34,10817254;31,55319147;29,38602811;26,93971986;24,98407165;22,58905659;20,68875394;18,79703624;17,04710112;15,24444888;13,76754632;12,19683683;10,79019063;9,025985352;7,750569017;6,522320821;5,365353641;4,364105;3,550028885;2,887393244;2,525158769;2,251217886;2,007205275;1,791869095;1,585824605;1,43831711;1,29303398;1,162021208;1,038643371;0,917457605"
"USA.Resi.GHG-INT (kg/sqm);58,99731093;55,17468699;50,62735717;46,48399034;42,37470289;38,69554827;34,75712282;31,32216132;28,04681494;24,9929916;21,99724874;19,49218272;17,00667618;14,72249446;12,39651264;10,41176795;8,544369348;6,824734163;5,36317512;4,192322476;3,253798569;2,731478237;2,336501153;1,990243738;1,68936114;1,408583117;1,206174735;1,012477084;0,84126741;0,684172154;0,534684685"
"AUS.OFF.GHG-INT (kg/sqm);170,3499782;160,3297417;144,7832096;132,0564791;117,9629762;107,084708;94,19430499;84,42844222;74,96664063;66,57067121;58,20984201;51,51046525;44,57694748;38,719881;31,03594479;26,17256291;21,69918297;17,67015978;14,30523425;11,6467974;9,545639495;8,349747149;7,442894728;6,658652443;5,985674377;5,371781308;4,922590536;4,503729553;4,138824085;3,810968902;3,507612717"
"BRA.OFF.GHG-INT (kg/sqm);34,62128909;32,69123384;29,38547715;26,89221707;23,96264189;21,87483154;19,22160068;17,36960337;15,54013141;13,95118387;12,31424486;11,01861285;9,630662912;8,501726058;6,81745375;5,886556367;5,03189359;4,263193111;3,620059434;3,109224898;2,702559443;2,461512602;2,273863784;2,109389815;1,965851865;1,833857148;1,731727285;1,635704898;1,549812536;1,471029199;1,397150889"
"CAN.OFF.GHG-INT (kg/sqm);42,21928052;39,76866937;36,10144623;33,32707987;30,00500908;27,56742163;24,41494667;22,1705268;19,92949085;17,9514341;15,91508879;14,30196201;12,55539288;11,10081101;8,971937198;7,727419529;6,562224884;5,494013187;4,588240361;3,86291338;3,281409741;2,951774769;2,700111672;2,479155412;2,286630384;2,107415198;1,975466671;1,849684464;1,738010954;1,635452868;1,538163099"
"CHI.OFF.GHG-INT (kg/sqm);67,26861851;63,37065762;57,55716561;52,37368525;47,35214408;43,0353716;38,49743772;34,60518863;30,92926339;27,53058257;24,2168775;21,45497246;18,7216827;16,1673605;13,50521727;11,30104943;9,258328195;7,412086454;5,866546618;4,645179828;3,680563688;3,13705968;2,727372829;2,37456403;2,073799806;1,800664271;1,604454147;1,42330496;1,267462248;1,12904315;1,002525924"
"HK.OFF.GHG-INT (kg/sqm);139,3117431;130,4151635;119,9170021;110,5183857;100,7017947;92,37766525;83,01449416;75,15696957;67,55309948;60,50476915;53,47773474;47,65612467;41,73370921;36,37499276;30,38580831;25,68601079;21,24378717;17,13534194;13,63171449;10,81748324;8,555709279;7,301236903;6,352774896;5,519198867;4,793175665;4,113039923;3,623696867;3,15339633;2,736655025;2,352915584;1,986162851"
"IND.OFF.GHG-INT (kg/sqm);71,09205402;66,50188472;59,82905568;53,86664646;47,97309494;42,94212222;37,6874538;33,26436612;29,14534398;25,42989715;21,90110671;19,002148;16,21722486;13,77130135;11,27178034;9,315188314;7,556327753;6,009090216;4,743020127;3,760790312;2,999282746;2,561769104;2,232395195;1,953221754;1,718394253;1,510109323;1,358005913;1,220405447;1,103257146;1,000880573;0,909223798"
"JAP.OFF.GHG-INT (kg/sqm);91,81429913;85,94407388;79,00780443;72,46686489;66,05805273;60,30910988;54,26695104;48,89177932;43,78686657;39,00477096;34,33229621;30,40817427;26,54211639;22,96059891;19,43125386;16,31388411;13,37982508;10,67717925;8,380096176;6,540349842;5,066164905;4,24800401;3,630345083;3,089188074;2,619305463;2,180828124;1,865842166;1,564340681;1,298111533;1,053937755;0,821542404"
"MAL.OFF.GHG-INT (kg/sqm);113,7910482;106,9254312;96,61290138;88,02717612;78,90064375;71,66301651;63,38349372;56,89433955;50,65502338;45,04667854;39,49041527;34,97817573;30,36742845;26,36005998;21,50560797;18,1213089;14,97950063;12,1244673;9,722409419;7,812788048;6,29426236;5,430855601;4,774095915;4,203012241;3,710620338;3,259097851;2,928619645;2,619298095;2,349429086;2,106771429;1,882255144"
"MEX.OFF.GHG-INT (kg/sqm);71,27723747;67,57983222;61,22149855;55,59535486;49,98933631;45,23893733;40,16976901;35,91077548;31,888439;28,2157683;24,61101489;21,60888373;18,66171853;16,03838805;13,27049356;11,09414277;9,101217517;7,316372916;5,833253095;4,66664308;3,749393023;3,219416454;2,815012408;2,466345439;2,167934414;1,898730179;1,697764695;1,512958454;1,352682958;1,210430679;1,081814667"
"NZL.OFF.GHG-INT (kg/sqm);46,32409553;43,94868351;39,50391493;36,50199639;32,41001239;29,83078179;26,03340359;23,70470452;21,29661442;19,27493232;17,11536042;15,48505531;13,59292197;12,15244594;9,437779562;8,236671205;7,124148508;6,114597764;5,264006146;4,584761036;4,041199939;3,722971979;3,476191114;3,259224488;3,069498273;2,893885767;2,759859587;2,633024094;2,51961378;2,415349122;2,317019538"
"PHI.OFF.GHG-INT (kg/sqm);77,9129915;73,33991743;66,32005024;60,41299064;54,20156238;49,21862701;43,58402558;39,11376817;34,82819327;30,96417717;27,14874524;24,04002719;20,88195431;18,12226267;14,85384829;12,52402504;10,36263028;8,400120734;6,750301212;5,43976807;4,398634801;3,806574055;3,356432673;2,965446298;2,628748106;2,320543358;2,095110076;1,884565522;1,701254391;1,536852032;1,385226702"
"SGP.OFF.GHG-INT (kg/sqm);110,5972833;105,3094239;95,57111339;87,70330011;78,7693092;71,95678961;63,62136399;57,38957003;51,27295932;45,83601746;40,34183159;35,95428195;31,32004508;27,42359081;22,02570814;18,73295185;15,68360943;12,92048685;10,60373287;8,76973885;7,318603314;6,503085352;5,888751264;5,35839744;4,904903142;4,491658451;4,195157812;3,919503443;3,682095571;3,470440304;3,275941346"
"KOR.OFF.GHG-INT (kg/sqm);69,45347397;66,23258964;60,00242482;55,36094751;49,60195605;45,58021456;40,17323646;36,48777595;32,770976;29,54729579;26,18779108;23,5796443;20,67615847;18,34877766;14,5049264;12,5264391;10,6879685;9,01611429;7,61010889;6,494136924;5,608475535;5,112251601;4,738102851;4,413691951;4,134902059;3,878916552;3,694534021;3,521246703;3,370222974;3,234017026;3,107047759"
"USA.OFF.GHG-INT (kg/sqm);58,09279661;54,58024384;49,69878305;45,88916337;41,4529516;38,08563193;33,85038894;30,72541882;27,62404145;24,85241993;22,01690495;19,74535593;17,31934369;15,25526316;12,4147134;10,63389955;8,960163335;7,42011052;6,110803691;5,060461906;4,216988844;3,741830754;3,379863352;3,061659958;2,784163088;2,525075674;2,335455483;2,154063467;1,992935891;1,84468555;1,703582034"
"AUS.RHS.GHG-INT (kg/sqm);252,4882894;237,2818866;214,7494589;195,3704218;174,9997944;158,4275896;139,8407809;124,9505283;110,7314214;97,93252656;85,3867952;75,18026668;64,90616086;55,98264496;45,49022359;38,0685404;31,24352487;25,09845442;19,96991987;15,92287196;12,72879411;10,92070224;9,554770359;8,376103919;7,367342587;6,448582711;5,781609813;5,160627011;4,621835629;4,139356908;3,693980238"
"BRA.RHS.GHG-INT (kg/sqm);50,54699204;47,63359145;42,94248469;39,1548962;35,0189038;31,84513006;28,11273586;25,29327283;22,56744544;20,14934944;17,71453212;15,74448739;13,71541897;11,99875491;9,777033758;8,357404365;7,054552829;5,883421071;4,90481449;4,129076056;3,513031129;3,151018317;2,870774977;2,62591236;2,413000174;2,217625821;2,067920811;1,927420959;1,802306789;1,68794606;1,580960491"
"CAN.RHS.GHG-INT (kg/sqm);61,7266853;58,02586749;52,84238166;48,63525322;43,95687422;40,25608897;35,81643289;32,4033814;29,06377095;26,0557974;23,02489217;20,57319879;18,01422237;15,80266982;12,96954837;11,07298751;9,297581446;7,670377806;6,291592317;5,188802405;4,305954884;3,808461768;3,430121308;3,098586382;2,810381779;2,542366759;2,346531892;2,159965532;1,994833068;1,843496901;1,700073717"
"CHI.RHS.GHG-INT (kg/sqm);102,0967406;96,13778705;87,35661459;79,42258434;71,84730949;65,23760798;58,39894722;52,43782759;46,82968906;41,62434158;36,57060833;32,34064903;28,18645923;24,27425166;20,33515147;16,95888405;13,83016308;11,00230219;8,635123261;6,764540428;5,287264986;4,455015236;3,827646091;3,287187033;2,826160149;2,407263561;2,105931702;1,827236471;1,587174186;1,373792707;1,178631286"
"HK.RHS.GHG-INT (kg/sqm);210,2128908;196,6120896;180,9716528;166,5961506;151,9906751;139,2579856;125,340633;113,3205162;101,7687506;90,98628191;80,31494651;71,40848827;62,46502872;54,26543303;45,60843941;38,41530139;31,61623913;25,32791961;19,96532863;15,65799009;12,19628969;10,27659558;8,825268388;7,549724877;6,438758974;5,397979217;4,649243666;3,929620382;3,29195934;2,704822668;2,143691724"
"IND.RHS.GHG-INT (kg/sqm);107,4836208;100,4793377;90,46129583;81,35203697;72,51611603;64,83040024;56,96014151;50,2014251;43,93830427;38,26273451;32,90089624;28,47501469;24,2628242;20,5291791;16,87222807;13,88237626;11,19526785;8,832181055;6,899670377;5,40182902;4,241944506;3,578255449;3,080023387;2,658475026;2,304644454;1,991257945;1,763735492;1,558221715;1,383838903;1,23189008;1,09617365"
"JAP.RHS.GHG-INT (kg/sqm);105,3369781;98,5986581;90,65780015;83,1490771;75,81318083;69,21346323;62,2980411;56,12723703;50,2708366;44,78084331;39,42080632;34,91576834;30,48353658;26,37177494;22,3465249;18,76756659;15,3990553;12,29621808;9,65899539;7,546829467;5,854355005;4,915050295;4,205936023;3,584649986;3,04519154;2,541788352;2,180164573;1,834023382;1,528380216;1,248061809;0,98127031"
"MAL.RHS.GHG-INT (kg/sqm);169,6911456;159,273979;144,1801751;131,1107116;117,7896586;106,7679981;94,7036911;84,81321873;75,41037165;66,86397448;58,49818525;51,62593682;44,74867808;38,64459433;31,85364274;26,68985235;21,8968924;17,54259094;13,88146693;10,97396185;8,664905895;7,358613192;6,368349022;5,50888234;4,769530447;4,092387632;3,600237707;3,140133228;2,740101564;2,381408104;2,050173982"
"MEX.RHS.GHG-INT (kg/sqm);107,6849515;102,0473069;92,52017573;83,92178244;75,53483407;68,27348969;60,69755385;54,18485582;48,06796839;42,45230333;36,97271026;32,38324635;27,92447639;23,91402492;19,87731232;16,54783403;13,49927267;10,76941153;8,501743435;6,718927622;5,318076818;4,51051589;3,895252481;3,365283712;2,912214689;2,503795954;2,199838359;1,920545302;1,678747277;1,464475973;1,271012253"
"NZL.RHS.GHG-INT (kg/sqm);78,89055343;74,54312669;67,42540075;61,86680901;55,351897;50,56764173;44,55043517;40,2177032;35,94069855;32,18127621;28,36093905;25,33485965;22,10550951;19,4310208;15,57986824;13,33752918;11,26190768;9,380214013;7,798270151;6,539506786;5,53655413;4,958841737;4,515591871;4,128149835;3,791669628;3,481362792;3,249160334;3,030080636;2,835919837;2,658605211;2,492083408"
"PHI.RHS.GHG-INT (kg/sqm);116,4524641;109,5072325;99,19006469;90,18989591;81,0840323;73,48916013;65,24173143;58,42286766;51,9526085;46,05948446;40,30385763;35,56505357;30,84184557;26,63461317;22,02973116;18,47236394;15,1726976;12,17739779;9,660808977;7,663682606;6,078969876;5,181915858;4,502007648;3,912468317;3,405850188;2,942646317;2,60601121;2,291963759;2,019421261;1,775637871;1,551226793"
"SGP.RHS.GHG-INT (kg/sqm);163,6179122;155,5735933;141,4925497;129,4764214;116,6022588;106,1940788;94,22154767;84,69758888;75,50115868;67,19199214;58,94389423;52,23848942;45,37719568;39,42094061;32,12230869;27,08530593;22,42051784;18,19350324;14,64950754;11,8442634;9,624798093;8,378173515;7,43913933;6,628247611;5,93461648;5,302206835;4,848177861;4,4256825;4,061371086;3,736494569;3,437889194"
"KOR.RHS.GHG-INT (kg/sqm);101,1233114;96,22995433;87,44817011;80,36603069;72,28564639;66,14362885;58,58646332;52,95259805;47,40997175;42,48043838;37,48137238;33,49235796;29,25839203;25,69737064;20,71199424;17,68281839;14,86782162;12,30779509;10,15481182;8,445961436;7,0897761;6,330093416;5,757314809;5,260644665;4,833809765;4,441886348;4,159674256;3,894501962;3,663514877;3,455339008;3,261457186"
"USA.RHS.GHG-INT (kg/sqm);89,77771985;84,17966087;76,88982745;70,79794469;64,19479893;58,80397073;52,49661872;47,48593561;42,60620035;38,16194689;33,70482476;30,06414436;26,30624408;22,99679318;18,99342023;16,13202275;13,44300435;10,96930761;8,867547471;7,183267319;5,832430617;5,075524717;4,500950754;3,996709433;3,55787933;3,148497684;2,850950169;2,566444784;2,314409735;2,082935371;1,862784621"
"AUS.RSM.GHG-INT (kg/sqm);255,4808823;240,0791991;217,2837239;197,6542002;177,0472135;160,2606087;141,459307;126,3761002;111,9778614;99,01317837;86,30986834;75,97128122;65,57138861;56,53240835;45,93423605;38,41622235;31,50265813;25,27790986;20,08296822;15,98363343;12,74840268;10,91725899;9,534040896;8,340522774;7,31911783;6,388878473;5,713705188;5,085111674;4,539772777;4,051471847;3,600747526"
"BRA.RSM.GHG-INT (kg/sqm);42,73438304;40,30326695;36,29160903;33,13882755;29,59452587;26,95336594;23,75025044;21,40528369;19,11907634;17,10763854;15,06414289;13,42486577;11,71023572;10,28182412;8,323696267;7,143766864;6,060730767;5,086972562;4,272899612;3,62708404;3,113729865;2,811045154;2,576215058;2,370779279;2,191891883;2,027602251;1,901230605;1,782544851;1,676667128;1,579755431;1,48900741"
"CAN.RSM.GHG-INT (kg/sqm);54,05825721;50,8477787;46,25898108;42,61379136;38,46736538;35,26201463;31,32719946;28,37249299;25,46375069;22,8597173;20,21888502;18,09608299;15,85573806;13,94107439;11,38416351;9,743338286;8,207261158;6,79929784;5,606031033;4,651284569;3,886626104;3,454968058;3,126311294;2,838146049;2,587467606;2,354280466;2,183502242;2,020775828;1,876610317;1,744405235;1,61907588"
"CHI.RSM.GHG-INT (kg/sqm);100,3130902;94,45498265;85,81902122;78,01957763;70,56925906;64,07175243;57,34566812;51,48578002;45,97218627;40,85524047;35,88664822;31,72852202;27,64385802;23,79809288;19,92147525;16,60255962;13,5269775;10,74714804;8,420172583;6,581356422;5,12916582;4,311044635;3,694326862;3,163049685;2,709864584;2,298100203;2,001912037;1,727989814;1,492048461;1,282334953;1,090532349"
"HK.RSM.GHG-INT (kg/sqm);253,8147159;237,3092942;218,4937607;201,0452814;183,4829102;168,0281564;151,2988255;136,7085171;122,7191243;109,6310129;96,70950466;85,89830764;75,08950513;65,13580922;54,83157744;46,09892691;37,84463519;30,2103528;23,69994523;18,47068793;14,26809323;11,93765812;10,17583694;8,627400707;7,278752024;6,015292705;5,106395318;4,232827763;3,458759881;2,746035636;2,064885911"
"IND.RSM.GHG-INT (kg/sqm);89,63115409;83,81103235;75,43387078;67,86819191;60,47555016;54,09202823;47,50475831;41,89170509;36,6802989;31,96620074;27,50350169;23,82660018;20,31450711;17,21251002;14,12329689;11,6402755;9,408487487;7,445587778;5,83997685;4,595051187;3,630576927;3,077830523;2,662426082;2,310714892;2,015257226;1,75342472;1,562896512;1,390695299;1,244386927;1,116754085;1,002649619"
"JAP.RSM.GHG-INT (kg/sqm);126,3117178;118,205629;108,6819429;99,64838161;90,85177304;82,91157602;74,62024156;67,19584036;60,15539706;53,55004126;47,10668223;41,68635382;36,36205935;31,4148458;26,60824863;22,30201207;18,24897844;14,51560027;11,34245411;8,801064295;6,764653186;5,634474464;4,781263286;4,033726075;3,384644048;2,778943788;2,343837529;1,927362085;1,55961825;1,222350423;0,901364403"
"MAL.RSM.GHG-INT (kg/sqm);142,2684563;133,5934556;120,8450427;109,9750179;98,71153166;89,54607885;79,33834785;71,11634731;63,26532863;56,16015431;49,17254101;43,45796385;37,69251244;32,61694474;26,7759175;22,48503312;18,50202388;14,88316864;11,83966292;9,421656546;7,500384797;6,411343958;5,584676017;4,866671819;4,248462896;3,681995159;3,269151166;2,883011265;2,546829176;2,245055551;1,966170457"
"MEX.RSM.GHG-INT (kg/sqm);89,82456349;85,13863614;77,16584889;70,02538976;63,00253025;56,97284321;50,62651541;45,21929411;40,12981615;35,46721972;30,90726434;27,09641156;23,37910699;20,04905971;16,63472191;13,8708704;11,34011479;9,073798803;7,190963708;5,710406319;4,546769121;3,875367592;3,363533945;2,922496498;2,545289602;2,205157721;1,951719341;1,718773521;1,516963551;1,338018686;1,176363765"
"NZL.RSM.GHG-INT (kg/sqm);71,85915911;67,93447763;61,3897596;56,37924768;50,38374423;46,07218508;40,53084815;36,62772524;32,75136404;29,364465;25,90014985;23,17328574;20,23059778;17,82064716;14,21312572;12,19399764;10,32483781;8,630107392;7,204945164;6,070414439;5,16594259;4,643856462;4,2427241;3,891827263;3,586807041;3,305374934;3,094218746;2,894913647;2,718063512;2,556408773;2,40450549"
"PHI.RSM.GHG-INT (kg/sqm);97,72359433;91,93100372;83,21600765;75,71879318;68,01934746;61,69362599;54,71578067;49,03811427;43,62940206;38,72222982;33,90935157;29,96261291;25,99991043;22,49604396;18,540557;15,57965838;12,83308283;10,33962;8,244197905;6,580689972;5,26010471;4,511248161;3,942984586;3,449922943;3,025869601;2,637980433;2,355378745;2,091623772;1,862439158;1,657227333;1,468183146"
"SGP.RSM.GHG-INT (kg/sqm);163,1667563;155,1417393;141,0911054;129,1040254;116,2574536;105,874452;93,92738945;84,42648383;75,25161986;66,96256589;58,73375206;52,04457789;45,19887897;39,25704752;31,97172547;26,94693668;22,29346065;18,07669686;14,54129484;11,74285181;9,528766682;8,2851609;7,348400406;6,539473135;5,847523548;5,21664859;4,763722699;4,342255582;3,978832802;3,654749109;3,356872733"
"KOR.RSM.GHG-INT (kg/sqm);85,58716471;81,51418654;73,98401891;68,09906948;61,15737138;56,05538853;49,55292978;44,87479314;40,2277685;36,13498771;31,94015691;28,62848365;25,04714286;22,09124503;17,66580786;15,15201422;12,81602163;10,69166008;8,905083297;7,487050761;6,361666139;5,731214854;5,255867873;4,84369408;4,489477999;4,164234645;3,930009766;3,709908755;3,518145178;3,345271889;3,184211915"
"USA.RSM.GHG-INT (kg/sqm);95,41674663;89,44038317;81,71367827;75,20779993;68,21157893;62,45369244;55,77046615;50,41772043;45,21539646;40,46773264;35,71645591;31,82741924;27,82791852;24,29256122;20,07825567;17,02084361;14,14765611;11,5045992;9,259090437;7,459815792;6,016944869;5,208930772;4,595790626;4,05780259;3,589707129;3,153062566;2,835937363;2,532727526;2,264202138;2,017631189;1,783141511"
"AUS.RWH.GHG-INT (kg/sqm);122,5319596;115,5326967;104,0554914;95,20377024;84,76673074;77,20521547;67,63300368;60,85212933;54,16148714;48,33024875;42,40715065;37,75071126;32,76310646;28,69226554;22,64428911;19,27113339;16,16759558;13,37118286;11,03357038;9,184007958;7,719482608;6,880200234;6,240764403;5,686276603;5,208894343;4,772588054;4,450256703;4,149132917;3,885517057;3,647731031;3,427102648"
"BRA.RWH.GHG-INT (kg/sqm);23,97387784;22,70397186;20,32824233;18,70390382;16,58423278;15,2254623;13,29670623;12,09419773;10,86647612;9,834160867;8,732861546;7,889983068;6,932435239;6,198057325;4,874590581;4,271793687;3,718013496;3,219477232;2,8015566;2,468560013;2,202457291;2,042618542;1,91713121;1,806624557;1,709659617;1,620213555;1,550022317;1,483858991;1,424297406;1,369398243;1,317745831"
"CAN.RWH.GHG-INT (kg/sqm);31,92184773;30,13219017;27,26657791;25,2496777;22,64465376;20,874888;18,4029141;16,77632108;15,11607451;13,68250951;12,17196361;11,00216643;9,685097085;8,630707037;6,87415167;5,97435323;5,131762389;4,359076015;3,703373375;3,177601782;2,755411259;2,514518768;2,329826884;2,167330851;2,025389266;1,893120372;1,794946986;1,701299869;1,617888796;1,541118484;1,468218319"
"CHI.RWH.GHG-INT (kg/sqm);50,84025901;47,91488035;43,50183638;39,61634019;35,79990565;32,5651661;29,11294498;26,19699564;23,43288163;20,8867666;18,39418062;16,32505021;14,26228301;12,34874675;10,28919936;8,638145185;7,107907095;5,724891316;4,567082869;3,652081055;2,929388779;2,522143852;2,215181251;1,950924587;1,725788293;1,521437381;1,374834192;1,239716971;1,123617466;1,020573107;0,926449068"
"HK.RWH.GHG-INT (kg/sqm);91,90952288;86,16051231;79,1030191;73,03440985;66,42203536;61,04764924;54,73165608;49,65929917;44,69694438;40,14710556;35,558453;31,80089797;27,89984657;24,44194688;20,23777895;17,20626193;14,34098614;11,69108287;9,431277748;7,616076413;6,15716667;5,347790516;4,735792854;4,197934849;3,729474702;3,290643896;2,974858941;2,671378888;2,40245377;2,154806304;1,91811097"
"IND.RWH.GHG-INT (kg/sqm);46,7618264;43,78860477;39,35636358;35,50168065;31,57889676;28,32604261;24,82326866;21,96456018;19,28163245;16,87905504;14,57802047;12,70177838;10,87282368;9,289402345;7,565115619;6,300589959;5,163459896;4,162669486;3,34297419;2,706095483;2,211416544;1,925392781;1,709118261;1,525306021;1,370185506;1,232296492;1,130707954;1,038595098;0,959781861;0,890608252;0,828462164"
"JAP.RWH.GHG-INT (kg/sqm);69,11862894;64,71829549;59,48303436;54,5807835;49,74174618;45,43336821;40,86985274;36,84187665;33,00941207;29,42595632;25,9176887;22,97719638;20,06980612;17,38611867;14,69645921;12,36066916;10,16224161;8,137215391;6,416069948;5,037595052;3,933026426;3,319990948;2,857187769;2,451708344;2,099634242;1,771091877;1,53507489;1,30915909;1,109667291;0,926695002;0,752540549"
"MAL.RWH.GHG-INT (kg/sqm);76,41804633;71,92941231;64,8168961;59,23204949;52,91282812;48,20778058;42,46134017;38,24862202;34,12659547;30,48463183;26,80872956;23,87599799;20,78218268;18,17810493;14,61971435;12,42639416;10,38966956;8,538067177;6,978677738;5,736920496;4,747481318;4,180489494;3,746937863;3,36886332;3,041756928;2,741237731;2,518963258;2,310557786;2,127804106;1,962806951;1,809714836"
"MEX.RWH.GHG-INT (kg/sqm);46,93621432;44,53838825;40,30252637;36,66720598;32,92386408;29,8553052;26,46517863;23,71572436;21,09632553;18,72507933;16,37610015;14,43717008;12,5024831;10,80825117;8,890215542;7,486233624;6,200377178;5,048508;4,090881387;3,337008196;2,74367563;2,399626048;2,136456351;1,909225968;1,714405418;1,538447547;1,406466543;1,284947906;1,179276488;1,085262808;1,00008202"
"NZL.RWH.GHG-INT (kg/sqm);34,89123583;33,20726149;29,69969861;27,59421362;24,35176877;22,54567496;19,52662409;17,90058907;16,14778716;14,73540023;13,15813417;12,01722242;10,59395074;9,586150413;7,269964513;6,433937677;5,659101507;4,955345879;4,361184647;3,88513313;3,502646201;3,275399972;3,097506052;2,940312367;2,802041773;2,673656466;2,574053345;2,479560978;2,394463802;2,31581229;2,241392603"
"PHI.RWH.GHG-INT (kg/sqm);52,14674334;49,1620449;44,35002097;40,51407984;36,2407398;33,00673413;29,12165867;26,22400723;23,40127754;20,89593412;18,37963948;16,36241255;14,25234026;12,46190906;10,08838155;8,580510854;7,18129265;5,9103303;4,840891807;3,990095399;3,312938114;2,925098157;2,628806606;2,370769528;2,147848218;1,943429507;1,792455982;1,651216049;1,52765345;1,416403926;1,313515286"
"SGP.RWH.GHG-INT (kg/sqm);75,14940116;71,70641957;64,87466796;59,78329103;53,48642762;49,08045673;43,17931875;39,15094618;35,09563569;31,58105241;27,93003933;25,09381288;21,95012858;19,43228363;15,30655828;13,18121313;11,21307647;9,429725904;7,934355654;6,75041211;5,813513963;5,286532445;4,889517712;4,54692581;4,254153304;3,987594084;3,796525985;3,619151198;3,466678921;3,330801792;3,205980484"
"KOR.RWH.GHG-INT (kg/sqm);54,51487143;52,08321465;47,05714022;43,56739337;38,90385009;35,88265125;31,49033075;28,72430809;25,86910215;23,45040148;20,86459365;18,90806813;16,63242607;14,88719116;11,58201719;10,09934208;8,721686982;7,46895475;6,415442704;5,579245696;4,915621091;4,543721399;4,263304615;4,020181584;3,811253041;3,619415632;3,481198149;3,351270675;3,237981064;3,135737191;3,040343467"
"USA.RWH.GHG-INT (kg/sqm);57,15969786;53,7043223;48,88889057;45,14184248;40,76504038;37,45319816;33,27476507;30,20149455;27,14887346;24,4231096;21,63205336;19,39804107;17,0085445;14,97860762;12,16993837;10,4187503;8,772849531;7,258393933;5,970813372;4,937851937;4,108288993;3,640855432;3,28471695;2,971614059;2,698540375;2,443573498;2,256912293;2,078347281;1,919712066;1,773743434;1,634807114"
"AUS.HOT.GHG-INT (kg/sqm);224,3283919;210,8969604;190,7554634;173,6531858;155,4309114;140,8074629;124,1702554;111,0338311;98,44291737;87,15092873;76,03748488;67,03128303;57,90049726;50,02647716;40,49526303;33,94916135;27,92899578;22,5081449;17,98320754;14,41141335;11,59138859;9,992822696;8,784011284;7,740336958;6,84649783;6,032078965;5,439642247;4,887835867;4,408557137;3,978998496;3,582228499"
"BRA.HOT.GHG-INT (kg/sqm);41,55200228;39,19360475;35,28439373;32,22732808;28,77224117;26,21138843;23,08807726;20,81465478;18,59473308;16,64461096;14,66011855;13,07071438;11,40349516;10,0185461;8,100162684;6,956375103;5,906482647;4,96248431;4,173219642;3,546993763;3,049123238;2,755383982;2,527401268;2,327910245;2,154153086;1,99455039;1,871696935;1,756300298;1,653323034;1,559042292;1,470742559"
"CAN.HOT.GHG-INT (kg/sqm);38,04873191;35,87183262;32,53656985;30,0758828;27,05075302;24,88972162;22,01905344;20,03048593;18,02996451;16,27739083;14,45878779;13,02925116;11,46054502;10,17168923;8,196998668;7,095234956;6,063635903;5,117806149;4,315591539;3,672903759;3,157374326;2,864489089;2,640559884;2,443812974;2,27223539;2,112461443;1,994499762;1,88202523;1,782055664;1,690176724;1,602987094"
"CHI.HOT.GHG-INT (kg/sqm);104,8191545;98,69199966;89,66862958;81,51012211;73,72643256;66,92960107;59,90317394;53,77321015;48,00738029;42,65458756;37,45884756;33,10907776;28,83892581;24,81589882;20,77258393;17,3006594;14,08330807;11,17533551;8,741101175;6,817534678;5,298420208;4,44260541;3,797470829;3,241697303;2,767591101;2,336798697;2,026887668;1,740231533;1,493295941;1,27379665;1,073033055"
"HK.HOT.GHG-INT (kg/sqm);287,8254999;269,0574302;247,7685527;227,9262788;208,0605383;190,4853446;171,5655324;154,9730903;139,0848292;124,2006628;109,5263099;97,2313551;84,96948347;73,64937458;62,06197347;52,13006997;42,74218029;34,05941667;26,65488032;20,70746465;15,92772643;13,27733136;11,27364086;9,512626034;7,978826677;6,541903925;5,508243306;4,514755893;3,634429499;2,82387476;2,049232532"
"IND.HOT.GHG-INT (kg/sqm);86,9293149;81,28811234;73,15887726;65,82642342;58,65185189;52,4650831;46,07166456;40,6317137;35,57921485;31,01038887;26,683544;23,11980856;19,71349572;16,70693659;13,70350502;11,29706245;9,134070426;7,231636419;5,675417946;4,468706222;3,533757198;2,997773516;2,594883797;2,253724556;1,967086662;1,713043634;1,52810502;1,360937121;1,218870618;1,094911764;0,984072727"
"JAP.HOT.GHG-INT (kg/sqm);129,0351982;120,7511534;111,0215307;101,7895775;92,80292037;84,68831788;76,21796789;68,63046519;61,43596988;54,68549785;48,10119127;42,56177736;37,12141947;32,06550796;27,15725222;22,75639183;18,6142972;14,79888137;11,55600793;8,958773168;6,877613566;5,72260084;4,850641676;4,086678331;3,423333531;2,804323728;2,3596569;1,934030492;1,558206939;1,213529605;0,88549251"
"MAL.HOT.GHG-INT (kg/sqm);138,1182345;129,7066446;117,3128485;106,7753729;95,82298532;86,93818612;77,01116444;69,04143236;61,42504598;54,53778069;47,7585439;42,21900353;36,6216544;31,70159557;26,00419435;21,84529102;17,98474415;14,47708641;11,52696293;9,182967442;7,320327625;6,264134685;5,462202055;4,765586606;4,165694174;3,615960212;3,215107064;2,840150409;2,513622205;2,220454705;1,949484645"
"MEX.HOT.GHG-INT (kg/sqm);87,12152547;82,57939373;74,84145337;67,92127451;61,10451612;55,26092104;49,10037556;43,8601815;38,92593554;34,4073389;29,98633222;26,29312033;22,68784427;19,46059972;16,14029696;13,46190639;11,00938641;8,813107772;6,988417359;5,553528402;4,425731972;3,774902859;3,278696486;2,851095733;2,485350898;2,155536525;1,909731127;1,683787944;1,488019796;1,314412428;1,157563519"
"NZL.HOT.GHG-INT (kg/sqm);57,0562237;54,03169804;48,70709165;44,86361171;39,97409024;36,66904781;32,14098496;29,15263305;26,12936604;23,5356847;20,82945086;18,73970895;16,40741374;14,56074679;11,47199158;9,928148938;8,498610057;7,201982413;6,110656932;5,240656041;4,545880388;4,142239837;3,830788709;3,55770794;3,319675788;3,099726936;2,933384789;2,776185947;2,636195587;2,507885606;2,387109688"
"PHI.HOT.GHG-INT (kg/sqm);99,00062746;93,12807398;84,30192948;76,70044964;68,90343563;62,4896686;55,42374769;49,66691231;44,18455676;39,20898547;34,33070535;30,32901826;26,31355676;22,76089526;18,76035743;15,75807962;12,97313416;10,44485709;8,320217143;6,633564894;5,294656156;4,535518614;3,959509847;3,459755198;3,029974039;2,636860019;2,350509837;2,083265893;1,851073386;1,643185712;1,451687996"
"SGP.HOT.GHG-INT (kg/sqm);199,7443646;189,8110696;172,7539916;157,8950616;142,3207362;129,4484837;114,983478;103,2034293;91,89642752;81,61895218;71,48362402;63,18981468;54,80233963;47,43452228;38,83332461;32,60100602;26,82916807;21,59896192;17,21394891;13,74311611;10,99712158;9,455063654;8,29351552;7,290373797;6,432179134;5,649577788;5,087596116;4,564471991;4,113194764;3,71072878;3,340780248"
"KOR.HOT.GHG-INT (kg/sqm);85,21959159;81,16530567;73,66365603;67,80598446;60,89023122;55,81194548;49,33351812;44,67715768;40,05053925;35,9768238;31,80031742;28,50407732;24,93760654;21,9954964;17,58281739;15,08076669;12,75568817;10,64125321;8,863024964;7,451618687;6,331492839;5,70398608;5,23085907;4,820610519;4,468049052;4,144324998;3,911193503;3,692119437;3,501249564;3,329180641;3,16886851"
"USA.HOT.GHG-INT (kg/sqm);83,93986852;78,72168308;71,87053309;66,194363;59,98592278;54,96367529;49,03375652;44,36655474;39,81074616;35,67116147;31,50941398;28,11811992;24,60282214;21,5202146;17,7286491;15,0640792;12,55999376;10,25635962;8,29894431;6,7301356;5,471714839;4,76612911;4,230281288;3,759926648;3,350483283;2,968477629;2,690589003;2,424865648;2,189389333;1,973074168;1,767321818"
"AUS.DWW.GHG-INT (kg/sqm);83,6712396;79,10726577;70,91045578;65,18248522;57,69302048;52,8052301;45,90790265;41,53330879;37,07657371;33,31283488;29,35485825;26,34528632;22,92633499;20,29541915;15,56623448;13,39439068;11,39511992;9,592348092;8,082880648;6,885373944;5,934055443;5,382246084;4,958382054;4,589105603;4,269398452;3,976249704;3,75618319;3,549970565;3,368007019;3,202828194;3,048888945"
"BRA.DWW.GHG-INT (kg/sqm);20,19801095;19,14066968;17,06440416;15,71985397;13,86096795;12,7369446;11,04146572;10,04808931;9,01412825;8,161045764;7,232219697;6,535125554;5,716165013;5,10883307;3,901543882;3,404393676;2,947496148;2,535951385;2,190548208;1,914814536;1,693972299;1,560282143;1,454810492;1,361681041;1,279712373;1,203966762;1,144059599;1,087510737;1,03642753;0,989218948;0,944723163"
"CAN.DWW.GHG-INT (kg/sqm);28,76589791;27,15895966;24,51495114;22,70745096;20,30065321;18,71550543;16,43165471;14,97585871;13,47617022;12,19312888;10,8279392;9,780699603;8,582364634;7,638606826;5,984978158;5,18047667;4,427069014;3,736080032;3,149508802;2,678903903;2,300755176;2,084395369;1,918217545;1,771882727;1,643924835;1,524634151;1,435797836;1,351034401;1,275436423;1,20579509;1,139637383"
"CHI.DWW.GHG-INT (kg/sqm);35,72616827;33,67847178;30,52922666;27,8150634;25,08614679;22,82786044;20,35541326;18,32050091;16,37922782;14,60248918;12,85090131;11,40694781;9,949276711;8,614001487;7,098251436;5,946340659;4,878579996;3,913590748;3,105680667;2,467150159;1,962775943;1,678494571;1,464232865;1,279887831;1,123000046;0,980722075;0,878885406;0,785308567;0,705074311;0,633952988;0,569061361"
"HK.DWW.GHG-INT (kg/sqm);75,09938288;70,44693394;64,58811337;59,67962423;54,18354644;49,83680275;44,58239663;40,48034665;36,43825266;32,7588475;29,01968736;25,9812154;22,78437424;19,98868806;16,40639075;13,95607541;11,6401825;9,498411438;7,671933701;6,204778079;5,025573119;4,371261221;3,876482243;3,441647569;3,062918185;2,70815408;2,452833932;2,207471412;1,990043041;1,789807797;1,598422336"
"IND.DWW.GHG-INT (kg/sqm);38,1336539;35,71045843;32,04038288;28,90267096;25,65026978;23,00226621;20,09542238;17,76885819;15,57443699;13,61844951;11,73505236;10,20670087;8,702931489;7,412901696;5,952321178;4,92321106;3,99757086;3,182661678;2,514806679;1,995403725;1,591490077;1,356997603;1,179195338;1,027821474;0,899814346;0,785871435;0,701466199;0,624826557;0,559053499;0,501174318;0,449066681"
"JAP.DWW.GHG-INT (kg/sqm);48,23861236;45,17364554;41,48371566;38,07017993;34,65725095;31,65759671;28,43739847;25,63332205;22,95685059;20,46233464;18,01172537;15,96484044;13,9283801;12,06035286;10,13353059;8,507789697;6,977668289;5,568245625;4,370327734;3,410908502;2,642128732;2,215445498;1,893325599;1,611106482;1,366059;1,137390309;0,973115017;0,815867266;0,677004983;0,549632994;0,428389204"
"MAL.DWW.GHG-INT (kg/sqm);63,16454489;59,49877825;53,49404736;48,94804924;43,60066683;39,77235137;34,90281707;31,47815881;28,08909862;25,12785966;22,10290346;19,71696824;17,14828662;15,03000206;11,9202839;10,1392585;8,485093346;6,980860133;5,713186866;4,70263179;3,896352541;3,431974065;3,07569292;2,764434555;2,494546939;2,246302279;2,06148593;1,88801573;1,73541976;1,59730723;1,468940837"
"MEX.DWW.GHG-INT (kg/sqm);38,30421343;36,34823813;32,8340066;29,8755567;26,76551603;24,26877483;21,4495145;19,21329643;17,07088975;15,14212171;13,22009983;11,6426531;10,05220392;8,673861085;7,044773447;5,90339329;4,857936887;3,921276356;3,142314945;2,528770318;2,045568166;1,764732878;1,54958219;1,363639672;1,204039393;1,059784844;0,951258236;0,851257085;0,764150795;0,686538009;0,616124992"
"NZL.DWW.GHG-INT (kg/sqm);28,56057303;27,24038527;24,22591507;22,59207128;19,79659505;18,39727224;15,78772327;14,53138137;13,12334667;12,03152864;10,76063154;9,877204667;8,700615488;7,920459128;5,813926034;5,169979791;4,572810865;4,029943433;3,570698097;3,201552963;2,903812098;2,72443415;2,582783765;2,45703846;2,345840246;2,242302619;2,160810524;2,083334868;2,013134105;1,947958454;1,886118498"
"PHI.DWW.GHG-INT (kg/sqm);43,00931819;40,56864868;36,51282534;33,38625569;29,7767234;27,14173747;23,85588598;21,49686225;19,1751665;17,13517727;15,06384555;13,42046139;11,66933609;10,21088286;8,143859894;6,91751326;5,779345458;4,745242496;3,874588259;3,181254657;2,628761501;2,310868485;2,067271496;1,854770413;1,670818421;1,501947099;1,376476522;1,25897387;1,15587553;1,062831195;0,976635188"
"SGP.DWW.GHG-INT (kg/sqm);55,57587591;53,13647029;47,88582752;44,30477543;39,44245568;36,34559828;31,76866321;28,938907;26,00490186;23,5360425;20,88767789;18,89533966;16,5624856;14,79457605;11,36087837;9,870581124;8,490598369;7,240223829;6,191669604;5,361340279;4,7041768;4,334153232;4,055355804;3,814902563;3,60955944;3,422794128;3,289079185;3,165166489;3,058897445;2,964242081;2,877323995"
"KOR.DWW.GHG-INT (kg/sqm);40,7713571;39,05241694;35,11370352;32,66403373;28,98974144;26,87208861;23,39606071;21,46034186;19,38320353;17,69144442;15,80432818;14,43625312;12,72758911;11,50806452;8,689346294;7,654417333;6,692904418;5,818662782;5,083471958;4,499927393;4,036814428;3,777186484;3,581414911;3,411699373;3,265859537;3,13195145;3,03542359;2,94465248;2,865438889;2,793864672;2,726985428"
"USA.DWW.GHG-INT (kg/sqm);28,85570243;27,25133489;24,57347391;22,85206701;20,39854482;18,88268408;16,54336823;15,14377764;13,66955256;12,42834681;11,07656121;10,05773263;8,850364139;7,925765881;6,149169821;5,357062553;4,612283759;3,926491433;3,342259263;2,871954989;2,492706776;2,275340779;2,107902982;1,959919568;1,83003851;1,708466503;1,617597073;1,530551173;1,452601625;1,380499154;1,31172185"
"AUS.HEC.GHG-INT (kg/sqm);246,1938745;231,3875426;209,3940203;190,5281548;170,6417569;154,5087933;136,3614162;121,8664689;108,0143497;95,55510495;83,33220497;73,39622487;63,37981842;54,69285431;44,41708488;37,19275396;30,54914811;24,56731361;19,57482724;15,63489946;12,52513155;10,76426592;9,433748312;8,285508507;7,302650141;6,407408276;5,757235509;5,151844772;4,626467283;4,155916518;3,721495581"
"BRA.HEC.GHG-INT (kg/sqm);66,04745246;62,16748329;56,11466174;51,05482723;45,73300015;41,49179052;36,69864446;32,92822153;29,32133132;26,08823287;22,86914975;20,23619838;17,57694952;15,2825854;12,53258476;10,63256156;8,889167757;7,322470554;6,014114532;4,977991696;4,156139495;3,675224498;3,303966382;2,980086617;2,69898378;2,441311104;2,244842622;2,060624129;1,896957311;1,747626172;1,608098182"
"CAN.HEC.GHG-INT (kg/sqm);43,96822026;41,41659185;37,62685401;34,73671983;31,30505872;28,76540433;25,50892455;23,17007873;20,84027746;18,77900298;16,66229677;14,98141345;13,16920144;11,653456;9,46767866;8,17047561;6,955975609;5,842597112;4,89860465;4,142778496;3,536926136;3,193728151;2,931829466;2,701938401;2,50168242;2,315292167;2,178181595;2,047488002;1,931494984;1,824995607;1,723978237"
"CHI.HEC.GHG-INT (kg/sqm);99,46820312;93,66713306;85,11330148;77,38997869;70,01033409;63,57628373;56,91387148;51,11123887;45,65111866;40,58417192;35,66373454;31,54623638;27,50089545;23,69270947;19,85143131;16,56495325;13,51942592;10,76676252;8,462525737;6,641676474;5,203673594;4,393543378;3,78284991;3,256765909;2,808016039;2,40028556;2,107006612;1,835783953;1,602173357;1,394534414;1,204631522"
"HK.HEC.GHG-INT (kg/sqm);204,8618608;191,6184323;176,3686465;162,3712309;148,1295599;135,7317821;122,1604039;110,4565131;99,20466321;88,70587151;78,31138824;69,63928133;60,92532601;52,9415477;44,48722357;37,48350093;30,8634842;24,74076649;19,51939821;15,3254888;11,95494504;10,08578683;8,672661564;7,430693665;6,348971287;5,335589121;4,606559232;3,905876627;3,284998529;2,713313642;2,166949322"
"IND.HEC.GHG-INT (kg/sqm);104,7370875;97,91778289;88,15606387;79,28792853;70,67746306;63,19516373;55,52532141;48,94556972;42,84673784;37,32136011;32,09997689;27,79109395;23,68826607;20,05329108;16,48502671;13,57434717;10,95836462;8,657791282;6,776345802;5,318012551;4,188653185;3,542294544;3,057001033;2,646361976;2,30164987;1,996316641;1,77457308;1,574263078;1,40426579;1,256115381;1,123774968"
"JAP.HEC.GHG-INT (kg/sqm);136,2978127;127,5497221;117,2830898;107,5338016;98,05156545;89,48217565;80,54501696;72,53220369;64,93599565;57,8071122;50,85526465;45,0053182;39,2623083;33,92295125;28,7496062;24,10200058;19,72766659;15,6983258;12,27362846;9,530769997;7,332922277;6,113151319;5,192304092;4,385507242;3,684970217;3,031253869;2,561656483;2,112167623;1,715275045;1,351276359;1,004852574"
"MAL.HEC.GHG-INT (kg/sqm);224,0986182;210,2158992;190,4565948;173,0119623;155,5979545;140,8838874;125,1264408;111,9170096;99,4272333;88,01392571;76,90664031;67,7315282;58,64263924;50,49261;41,81204919;34,91185604;28,50772535;22,690459;17,80075585;13,91952979;10,83908545;9,100630832;7,784937646;6,644070853;5,663738854;4,766438875;4,116531946;3,509295591;2,982253028;2,510333454;2,074965557"
"MEX.HEC.GHG-INT (kg/sqm);143,1205196;135,5860748;122,9610911;111,4569927;100,3513756;90,63530232;80,60872196;71,8927767;63,72823236;56,21307385;48,90061614;42,75935762;36,8228256;31,45630883;26,17918517;21,72239628;17,64183302;13,98811292;10,95346149;8,568235859;6,694611449;5,615680884;4,794278955;4,087067479;3,482803032;2,938286615;2,533642757;2,161978311;1,840482931;1,555805006;1,298945427"
"NZL.HEC.GHG-INT (kg/sqm);64,4576914;60,99052274;55,06593814;50,6485814;45,21520387;41,41521649;36,38888581;32,95070403;29,50793611;26,52419756;23,4451845;21,04214385;18,40969385;16,28603755;12,94218401;11,16462431;9,518906034;8,026515165;6,771028661;5,770947757;4,973056008;4,511170978;4,155619963;3,844273888;3,573300994;3,323118339;3,134739317;2,956835126;2,798719325;2,654012378;2,517929877"
"PHI.HEC.GHG-INT (kg/sqm);153,9628693;144,700348;131,1621458;119,1404113;107,2070604;97,06066535;86,26084387;77,14769685;68,54328501;60,66798614;53,01704099;46,68585468;40,43371303;34,81242139;28,90198416;24,14546597;19,73385618;15,72965447;12,36634468;9,69850593;7,582786693;6,387793876;5,483433326;4,699933555;4,027325725;3,41270785;2,967443008;2,552286674;2,192576724;1,87124838;1,575735084"
"SGP.HEC.GHG-INT (kg/sqm);159,6163553;151,7819553;138,0316337;126,3314214;113,7573237;103,6229722;91,92742574;82,65418264;73,69229691;65,6018654;57,5634924;51,03460447;44,34291283;38,54352244;31,38964258;26,48547338;21,94370999;17,82817847;14,3776437;11,64636536;9,485412414;8,271618875;7,357312313;6,567785031;5,892441585;5,276722505;4,834690144;4,423377497;4,068730457;3,752476334;3,461799211"
"KOR.HEC.GHG-INT (kg/sqm);98,73313495;93,96783052;85,38141061;78,48614007;70,58349282;64,60381387;57,21127707;51,72659109;46,32375887;41,52483386;36,6513006;32,76801208;28,63591413;25,16934623;20,27137051;17,32264045;14,58241124;12,09038748;9,994596445;8,331139694;7,010979945;6,271468936;5,713898391;5,230417247;4,814917389;4,433402034;4,158680247;3,90054311;3,675678406;3,473012902;3,284254228"
"USA.HEC.GHG-INT (kg/sqm);86,14174505;80,7857699;73,77549838;67,94853883;61,59692897;56,44098796;50,37416464;45,58237353;40,90906858;36,65897285;32,39008554;28,90833277;25,30503695;22,14014761;18,27175421;15,53578998;12,96462469;10,59930457;8,589531749;6,978838637;5,686896286;4,962695438;4,412800668;3,930154476;3,5100518;3,118116184;2,833096783;2,560560713;2,319078128;2,097264339;1,886289327"
"AUS.LEI.GHG-INT (kg/sqm);301,9159208;283,577294;256,8256823;233,4289346;209,2671909;189,2560904;167,2288946;149,2437284;132,1514114;116,6933366;101,6201022;89,29540309;77,00372406;66,22820302;54,03957599;45,07278752;36,82748404;29,40441098;23,21073152;18,32502156;14,47086651;12,29303214;10,64983578;9,23295391;8,021393757;6,918507286;6,120003239;5,376947449;4,733136365;4,157271598;3,626120591"
"BRA.LEI.GHG-INT (kg/sqm);60,1625108;56,64427896;51,10107782;46,51738012;41,6393505;37,79762769;33,40146697;29,98693984;26,70978652;23,78170193;20,85612951;18,47127029;16,04786584;13,96970539;11,41741283;9,697176529;8,118655236;6,699998009;5,515050389;4,576376157;3,831547125;3,395131153;3,057935226;2,763627551;2,508044998;2,273687407;2,094720108;1,926863273;1,777624746;1,641381248;1,514032227"
"CAN.LEI.GHG-INT (kg/sqm);38,04873191;35,87429692;32,54202288;30,08415996;27,06170361;24,90316212;22,03503113;20,04876712;18,05041111;16,29986752;14,48322487;13,05534115;11,48823635;10,20087264;8,227570227;7,127091766;6,096695508;5,151967591;4,350685342;3,708741584;3,193806134;2,901251764;2,677572254;2,481043308;2,309654319;2,150055406;2,032219653;1,919864933;1,820000741;1,728217948;1,641119253"
"CHI.LEI.GHG-INT (kg/sqm);123,1250408;115,9115764;105,3239991;95,71572967;86,58601625;78,58062601;70,34153001;63,12110438;56,33684209;50,03179014;43,91891477;38,79536183;33,77628081;29,03753858;24,32116425;20,2314486;16,44168771;13,01632259;10,1490181;7,883262325;6,093935005;5,085927884;4,326057155;3,671376789;3,112799224;2,605178974;2,239860302;1,901789526;1,610463417;1,351452898;1,114508269"
"HK.LEI.GHG-INT (kg/sqm);253,0211309;236,5699062;217,8136164;200,4224755;182,9152767;167,5113135;150,834451;136,2920995;122,3481901;109,3030994;96,4235769;85,64792018;74,87392289;64,95295653;54,67946038;45,97553543;37,74839666;30,13922844;23,65023784;18,43818252;14,24941209;11,92664094;10,17061323;8,62726887;7,283055082;6,023750715;5,117841768;4,247146642;3,475623959;2,765243038;2,086332729"
"IND.LEI.GHG-INT (kg/sqm);129,4558876;120,9819608;108,9274487;97,90247755;87,27532601;77,97347834;68,5109228;60,33034223;52,76195526;45,89311855;39,41537302;34,0599444;28,97887423;24,46130096;20,09973952;16,48086863;13,2286694;10,36891684;8,03069613;6,218965168;4,816560128;4,015181929;3,414153838;2,905931685;2,479655437;2,102286084;1,828850667;1,581993203;1,372767653;1,190640658;1,028101966"
"JAP.LEI.GHG-INT (kg/sqm);131,7586787;123,3001527;113,3686145;103,9421434;94,76914868;86,48354625;77,83767627;70,09025688;62,74471766;55,851963;49,12946108;43,473287;37,91913201;32,75664503;27,74871576;23,25507921;19,02566262;15,12981105;11,81857185;9,166582606;7,041548294;5,862186485;4,971845418;4,191776683;3,514447613;2,882388156;2,428347443;1,993748758;1,610003255;1,258061096;0,923110609"
"MAL.LEI.GHG-INT (kg/sqm);203,4421478;190,8702923;172,8757381;157,0860364;141,2202104;127,9028157;113,5423186;101,5883012;90,26617218;79,93728861;69,86698864;61,5629469;53,31061877;45,93447923;37,9686731;31,72528347;25,93058664;20,66669449;16,2417079;12,72879695;9,940134342;8,365147255;7,172549315;6,138123603;5,248943603;4,434919235;3,844684727;3,293101783;2,814101764;2,385010566;1,989031821"
"MEX.LEI.GHG-INT (kg/sqm);129,6669675;122,8480477;111,3916587;100,9836718;90,90361092;82,11352857;73,01139838;65,12657827;57,73446614;50,93584854;44,31479752;38,75891839;33,37983865;28,52486682;23,71566015;19,68412367;15,99285976;12,68764454;9,942320214;7,78434005;6,089058781;5,112496269;4,36885543;3,728504753;3,181275357;2,68809871;2,321436465;1,984617034;1,693185678;1,435067057;1,20212213"
"NZL.LEI.GHG-INT (kg/sqm);77,78033327;73,49661688;66,46524679;60,9892541;54,55262019;49,83960317;43,89411313;39,62612592;35,40950073;31,70621997;27,93953755;24,95855175;21,77240338;19,13778221;15,32334638;13,11464661;11,07014016;9,216623021;7,658307127;6,418266395;5,430155409;4,860826241;4,423923745;4,041989298;3,710250306;3,404295072;3,175264418;2,959164875;2,767612901;2,592658317;2,428339616"
"PHI.LEI.GHG-INT (kg/sqm);139,7215797;131,3341698;119,0123731;108,1317158;97,26614959;88,08332278;78,24739806;70,00067418;62,20221308;55,07547138;48,14028251;42,41045039;36,73570192;31,64842179;26,23102014;21,92735456;17,93566395;14,31246836;11,26891797;8,854369978;6,939182357;5,856704449;5,037107061;4,326855358;3,716932604;3,159495375;2,75525394;2,378280806;2,051489154;1,759445225;1,490783281"
"SGP.LEI.GHG-INT (kg/sqm);195,6303674;185,913597;169,1976479;154,664575;139,3997567;126,8099493;112,6306444;101,1092008;90,044124;79,99226673;70,07326299;61,96152506;53,74898906;46,54297252;38,09108189;31,99577679;26,35083481;21,23561983;16,94700873;13,55246925;10,86682831;9,358634533;8,222592137;7,241487136;6,402155625;5,636770054;5,087162496;4,575572978;4,134264237;3,740691972;3,378921174"
"KOR.LEI.GHG-INT (kg/sqm);120,2447226;114,3336396;103,9991548;95,43183401;85,9388456;78,50660668;69,64101822;62,82151797;56,16784756;50,20027567;44,2035108;39,37421667;34,33063263;30,01892151;24,33890909;20,6703727;17,26114438;14,160651;11,55311993;9,483493681;7,840987111;6,920985628;6,227337624;5,625845016;5,108922396;4,634278618;4,292535698;3,971449948;3,691803902;3,439833202;3,205234035"
"USA.LEI.GHG-INT (kg/sqm);102,2439192;95,81735479;87,57075139;80,57219799;73,10819816;66,91349428;59,78295915;54,02314215;48,43692178;43,32818475;38,22684961;34,04225678;29,75523968;25,95104267;21,48571699;18,19503795;15,10268018;12,25807636;9,841499679;7,905375945;6,352979781;5,484144421;4,825108624;4,246960342;3,744037668;3,274948896;2,934525283;2,609056231;2,32090653;2,056369904;1,804816198"
"AUS.DWC.GHG-INT (kg/sqm);213,6893476;200,8833661;183,9253246;169,5811218;153,7087808;141,0545784;126,0212563;114,1612371;102,5425357;91,94514531;81,24802114;72,51285792;63,4272547;55,42007712;45,59661479;38,62072761;32,03702011;25,95532605;20,77000787;16,60180603;13,24795524;11,36919444;9,940131975;8,681413875;7,581908687;6,551573087;5,800619448;5,079157066;4,437122716;3,844596515;3,278218086"
"BRA.DWC.GHG-INT (kg/sqm);43,03486801;40,51218119;36,97745527;34,21558916;30,98273251;28,59001436;25,54760571;23,31173089;21,07801715;19,06743843;16,9599062;15,24949144;13,41353253;11,83069044;9,688879653;8,300928758;6,984092662;5,761469354;4,714828412;3,870754017;3,189408828;2,80934562;2,520467771;2,265421242;2,042213479;1,832243887;1,679971389;1,533113458;1,402323843;1,281386961;1,165400534"
"CAN.DWC.GHG-INT (kg/sqm);54,86546017;51,57791609;47,09231209;43,52370261;39,42906894;36,25483867;32,3192497;29,34958072;26,40858945;23,75702526;21,04991574;18,86518614;16,54745291;14,54677523;11,89649919;10,15664195;8,515109229;6,999164054;5,706813827;4,667964144;3,832072077;3,363273418;3,006534308;2,692374469;2,418000302;2,161017952;1,973622767;1,793719717;1,633698279;1,486116092;1,345164207"
"CHI.DWC.GHG-INT (kg/sqm);85,66838115;80,62105389;74,5542025;69,03022142;63,58601926;58,83050552;53,64933111;49,10366681;44,70349579;40,51114108;36,28343547;32,71865581;29,06899436;25,50315876;21,76031716;18,44697954;15,25141036;12,24774561;9,6513527;7,543265228;5,830274681;4,890819103;4,179944444;3,548826432;2,994156601;2,466139201;2,088519739;1,719858181;1,389150892;1,079639128;0,778131934"
"HK.DWC.GHG-INT (kg/sqm);258,3494871;241,533622;221,226055;202,4951591;183,8478465;167,4906979;150,0318406;134,8663516;120,4436358;107,0504773;93,95085413;83,02830726;72,20930733;62,32451664;52,15887913;43,62423941;35,62497139;28,28623659;22,06923427;17,1039092;13,13662806;10,93173186;9,269110565;7,816968104;6,559969382;5,391798048;4,55348368;3,754622582;3,051844391;2,409967483;1,801868887"
"IND.DWC.GHG-INT (kg/sqm);90,31778743;84,39030187;77,16440077;70,53357981;63,87439724;58,05731085;51,83103109;46,4448605;41,32419481;36,58055429;31,95966354;28,10464072;24,31381698;20,86820756;17,3813684;14,45910453;11,7471181;9,285002016;7,217798687;5,579769925;4,282425619;3,555619391;3,008764715;2,536330096;2,132087295;1,762833072;1,498753366;1,252329621;1,03954507;0,849574658;0,674310437"
"JAP.DWC.GHG-INT (kg/sqm);117,2334497;109,7007625;100,7485642;92,27774706;84,03155335;76,60377988;68,8542053;61,93050208;55,3717975;49,22854689;43,24361547;38,21370162;33,27795943;28,70106653;24,24690786;20,27442156;16,54121913;13,10750146;10,1925556;7,860351027;5,993529488;4,956938264;4,174699648;3,490116913;2,896356982;2,343105366;1,945800451;1,566115641;1,231294661;0,924679018;0,633345672"
"MAL.DWC.GHG-INT (kg/sqm);143,3231751;134,5340534;123,2458126;113,5833894;103,2935825;94,90893954;85,23722189;77,39156889;69,7495128;62,70046207;55,59799312;49,73870705;43,68407277;38,21783503;31,8946095;27,04296822;22,41709307;18,10206601;14,39408975;11,39405568;8,964797833;7,608106312;6,573765009;5,657351313;4,852808298;4,094260335;3,542049959;3,009042979;2,533990358;2,095108988;1,675418288"
"MEX.DWC.GHG-INT (kg/sqm);90,51150149;85,66494194;79,46138592;73,82060387;68,0429362;63,04983687;57,45168186;52,6108709;47,88718528;43,40158795;38,77868254;34,86093303;30,83937831;27,06314144;23,07038299;19,60998441;16,25477377;13,07315931;10,30618692;8,048552415;6,204477794;5,209217836;4,460964553;3,79333823;3,203809562;2,636326183;2,237401745;1,841726495;1,48550214;1,149289351;0,816746377"
"NZL.DWC.GHG-INT (kg/sqm);56,68615031;53,63836336;48,81544205;45,39129638;40,84340915;37,81457504;33,48165387;30,63373333;27,69452903;25,13377859;22,40445781;20,28033847;17,86738337;15,90780642;12,67755184;10,96811707;9,348168932;7,845500272;6,558857119;5,519822473;4,679549522;4,204805519;3,841046952;3,518823079;3,235615242;2,968936372;2,772160242;2,582317002;2,412161338;2,254187808;2,102493486"
"PHI.DWC.GHG-INT (kg/sqm);98,2734676;92,40259192;84,85752778;78,33432858;71,42666859;65,74175592;59,21252799;53,857071;48,63756464;43,7974297;38,91427234;34,87188128;30,69631867;26,89614284;22,56837969;19,16921016;15,91501601;12,86750617;10,24066445;8,110147956;6,380647038;5,418480972;4,685239671;4,033935473;3,460768384;2,918109611;2,523924601;2,141640891;1,799953585;1,483048082;1,178488205"
"SGP.DWC.GHG-INT (kg/sqm);138,6081816;131,8016643;121,8947881;113,6467684;104,1401308;96,67829153;87,33997003;80,06036066;72,76792462;66,04118709;59,0675;53,37505057;47,26538164;41,82181034;34,81284864;29,86021904;25,07942119;20,56532484;16,65055203;13,46131902;10,85984754;9,43731298;8,360185859;7,39872505;6,548458238;5,73272068;5,14803831;4,570649871;4,048791296;3,555325275;3,068541574"
"KOR.DWC.GHG-INT (kg/sqm);86,18470881;82,03611014;75,56291292;70,570078;64,36256645;59,86229823;53,78536913;49,41770177;44,95764299;40,93732549;36,68460308;33,29241101;29,51807894;26,28873728;21,51590603;18,58965251;15,77183339;13,11771002;10,82086965;8,953407971;7,433362557;6,602274282;5,973749658;5,41392847;4,91991262;4,447225079;4,108758528;3,775359874;3,474623353;3,191306536;2,912901668"
"USA.DWC.GHG-INT (kg/sqm);88,57402246;83,03174388;75,86243746;69,87838991;63,37136741;58,06512474;51,83484359;46,8900241;42,06705668;37,67114395;33,25502219;29,64709529;25,91611248;22,62787404;18,64053892;15,7905121;13,10862898;10,63834228;8,537292882;6,852098537;5,499308955;4,741703597;4,166426766;3,661095271;3,220915526;2,809758762;2,510886066;2,224729408;1,97096882;1,73762681;1,515394628"
"AUS1.OFF.GHG-INT (kg/sqm);158,7880454;149,4905666;135,520701;124,2249223;111,4165934;101,6622688;89,80195002;80,91985854;72,22370735;64,48349066;56,68311177;50,43336148;43,87324589;38,31394917;30,85886096;26,16180063;21,79790258;17,82778131;14,48371026;11,82199948;9,701669113;8,499887887;7,586007919;6,789077913;6,099477684;5,46297357;4,996528837;4,555848265;4,167843184;3,814747808;3,483075742"
"AUS2.OFF.GHG-INT (kg/sqm);169,6899414;159,7049553;144,6234507;132,2907832;118,5240656;107,9132625;95,22512066;85,61152471;76,25313386;67,91627288;59,56812498;52,86548874;45,89087752;39,96494163;32,18755545;27,20987294;22,60137578;18,42334663;14,91468329;12,12943678;9,916982286;8,66210535;7,709213168;6,880811235;6,166208998;5,509318296;5,028649328;4,576553751;4,180059928;3,820862008;3,485164027"
"AUS3.OFF.GHG-INT (kg/sqm);173,8789734;163,629814;148,1211643;135,3900744;121,2550978;110,3151944;97,30896327;87,41428816;77,80143303;69,23531266;60,6766856;53,80002884;46,66614848;40,59933222;32,69810369;27,61259265;22,91010877;18,65219143;15,08028382;12,24756896;9,999715947;8,724437089;7,756554541;6,916059583;6,191850374;5,527126166;5,040991563;4,584509793;4,184754188;3,823211377;3,485966446"
"AUS5.OFF.GHG-INT (kg/sqm);111,2406324;104,9416403;95,82006535;89,04656224;80,41813954;74,39925163;66,14939138;60,45767574;54,64980955;49,5117909;44,10044593;39,82590754;35,07356884;31,11332824;25,06390694;21,59074925;18,29364314;15,23028907;12,60406911;10,48114572;8,762604537;7,792394375;7,048661863;6,388993179;5,808436441;5,260846176;4,856438869;4,465543579;4,114561209;3,788081403;3,47396792"
"AUS6.OFF.GHG-INT (kg/sqm);196,8626964;185,1641125;167,3118701;152,3947783;136,2392963;123,4937376;108,7422637;97,30540761;86,29639782;76,47241303;66,75896197;58,9275167;50,91978348;44,08000691;35,49929958;29,82217194;24,60401645;19,90778113;15,98887483;12,89571803;10,45364601;9,06642909;8,016299754;7,109454683;6,332535448;5,624831588;5,108709002;4,628161755;4,210509914;3,836101526;3,490369034"
"AUS7.OFF.GHG-INT (kg/sqm);225,7325564;212,2133499;191,4173202;173,7543911;155,0609517;140,0473088;123,103635;109,7296451;96,96692514;85,56293654;74,39891078;65,36815544;56,26277542;48,45208322;39,01788241;32,59762502;26,7317343;21,48492766;17,13015621;13,70985823;11,02382767;9,496005324;8,342565779;7,352378315;6,509250003;5,747559392;5,193768893;4,682992996;4,242861689;3,852292846;3,495899125"
"AUS1.RHS.GHG-INT (kg/sqm);284,8229909;267,5773591;240,7560258;217,4729542;193,5848585;173,928932;152,4982935;135,1594045;118,8072145;104,1692957;90,03625349;78,55076671;67,19873824;57,40078921;46,21966962;38,2783844;31,08671809;24,7130096;19,46611532;15,37622925;12,19086769;10,37525608;9,010362615;7,849591082;6,870946937;5,998756982;5,367868314;4,795220829;4,309078858;3,885433019;3,507218041"
"AUS2.RHS.GHG-INT (kg/sqm);305,3185554;286,78041;257,8691953;232,6367728;206,9469064;185,6808001;162,6938544;143,9797369;126,3825363;110,6229263;95,46007831;83,12316598;70,99188569;60,50465504;48,71761528;40,24876034;32,5972477;25,83267241;20,27634461;15,95421138;12,59565645;10,68022491;9,241988482;8,022049728;6,996401808;6,085885067;5,428254838;4,834147143;4,332046336;3,896927714;3,511144016"
"AUS3.RHS.GHG-INT (kg/sqm);313,1939355;294,1591444;264,4448969;238,4634402;212,0812469;190,1964322;166,6114785;147,3689322;129,2933388;113,1027211;97,54417229;84,88010136;72,4493951;61,69730935;49,67744596;41,0058734;33,17766572;26,26290063;20,58767361;16,17629987;12,75119573;10,79740858;9,330990264;8,088316622;7,044607595;6,119363861;5,45145824;4,849104502;4,340871544;3,901344528;3,512652564"
"AUS5.RHS.GHG-INT (kg/sqm);195,4338545;183,8253777;166,1188308;151,3376374;135,3077653;122,6744597;108,0314833;96,69050088;85,76828661;76,02250017;66,3808417;58,60875331;50,65534538;43,86362186;35,32515607;29,68480779;24,49871035;19,82972419;15,93238994;12,85542418;10,42542628;9,045168283;8,000152028;7,097431782;6,323789401;5,61875748;5,104499174;4,62544802;4,208908744;3,835300177;3,490095336"
"AUS6.RHS.GHG-INT (kg/sqm);356,4033348;334,6436254;300,5234237;270,4322836;240,2515401;214,9720933;188,1060832;165,9642368;145,2638726;126,7084698;108,9788519;94,51977854;80,44622889;68,24097776;54,94369424;45,15988246;36,36221217;28,62340927;22,2958247;17,39482012;13,60458425;11,44035355;9,819311264;8,45189941;7,309095534;6,303050054;5,578767024;4,931170191;4,38929231;3,925578009;3,520929429"
"AUS7.RHS.GHG-INT (kg/sqm);410,6786716;385,4961918;345,84167;310,5883556;275,6362522;246,0928073;215,1054614;189,3218033;165,3244639;143,798654;123,3419556;106,6281794;90,49105374;76,46048123;61,55862996;50,37773425;40,36232172;31,58844474;24,44143369;18,92540369;14,67652577;12,24795687;10,43269139;8,908595838;7,641318897;6,533778326;5,738679619;5,034252923;4,450113646;3,956017691;3,531326001"
"AUS1.RSM.GHG-INT (kg/sqm);237,5598863;223,2948119;201,292779;182,5049422;162,7717591;146,8289333;128,9871647;114,8195748;101,3383993;89,28711882;77,52882534;68,00673975;58,45167861;50,24322419;40,45936637;33,73466549;27,60341227;22,13104899;17,59771343;14,04339309;11,25741822;9,671993011;8,476229604;7,451898644;6,581645967;5,797838202;5,22861601;4,705456117;4,25611548;3,858926065;3,498164679"
"AUS2.RSM.GHG-INT (kg/sqm);254,4578251;239,1271145;215,4020411;195,0070267;173,7883411;156,5179735;137,3930792;122,0916574;107,5840104;94,60793126;82,00059581;71,77653701;61,57900762;52,80226251;42,51884284;35,35917757;28,84879573;23,05417524;18,26572162;14,5199209;11,59115364;9,923430077;8,667197739;7,594085293;6,685079505;5,869672528;5,278402771;4,737549621;4,275051433;3,868403074;3,50140152"
"AUS3.RSM.GHG-INT (kg/sqm);260,9508247;245,2106455;220,8234972;199,810928;178,021441;160,240968;140,6230353;124,8859407;109,9838741;96,65244292;83,71886478;73,22507416;62,78067762;53,78556793;43,31019261;35,98339312;29,32733186;23,40888468;18,52240244;14,70302578;11,71939081;10,02004427;8,740576868;7,648720232;6,724823637;5,897274726;5,297533236;4,749881486;4,282327536;3,872044596;3,50264527"
"AUS5.RSM.GHG-INT (kg/sqm);163,8613962;154,2439762;139,7567938;127,9784842;114,7241556;104,5712567;92,32569883;83,10319145;74,09885771;66,0809842;58,02569329;51,56518614;44,81217918;39,08226175;31,47718765;26,64953584;22,17181015;18,10493602;14,68426963;11,96506976;9,80186813;8,575378067;7,643343216;6,831767306;6,130532041;5,484540741;5,01147656;4,565483854;4,173528418;3,817593137;3,484047555"
"AUS6.RSM.GHG-INT (kg/sqm);296,5755954;278,5888081;250,5690911;226,1682191;201,2469487;180,6677099;158,3446509;140,2171759;123,1510695;107,8699485;93,14639315;81,17268035;69,37381186;59,18061369;47,65204624;39,40824102;31,95288877;25,35504872;19,9307185;15,70765683;12,42298241;10,55013187;9,143181948;7,948482638;6,942885501;6,048718129;5,402495266;4,817542028;4,322248912;3,892024328;3,509469281"
"AUS7.RSM.GHG-INT (kg/sqm);341,3238784;320,5151261;287,9325388;259,2756189;230,4205145;206,3257453;180,6047765;159,474744;139,6903869;121,9602599;104,9883138;91,1556704;77,65544937;65,95733198;53,10584963;43,71019328;35,25085144;27,79962584;21,69970464;16,96957414;13,30676398;11,21597504;9,648894286;8,325014267;7,216793062;6,238946225;5,534338097;4,90253045;4,372394162;3,917120874;3,518040923"
"AUS1.RWH.GHG-INT (kg/sqm);114,5419117;108,0347308;98,57653263;91,48904199;82,57040291;76,29215872;67,7916196;61,87839197;55,86998836;50,55129568;44,97407695;40,562397;35,68454198;31,61327681;25,46625821;21,90812335;18,53694848;15,41063637;12,73457506;10,57424296;8,827805025;7,841516579;7,085970505;6,416771588;5,828643817;5,274880146;4,866165499;4,471813552;4,118260646;3,789932886;3,474600288"
"AUS2.RWH.GHG-INT (kg/sqm);122,0758312;115,093538;104,867125;97,06307672;87,4821287;80,61200207;71,53938337;65,12063856;58,65458425;52,92357155;46,96780879;42,24315519;37,07885671;32,75422002;26,38447256;22,63240951;19,09220074;15,82221076;13,03240546;10,78670214;8,976600436;7,953619401;7,171113348;6,480165282;5,874759497;5,306907368;4,888362849;4,48612239;4,126703211;3,794158196;3,476043429"
"AUS3.RWH.GHG-INT (kg/sqm);124,9707249;117,8058708;107,2842727;99,20488856;89,36944964;82,27189335;72,9794542;66,36646541;59,72455972;53,83511387;47,73389631;42,8889832;37,61461939;33,1926252;26,73729461;22,91071503;19,30555532;15,9803574;13,14684621;10,86833916;9,033774779;7,996694688;7,203829317;6,504524184;5,892479356;5,319213764;4,896892136;4,491620533;4,12994725;3,795781763;3,476597953"
"AUS5.RWH.GHG-INT (kg/sqm);81,68355564;77,24852414;71,14081025;67,17850631;61,14845438;57,45163998;51,44616261;47,73769227;43,72528152;40,20487701;36,27863615;33,23195615;29,60339258;26,63717923;21,46156793;18,74922942;16,1152772;13,61560022;11,43562072;9,647625767;8,178850302;7,352592529;6,714629417;6,140287005;5,627515381;5,135196965;4,769354216;4,409407139;4,081439334;3,771504666;3,468306191"
"AUS6.RWH.GHG-INT (kg/sqm);140,8539729;132,6874721;120,546299;110,9562454;99,72450578;91,37912414;80,88060869;73,20187252;65,59513312;58,83642111;51,93714502;46,43241094;40,55415794;35,59799788;28,67310323;24,43767809;20,47615575;16,84805158;13,77474171;11,31625234;9,347469987;8,233033413;7,38333016;6,638172782;5,989701896;5,386734568;4,943689292;4,521786879;4,147746133;3,804689695;3,479640427"
"AUS7.RWH.GHG-INT (kg/sqm);160,8049246;151,3802552;137,2047335;125,7171276;112,7314943;102,8187189;90,80525075;81,78782904;72,96916178;65,11856434;57,21684675;50,88331137;44,24651301;38,61938708;31,10467291;26,35569675;21,94654722;17,93796245;14,5634414;11,87887619;9,741502613;8,529898542;7,608801212;6,806048817;6,111823152;5,471547466;5,002471211;4,559678834;4,170103314;3,815878951;3,48346208"
"AUS1.HOT.GHG-INT (kg/sqm);208,7344082;196,2871575;177,2243864;161,1781658;143,9790384;130,30081;114,6478712;102,4144371;90,68427587;80,21057024;69,90062148;61,57600225;53,11690049;45,87786911;36,94619268;30,96347914;25,47896538;20,55632702;16,45818655;13,23050447;10,68811311;9,243077167;8,15046515;7,20934846;6,405203077;5,675299069;5,143686882;4,650709169;4,223813441;3,842759636;3,492643089"
"AUS2.HOT.GHG-INT (kg/sqm);223,4381771;210,0636613;189,5015837;172,0568749;153,5651351;138,731744;121,9622913;108,7422516;96,11890451;84,84048383;73,79173983;64,85629747;55,83815091;48,10462046;38,73824948;32,37705096;26,56263782;21,35958683;17,03945496;13,64515593;10,97851352;9,461865539;8,316636384;7,333072404;6,495205937;5,737805824;5,187008914;4,678635384;4,240290591;3,851006071;3,495459631"
"AUS3.HOT.GHG-INT (kg/sqm);229,0880713;215,3572557;194,2190725;176,2369974;157,2485739;141,9713138;124,7728428;111,1737018;98,20714983;86,61951898;75,28689436;66,11674443;56,88378601;48,96024527;39,42684377;32,92021315;26,97903681;21,66823782;17,2628062;13,80448493;11,09009931;9,545934539;8,380487352;7,380613085;6,529789359;5,761823921;5,203655319;4,689365976;4,246621903;3,854174747;3,496541882"
"AUS5.HOT.GHG-INT (kg/sqm);144,6055472;136,2024605;123,6787487;113,7318797;102,1703381;93,53022398;82,74683703;74,81637461;66,98174446;60,01771446;52,92993941;47,26935765;41,24846788;36,16613949;29,13033526;24,79834205;20,75264796;17,05299827;13,92304869;11,42204805;9,421563828;8,288855891;7,425727706;6,669740168;6,01266556;5,402682774;4,954742636;4,528912077;4,151950174;3,806793721;3,48035905"
"AUS6.HOT.GHG-INT (kg/sqm);260,0870234;244,4013181;220,1022495;199,1718372;177,4582872;159,7456765;140,1933355;124,514201;109,6646063;96,38044969;83,4902735;73,03236687;62,62081249;53,65475311;43,20491476;35,90035011;29,26366943;23,36169563;18,4882547;14,67866627;11,70233068;10,00719113;8,730814817;7,64145183;6,719536245;5,893602645;5,2949882;4,748240906;4,281359553;3,871560143;3,502479807"
"AUS7.HOT.GHG-INT (kg/sqm);299,0248146;280,8835719;252,6141142;227,9802949;202,8437129;182,0720577;159,56302;141,2712052;124,0563202;108,6411571;93,79454001;81,71908189;69,82709284;59,55152554;47,95055065;39,64370087;32,13339701;25,48884838;20,02754087;15,77672567;12,47135465;10,58657564;9,17086123;7,969091439;6,957877354;6,059129932;5,409711453;4,822193721;4,324993525;3,893397944;3,509938435"
"AUS1.DWW.GHG-INT (kg/sqm);78,58398915;74,34442588;68,55276702;64,88526554;59,12769736;55,6743922;49,90427686;46,40378381;42,57965736;39,22888744;35,45838522;32,54046723;29,02975077;26,16777823;21,0838009;18,45124733;15,88683817;13,4462724;11,31308886;9,560216903;8,117633657;7,306471762;6,679600386;6,114205896;5,608542705;5,12202049;4,760221897;4,40352027;4,077965937;3,76976631;3,467712461"
"AUS2.DWW.GHG-INT (kg/sqm);83,38082339;78,83875694;72,5579769;68,43424436;62,25498516;58,42482941;52,29047195;48,46811693;44,35260503;40,73931162;36,72779103;33,61060323;29,91750868;26,89421491;21,66842647;18,91239914;16,24036637;13,70832114;11,502717;9,695489314;8,212371453;7,377847445;6,733810695;6,154568558;5,637904483;5,14241217;4,774354913;4,412630684;4,083341305;3,772456558;3,468631306"
"AUS3.DWW.GHG-INT (kg/sqm);85,22399747;80,56569476;74,09697089;69,79793246;63,45663932;59,48167948;53,20736269;49,26133285;45,03385666;41,31968912;37,21555771;34,02180088;30,2586279;27,17334677;21,8930677;19,08959581;16,37620889;13,80901285;11,57558123;9,747467471;8,248774264;7,40527341;6,754640899;6,170077831;5,649186688;5,150247632;4,779785496;4,416131342;4,085406779;3,773490281;3,468984371"
"AUS5.DWW.GHG-INT (kg/sqm);57,66312743;54,74289832;51,08448734;49,40678713;45,48837768;43,67866465;39,49715106;37,40042338;34,84714233;32,64133955;29,92201225;27,8731875;25,15789286;22,99950502;18,53402113;16,43998471;14,34496401;12,30337581;10,48604675;8,970241247;7,704445244;6,995174616;6,443168121;5,938168614;5,480484558;5,033084437;4,698582311;4,363786208;4,054521868;3,758033092;3,463705019"
"AUS6.DWW.GHG-INT (kg/sqm);95,33683559;90,04078607;82,54088143;77,28000221;70,04968667;65,28023847;58,23801487;53,6134254;48,77164117;44,50401328;39,89175931;36,27789553;32,1302273;28,70484364;23,12559389;20,0618107;17,12152827;14,36147232;11,97536127;10,03265306;8,448503491;7,555749891;6,868928793;6,255171675;5,711088121;5,193238018;4,809581169;4,435338206;4,096739299;3,779161946;3,470921509"
"AUS7.DWW.GHG-INT (kg/sqm);108,039574;101,9424506;93,14727949;86,67823181;78,33121504;72,56380981;64,55701828;59,08008992;53,46667319;48,50384363;43,25333679;39,11177658;34,48114376;30,62855721;24,67377034;21,28301005;18,05772412;15,05541679;12,47752508;10,39087475;8,699383421;7,744763434;7,012485844;6,362058073;5,788842525;5,247238252;4,847007521;4,459463951;4,110974079;3,786286127;3,47335475"
"AUS1.DWC.GHG-INT (kg/sqm);198,8900735;187,0636369;169,004668;153,8947506;137,5610414;124,6562071;109,7507866;98,17789591;87,04573235;77,11079227;67,29547504;59,3798086;51,29499346;44,38703463;35,74639099;30,01707729;24,75343479;20,01853577;16,06902096;12,95289077;10,49368684;9,09659595;8,039211686;7,126513921;6,344945174;5,63345011;5,114682307;4,632012263;4,212781808;3,837238557;3,490757383"
"AUS2.DWC.GHG-INT (kg/sqm);212,8445004;200,1380546;180,6561876;164,2190526;146,6586059;132,657479;116,692445;104,1832286;92,20339828;81,50475351;70,98829195;62,4929315;53,87756193;46,50030499;37,44711994;31,35860984;25,78188048;20,78085938;16,62066644;13,34641052;10,7692877;9,304234302;8,196914404;7,243932574;6,430361256;5,69277136;5,155796536;4,658515285;4,22841924;3,845064732;3,493430387"
"AUS3.DWC.GHG-INT (kg/sqm);218,2064613;205,1618737;185,1332611;168,1861453;150,1543271;135,7319519;119,3597636;106,4907658;94,18522122;83,19312443;72,40724955;63,68914282;54,86990877;47,31232494;38,10062169;31,87409107;26,17705871;21,07378072;16,83263512;13,4976197;10,87518679;9,384018929;8,257511362;7,289050459;6,463182217;5,715565433;5,171594597;4,668699019;4,234427892;3,848071925;3,494457484"
"AUS5.DWC.GHG-INT (kg/sqm);138,0293849;130,0410113;118,1878544;108,8664498;97,88302047;89,75954512;79,47551154;71,98630192;64,55114316;57,94701658;51,18966276;45,80226756;40,03140683;35,17023985;28,32884985;24,16613151;20,26798271;16,6937457;13,66308028;11,23659796;9,291684184;8,191004255;7,351408734;6,614405462;5,972412383;5,374727045;4,935367148;4,516422265;4,144580879;3,803105558;3,479099371"
"AUS6.DWC.GHG-INT (kg/sqm);247,6256268;232,7257757;209,6973644;189,9521664;169,3341012;152,6004871;133,9943881;119,1513987;105,0587761;92,4566129;80,19256329;70,25232729;60,31456156;51,76758854;41,68615243;34,70235256;28,34526054;22,68093554;17,99563161;14,32725051;11,45621727;9,821768689;8,589985234;7,536596187;6,643259112;5,840628373;5,258272918;4,72457353;4,267395222;3,864571316;3,500092796"
"AUS7.DWC.GHG-INT (kg/sqm);284,5790476;267,3487996;240,5523406;217,2924707;193,4258201;173,7890583;152,3769434;135,0544227;118,7170511;104,092483;89,97169777;78,49634488;67,15359125;57,36384622;46,18993845;38,2549325;31,06873939;24,6996831;19,45647177;15,36934997;12,18604979;10,37162627;9,007605746;7,847538436;6,869453742;5,997719962;5,367149579;4,794757518;4,308805493;3,885296206;3,507171313"
"AUS1.HEC.GHG-INT (kg/sqm);228,9665946;215,2434397;194,5051171;177,8270949;160,6647676;147,4704428;132,2890603;120,7139958;109,4795504;99,32855676;89,01931607;80,72280489;71,79527699;63,84929156;53,90588031;46,62463695;39,52011022;32,73353395;26,77395539;21,83767125;17,73572557;15,46432179;13,68367203;12,07461226;10,64127941;9,261767624;8,255636823;7,25894337;6,35557039;5,502866736;4,667530295"
"AUS2.HEC.GHG-INT (kg/sqm);245,2104196;230,462879;208,0977083;189,9853376;171,5508556;157,2570466;141,0120162;128,513736;116,4332655;105,5071346;94,45953178;85,55177466;76,02461253;67,52226005;57,05724331;49,28759753;41,71819931;34,49785403;28,16463197;22,92404884;18,57361959;16,16449854;14,27712803;12,5734398;11,05737405;9,599960444;8,537811891;7,486843679;6,535301391;5,638107897;4,760125348"
"AUS3.HEC.GHG-INT (kg/sqm);251,4520773;236,3109184;213,3206347;194,6571183;175,7338134;161,0175298;144,3637948;131,5107707;119,1052168;107,881241;96,54992392;87,40729676;77,64972636;68,93359093;58,26814832;50,31083486;42,5628107;35,17579054;28,69899669;23,34148728;18,89557871;16,43354007;14,50516233;12,7651133;11,21725759;9,729910366;8,646237103;7,574413922;6,604362673;5,690074046;4,795704814"
"AUS5.HEC.GHG-INT (kg/sqm);158,1209492;148,8655396;135,2225344;124,8002649;113,1862997;104,7872533;94,24485362;86,69629215;79,15169141;72,3813731;65,29241726;59,66178761;53,34949802;47,83004596;40,1615593;35,0104291;29,93338791;25,03864717;20,70867339;17,09955562;14,08134351;12,41057836;11,09537936;9,899031135;8,826528696;7,786777067;7,024961491;6,264981391;5,571693521;4,913027377;4,26368722"
"AUS6.HEC.GHG-INT (kg/sqm);285,6978246;268,3970231;241,9769668;220,2895113;198,6842093;181,6499584;162,753807;147,9544304;133,7652596;120,9071149;108,0191593;97,58788402;86,56614573;76,67705961;64,91195178;55,92497282;47,19689185;38,8953861;31,63086517;25,63182298;20,66205347;17,90967492;15,7563051;13,81675735;12,09448151;10,4428992;9,241127532;8,054880584;6,98327727;5,975193752;4,990916642"
"AUS7.HEC.GHG-INT (kg/sqm);328,713916;308,7003869;277,9721925;252,4863662;227,5122073;207,5663569;185,8535059;168,6093153;152,1797429;137,2689182;122,4256686;110,3757221;97,76606225;86,40363249;73,2572349;62,97689287;53,0177623;43,56757098;35,31358588;28,5087142;22,88092284;19,76384825;17,32786583;15,1377277;13,19636268;11,33848464;9,988369544;8,658394874;7,459231986;6,333332684;5,236122265"
"AUS1.LEI.GHG-INT (kg/sqm);280,526345;263,551673;237,1684579;214,2940441;190,7836676;171,4652957;150,3609182;133,3103291;117,2191404;102,8163705;88,89921456;77,59221881;66,403551;56,75010148;45,69600569;37,86531905;30,77005393;24,47828591;19,2962606;15,25506233;12,10600864;10,31132308;8,961805068;7,813437224;6,844646849;5,980491638;5,355209014;4,787060401;4,304264005;3,883023295;3,506395008"
"AUS2.LEI.GHG-INT (kg/sqm);300,6948526;282,4482922;254,0085449;229,2158868;203,9324913;183,029634;160,3937839;141,9899115;124,6735794;109,1670176;94,23648899;82,09165425;70,1361695;59,80443754;48,15409051;39,80425282;32,25647934;25,58008176;20,0935607;15,82382133;12,50433801;10,61142538;9,189734778;7,98314387;6,968099781;6,066229381;5,414631922;4,82536555;4,326864981;3,894334565;3,510258335"
"AUS3.LEI.GHG-INT (kg/sqm);308,4445618;289,7092808;260,4793151;234,9495754;208,9849009;187,4732082;164,2488927;145,3250239;127,5379329;111,6072412;96,28732615;83,82055343;71,57042078;60,97806013;49,09860475;40,54928429;32,82763537;26,00344463;20,39992169;16,04236586;12,65739529;10,7267391;9,277316318;8,048353314;7,015536326;6,09917394;5,437465058;4,840084228;4,335549362;3,898680898;3,51174281"
"AUS5.LEI.GHG-INT (kg/sqm);192,563631;181,1361594;163,722282;149,214078;133,4365281;121,028714;106,6036847;95,45529093;84,70742944;75,118726;65,62128275;57,96842902;50,12414845;43,42895276;34,97534076;29,40887398;24,28717397;19,67292526;15,81892446;12,77448287;10,36873918;9,002460081;7,967714864;7,073280466;6,30622055;5,606555958;5,096042573;4,619996732;4,20569235;3,833690446;3,489545537"
"AUS6.LEI.GHG-INT (kg/sqm);285,6978246;268,3970231;241,4864852;218,1202074;194,1552048;174,4305493;152,9334814;135,535892;119,1305599;104,4447628;90,26776429;78,74593523;67,36064513;57,53327477;46,32629206;38,36248803;31,15119361;24,76080135;19,50069919;15,40089987;12,20814571;10,38827339;9,020249345;7,856952315;6,876301859;6,002475961;5,370445855;4,796882362;4,310059203;3,885923659;3,507385618"
"AUS7.LEI.GHG-INT (kg/sqm);404,3736904;379,5888222;340,5772035;305,9235613;271,5257306;242,4776198;211,9690355;186,6084343;162,9940933;141,8133454;121,6734427;105,2215876;89,32418062;75,50564948;60,79019539;49,77159416;39,89764261;31,24400666;24,1921856;18,74760101;14,55200197;12,15414034;10,36143711;8,855542968;7,60272564;6,506975407;5,720103117;5,022278153;4,443048239;3,952481616;3,530118267"
"AUS1.Resi.GHG-INT (kg/sqm);67,72853655;63,16742383;57,96446094;52,95109242;48,16128789;43,78233757;39,31689752;35,26471013;31,45458015;27,8826579;24,43242212;21,52385274;18,70495997;16,07881237;13,63259147;11,37013673;9,252636685;7,312759219;5,671372861;4,361830147;3,31667491;2,735433371;2,297281896;1,915039533;1,584550152;1,27793639;1,057933854;0,84869113;0,664903423;0,497377303;0,33903199"
"AUS2.Resi.GHG-INT (kg/sqm);74,76361949;69,5391384;63,63598557;57,97016702;52,57792731;47,66100824;42,67652937;38,16613203;33,94174901;29,99716941;26,20549135;23,01485084;19,9384282;17,08502252;14,43957261;12,00419578;9,736558675;7,66963075;5,92809018;4,543689308;3,442987052;2,829645604;2,367953325;1,966836266;1,621460664;1,302858583;1,074515947;0,858712195;0,670159133;0,499350075;0,33903199"
"AUS3.Resi.GHG-INT (kg/sqm);65,56155189;61,20477351;56,21748695;51,40508965;46,80085049;42,58760825;38,28204537;34,37099832;30,68846882;27,23133452;23,88627165;21,06458736;18,32502035;15,76887403;13,38402073;11,17483039;9,103576392;7,202833701;5,592297391;4,305812896;3,277767554;2,706413604;2,275513297;1,899084821;1,573180774;1,27025972;1,052826147;0,845604386;0,66328453;0,496769639;0,33903199"
"AUS5.Resi.GHG-INT (kg/sqm);40,35713348;38,37698858;35,89825528;33,42337465;30,97746517;28,69159032;26,24557505;23,97614555;21,77775021;19,65572622;17,53394017;15,7228252;13,90590411;12,1639497;10,49286927;8,903202627;7,369840993;5,924278851;4,672562572;3,654270558;2,825232151;2,368881755;2,022320508;1,713513943;1,44094239;1,180971591;0,99341789;0,809702164;0,644455028;0,489701839;0,33903199"
"AUS6.Resi.GHG-INT (kg/sqm);64,47032711;60,21644503;55,33776623;50,62657167;46,11577735;41,98598043;37,76092663;33,92095338;30,30267944;26,90334872;23,61124759;20,83331588;18,13369481;15,6127989;13,25884839;11,07648032;9,028514353;7,147478695;5,552477491;4,277604383;3,258175043;2,69180017;2,26455132;1,891050534;1,567455516;1,266393992;1,050254068;0,84405;0,662469307;0,496463639;0,33903199"
"AUS7.Resi.GHG-INT (kg/sqm);51,73948589;48,68604982;45,07445018;41,54394358;38,12332925;34,96705245;31,68126275;28,67047634;25,80184384;23,07688207;20,40266241;18,13517284;15,9015835;13,79193883;11,79851752;9,929073066;8,152798448;6,501676101;5,087916168;3,948508035;3,029597804;2,521311634;2,136662744;1,797318025;1,500661438;1,221294242;1,020246746;0,82591566;0,652958459;0,492893668;0,33903199"
"USA-NY.OFF.GHG-INT (kg/sqm);45,157857;42,48531495;39,58851355;37,54425538;34,67095331;32,66951324;29,66034002;27,57385964;25,35518104;23,32242685;21,09717561;19,30718266;17,26021031;15,47900607;12,83443872;11,1718642;9,545062694;7,991184922;6,630659546;5,512533075;4,592727326;4,082142167;3,690276113;3,33731888;3,022373843;2,719037259;2,496729095;2,277141876;2,077463078;1,888713145;1,703582034"
"USA-LA.OFF.GHG-INT (kg/sqm);41,63667955;39,2057345;36,02701;33,77937621;30,7755821;28,70402485;25,71848076;23,69623329;21,59157413;19,71656565;17,70288537;16,11014993;14,30450331;12,78850038;10,42922929;9,067091075;7,75804042;6,527867842;5,463924096;4,597876523;3,892026686;3,496406124;3,193042222;2,922277176;2,68265072;2,454655668;2,286955164;2,123390629;1,975799335;1,837613021;1,703582034"
"USA-CHI.OFF.GHG-INT (kg/sqm);71,1117915;66,73971357;60,75465021;55,91183939;50,50703675;46,24547477;41,11339796;37,18072491;33,32820458;29,86009191;26,36093747;23,5327606;20,57504535;18,02162811;14,73163227;12,54014853;10,48757973;8,605391007;7,010007968;5,733747494;4,711879664;4,136894162;3,699943453;3,317067152;2,984285284;2,67472014;2,448951365;2,233785211;2,043415102;1,868963471;1,703582034"
"USA-HOU.OFF.GHG-INT (kg/sqm);50,4821285;47,46020674;43,97639931;41,39674337;38,03558388;35,59550572;32,16838462;29,71553405;27,16882998;24,84407741;22,35492191;20,3482081;18,10658529;16,15631639;13,36621749;11,57996004;9,848556104;8,208795383;6,78251727;5,616640696;4,662613392;4,131765054;3,725181041;3,360899264;3,037455755;2,727895985;2,501283946;2,2788448;2,077533956;1,888231785;1,703582034"
"USA-PHO.OFF.GHG-INT (kg/sqm);55,303825;51,97455298;47,38354042;43,84020032;39,64801794;36,50130817;32,47856853;29,5409839;26,60881679;23,98925131;21,29291699;19,13626237;16,81507514;14,84345449;12,08394407;10,3734771;8,760854046;7,272574873;6,004145891;4,984422987;4,163740436;3,701778957;3,349523878;3,039151888;2,767878816;2,5138622;2,327812532;2,149290869;1,990315103;1,843630357;1,703582034"
"USA-PHI.OFF.GHG-INT (kg/sqm);70,6139395;66,27123133;60,5508989;55,93270995;50,71541646;46,60766312;41,59382044;37,7511631;33,96154237;30,53180755;27,04573152;24,22093196;21,24616052;18,66051984;15,32493424;13,07655228;10,95592798;8,998192251;7,329704467;5,988863047;4,910285244;4,305391467;3,845151899;3,439942557;3,086130501;2,754844044;2,513269493;2,281418022;2,075228144;1,885109339;1,703582034"
"USA-SA.OFF.GHG-INT (kg/sqm);46,0928385;43,36457311;40,00659831;37,57043977;34,36933192;32,09838471;28,88074331;26,6347762;24,30349893;22,20056976;19,94876714;18,14953438;16,12854554;14,39961775;11,8305137;10,26305058;8,750706177;7,32436985;6,087541191;5,078854568;4,255274057;3,795401599;3,443041324;3,128013225;2,848819368;2,582449855;2,387044826;2,195884949;2,023176025;1,861152889;1,703582034"
"USA-SD.OFF.GHG-INT (kg/sqm);40,9746345;38,58712591;35,48184154;33,30115515;30,35832717;28,34155361;25,4081485;23,43157654;21,36777458;19,52909825;17,54820826;15,98238477;14,20086647;12,70578305;10,36448137;9,017575976;7,721365526;6,501693197;5,445755869;4,585498024;3,883775259;3,490606263;3,189019683;2,91961273;2,680996312;2,453727356;2,286527333;2,123281146;1,97585861;1,837707328;1,703582034"
"USA-DAL.OFF.GHG-INT (kg/sqm);42,800871;40,29333418;36,99880496;34,64454104;31,54255835;29,38183463;26,30963649;24,21061376;22,03615658;20,09796272;18,02588424;16,38475132;14,53443456;12,97859209;10,58395943;9,190682947;7,8541056;6,600156166;5,517095791;4,636478384;3,919563158;3,517610092;3,209553036;2,934912963;2,692123135;2,461433612;2,291822787;2,126620934;1,977717639;1,838470594;1,703582034"
"USA-SJ.OFF.GHG-INT (kg/sqm);41,7400045;39,30219237;36,11760146;33,86417374;30,85464816;28,77754843;25,78597762;23,75808836;21,64791197;19,76752844;17,74842134;16,15103547;14,34068305;12,82013447;10,45648043;9,090139297;7,777009211;6,542969312;5,475662768;4,606870524;3,89877911;3,501927922;3,197628953;2,926028216;2,685662176;2,456959099;2,288748301;2,124682066;1,976638539;1,838027623;1,703582034"
"USA-AUS.OFF.GHG-INT (kg/sqm);44,117658;41,5235766;38,09256885;35,61312745;32,39637071;30,13183957;26,95955659;24,7722353;22,51798749;20,5080363;18,37020883;16,67477696;14,77485817;13,17521197;10,74213286;9,315429411;7,949755502;6,671101184;5,56849375;4,673204766;3,945342524;3,537059698;3,224340198;2,945929708;2,700133361;2,466980209;2,295633088;2,1290232;1,979054174;1,839018966;1,703582034"
"USA-JAC.OFF.GHG-INT (kg/sqm);54,8951175;51,59270681;47,04409169;43,53963517;39,38310158;36,26863164;32,2769705;29,36680198;26,45940614;23,86211483;21,1861858;19,04638164;16,74058381;14,78255062;12,0349629;10,33485903;8,731253347;7,250627438;5,988251583;4,973070337;4,155775012;3,695772587;3,344960311;3,035754478;2,76541074;2,512154869;2,326641267;2,148553652;1,989905861;1,843462983;1,703582034"
"USA-WDC.OFF.GHG-INT (kg/sqm);67,651587;63,51079252;57,63856126;52,92021565;47,65080582;43,52990348;38,56810861;34,80215069;31,12155152;27,82902821;24,51623233;21,85052151;19,06444757;16,68239902;13,56277342;11,53932316;9,654387879;7,935017294;6,483833245;5,327003877;4,404078359;3,882978785;3,487171595;3,141603492;2,842286827;2,565320652;2,363100131;2,171490867;2,002630668;1,848662554;1,703582034"
"USA-SF.OFF.GHG-INT (kg/sqm);45,17268895;42,50934293;38,96413372;36,38036137;33,06836453;30,71805281;27,46374981;25,20439287;22,88547027;20,81776984;18,62753144;16,8889849;14,95013951;13,3165078;10,85399375;9,402091317;8,014904769;6,718389261;5,601953161;4,696505783;3,961258051;3,548639175;3,232754439;2,951863977;2,704163466;2,469552183;2,297188734;2,129842726;1,979389187;1,839085993;1,703582034"
"USA-BOS.OFF.GHG-INT (kg/sqm);72,262047;67,81824463;61,46751003;56,31033898;50,63863063;46,15391752;40,84145028;36,76615986;32,80609006;29,26228874;25,71932225;22,86354723;19,90391147;17,36864227;14,11458818;11,97431288;9,987743688;8,182133588;6,662755656;5,454771209;4,493703024;3,950539865;3,538484691;3,179787895;2,870012305;2,584489504;2,376240035;2,179753474;2,007211448;1,850532562;1,703582034"
"USA-NY.RHS.GHG-INT (kg/sqm);68,98283223;64,73509871;60,64353122;57,3960778;53,31070246;50,11983164;45,7864493;42,44732241;38,98783081;35,73182153;32,25537005;29,38825096;26,23843424;23,38200514;19,6915532;17,01775626;14,40136485;11,90240609;9,71542514;7,919662401;6,443932798;5,628917112;5,005380448;4,444417226;3,944590608;3,463261422;3,112574178;2,76604833;2,451456054;2,154301371;1,862784621"
"USA-LA.RHS.GHG-INT (kg/sqm);63,3109955;59,45245721;54,90448481;51,32753399;47,03041692;43,72537236;39,42918778;36,19291758;32,91673447;29,91469776;26,77916676;24,22997005;21,46926024;19,04053571;15,81027863;13,62116493;11,51744888;9,540819253;7,832430208;6,443463976;5,313023528;4,683537287;4,202827066;3,774512439;3,396245466;3,03651811;2,77396853;2,517867751;2,287351154;2,071814741;1,862784621"
"USA-CHI.RHS.GHG-INT (kg/sqm);110,7888704;103,8036367;94,73276056;86,9734636;78,80715412;71,97314608;64,21842474;57,90421431;51,81222806;46,24392082;40,715759;36,17674215;31,56072735;27,46153354;22,7327942;19,20860869;15,908182;12,88229993;10,31882925;8,269927979;6,631170183;5,713147712;5,017554189;4,408933366;3,880875089;3,390023543;3,034132992;2,695116494;2,395884026;2,122120509;1,862784621"
"USA-HOU.RHS.GHG-INT (kg/sqm);77,55905399;72,74856704;67,71019834;63,59928581;58,72722517;54,82912585;49,82204507;45,89244095;41,9043788;38,17795809;34,27648522;31,06037861;27,59723558;24,46877023;20,54425594;17,67164579;14,88723209;12,25043859;9,958022148;8,085760658;6,555268746;5,707805219;5,060709823;4,481646235;3,968261985;3,477043027;3,119520869;2,768503357;2,451378469;2,153428978;1,862784621"
"USA-PHO.RHS.GHG-INT (kg/sqm);85,32573877;80,02022529;73,19542772;67,52976564;61,31710521;56,27918428;50,31157495;45,60038335;40,99097001;36,78951447;32,55448639;29,0970971;25,50629189;22,34411266;18,46970657;15,72014601;13,12816243;10,73655375;8,699517749;7,063653598;5,748797534;5,012745099;4,45351029;3,961614135;3,532573457;3,131137533;2,839181516;2,559145002;2,310438361;2,081358329;1,862784621"
"USA-PHI.RHS.GHG-INT (kg/sqm);109,9869412;103,0490059;94,40516753;87,0081981;79,14434008;72,55841417;64,99437374;58,82532204;52,83474754;47,32829098;41,82116157;37,28753534;32,64394349;28,49270414;23,69035634;20,07431979;16,66404269;13,51622627;10,83476782;8,681638642;6,951358103;5,985066843;5,251887857;4,607224914;4,045227715;3,519322595;3,137924951;2,771982434;2,447221023;2,148175101;1,862784621"
"USA-SA.RHS.GHG-INT (kg/sqm);70,48888028;66,15141754;61,31517349;57,43493445;52,82030028;49,1943304;44,52446231;40,92795179;37,28680788;33,91766578;30,39854698;27,51669173;24,40903588;21,63723108;18,0688496;15,5488526;13,11750441;10,82471489;8,837672497;7,218794716;5,898584661;5,165533005;4,605846312;4,106182339;3,664133117;3,242544022;2,935332994;2,634745002;2,363734388;2,109767615;1,862784621"
"USA-SD.RHS.GHG-INT (kg/sqm);62,24458761;58,45601333;54,02649563;50,55751444;46,35870775;43,14199299;38,92985271;35,76719787;32,55685105;29,61334578;26,53062388;24,02476358;21,30289244;18,90782823;15,70647107;13,5418422;11,45874994;9,498970588;7,803418089;6,423725534;5,299887514;4,674326119;4,196460089;3,770315334;3,39365878;3,035084112;2,773328422;2,517727593;2,287470731;2,071978843;1,862784621"
"USA-DAL.RHS.GHG-INT (kg/sqm);65,18625;61,20434249;56,46963331;52,72075773;48,26534469;44,81656464;40,38072374;37,02073219;33,63208904;30,52826409;27,29867765;24,67153948;21,83890976;19,34605857;16,05889857;13,81969359;11,67171271;9,65686391;7,917758141;6,505389282;5,357182341;4,717526309;4,229280086;3,79474606;3,411404504;3,047358319;2,781747165;2,523025271;2,290410631;2,073180676;1,862784621"
"USA-SJ.RHS.GHG-INT (kg/sqm);63,47742911;59,60782941;55,05041104;51,46413043;47,15778361;43,84381323;39,53792228;36,29256533;33,00749572;29,99680119;26,85252859;24,29584078;21,52755037;19,09150301;15,85418497;13,65830015;11,54801174;9,565151309;7,851344212;6,457955763;5,323903626;4,692434588;4,210217767;3,780556634;3,401097988;3,040229786;2,776857964;2,519948773;2,28870346;2,072482844;1,862784621"
"USA-AUS.RHS.GHG-INT (kg/sqm);67,30730211;63,1859942;58,23121048;54,28050385;49,6400544;46,02393572;41,42679062;37,92450644;34,40730175;31,18787907;27,85239872;25,13781612;22,22532849;19,66197363;16,31295202;14,01998122;11,82522045;9,770672296;8,00017038;6,564247129;5,39847488;4,748659056;4,25293063;3,812349813;3,424190161;3,056200896;2,787811325;2,526840614;2,292527425;2,074045731;1,862784621"
"USA-JAC.RHS.GHG-INT (kg/sqm);84,66740154;79,40515505;72,64869304;67,0456993;60,89049005;55,90452329;49,98699062;45,31997167;40,75046591;36,58489137;32,38272933;28,95247897;25,3864555;22,24615289;18,39093957;15,65805774;13,08058332;10,70128534;8,673983469;7,045420876;5,736008695;5,003105392;4,4461896;3,956167108;3,528618939;3,12840387;2,837308039;2,557967232;2,309785636;2,081092002;1,862784621"
"USA-WDC.RHS.GHG-INT (kg/sqm);105,2152476;98,60256731;89,71298951;82,15380474;74,20527933;67,59760134;60,11699705;54,07120838;48,25608004;42,97058467;37,74263001;33,46534612;29,12588291;25,30282894;20,84864504;17,59527078;14,56503117;11,80159197;9,470563575;7,614187159;6,134931757;5,303775658;4,674508029;4,126032524;3,651925995;3,213631911;2,895707076;2,594671798;2,330121222;2,089385762;1,862784621"
"USA-SF.RHS.GHG-INT (kg/sqm);69,00672322;64,77384852;59,63491075;55,51598308;50,72198715;46,96758706;42,23825013;38,61987914;34,99846683;31,68601235;28,26612068;25,48210607;22,50695004;19,88889801;16,49251988;14,1590246;11,92968622;9,846447608;8,053746604;6,601526494;5,42391518;4,76714537;4,266342049;3,821788928;3,430582971;3,060266321;2,790255179;2,528114962;2,293036612;2,074138292;1,862784621"
"USA-BOS.RHS.GHG-INT (kg/sqm);112,6416772;105,5409228;95,88029922;87,61402859;79,01729812;71,82344954;63,77788305;57,23375311;50,96841605;45,27815255;39,67945968;35,09604724;30,47706192;26,40726816;21,73662955;18,29516832;15,10132392;12,19908464;9,758317842;7,819635003;6,279020974;5,412368199;4,756961916;4,187370527;3,696446408;3,244399559;2,916785275;2,607916604;2,337456951;2,092376226;1,862784621"
"USA-NY.RSM.GHG-INT (kg/sqm);73,18723963;68,65436013;64,34651243;60,88125293;56,57646438;53,17027917;48,59718445;45,03129965;41,34719229;37,86974564;34,16679807;31,10469432;27,75523733;24,70416774;20,82438658;17,96753507;15,17200506;12,50196485;10,16537639;8,246945861;6,670581223;5,800456591;5,134982206;4,536365104;4,003070657;3,489520705;3,115593889;2,746089222;2,410694957;2,093916514;1,783141511"
"USA-LA.RSM.GHG-INT (kg/sqm);67,13587479;63,01825955;58,22179862;54,40360583;49,87177895;46,34288342;41,80884626;38,3522575;34,86346841;31,65690074;28,31777838;25,59500487;22,66097198;20,06660845;16,67828647;14,33909481;12,09116438;9,979069123;8,153727356;6,669862827;5,462368471;4,790440726;4,277546028;3,820639599;3,417212405;3,033578517;2,753815905;2,480921823;2,235356097;2,005782333;1,783141511"
"USA-CHI.RSM.GHG-INT (kg/sqm);117,7907079;110,3372047;100,7133606;92,43143836;83,77027544;76,47529307;68,25060198;61,50962746;55,01633588;49,0716803;43,17992667;38,33433261;33,42115569;29,04496352;24,05840582;20,2954043;16,77136535;13,540537;10,80358802;8,616231918;6,866929358;5,887435729;5,145494218;4,496420679;3,933369476;3,41003197;3,030824002;2,669613907;2,350873643;2,059313744;1,783141511"
"USA-HOU.RSM.GHG-INT (kg/sqm);82,33733496;77,20406016;71,88513501;67,4978719;62,3531343;58,19190143;52,89968047;48,70356211;44,45537363;40,47598958;36,31963146;32,88526201;29,20166748;25,8605694;21,73132368;18,66265613;15,68820252;12,87147145;10,42274037;8,422995427;6,788467178;5,883863136;5,193361913;4,575535991;4,027872553;3,503869004;3,122721095;2,748498651;2,410472446;2,09291504;1,783141511"
"USA-PHO.RSM.GHG-INT (kg/sqm);90,62372356;84,96233176;77,73527786;71,68743153;65,11092675;59,73243962;53,41460135;48,38402153;43,47257244;38,98625274;34,47413922;30,78251578;26,96307985;23,58650679;19,51133213;16,5746533;13,80630809;11,25202931;9,076583828;7,329765975;5,925919958;5,140509675;4,544002296;4,019417568;3,561966359;3,133983409;2,822955952;2,52463881;2,25977358;2,015855941;1,783141511"
"USA-PHI.RSM.GHG-INT (kg/sqm);116,9351179;109,5320712;100,3642878;92,46931083;84,13114072;77,1010816;69,07999975;62,49401623;56,10899113;50,23034859;44,36100998;39,5211312;34,57845663;30,14663377;25,08141574;21,22027082;17,57886469;14,21776434;11,35476329;9,056057498;7,208980079;6,177919872;5,395825221;4,708247875;4,108940146;3,548155852;3,141699388;2,751725337;2,40571377;2,087146144;1,783141511"
"USA-SA.RSM.GHG-INT (kg/sqm);74,79406412;70,16547217;65,06178587;60,92028986;56,04992646;52,17881157;47,24621275;43,4053676;39,52724813;35,92902811;32,1806318;29,10291305;25,79866198;22,83818426;19,08901771;16,39669228;13,7990818;11,34953722;9,226769308;7,497498311;6,087440128;5,304966041;4,707770725;4,174703207;3,703190877;3,253520109;2,926081609;2,605696343;2,316901402;2,046300573;1,783141511"
"USA-SD.RSM.GHG-INT (kg/sqm);65,99810875;61,95513731;57,28517321;53,58227114;49,15541132;45,72081839;41,276493;37,8984763;34,4799467;31,33583318;28,0530472;25,37650062;22,48388581;19,92540846;16,56788755;14,25478133;12,02881175;9,934648184;8,122958175;6,648949762;5,44846657;4,780708748;4,270834947;3,816230675;3,414509616;3,03209324;2,753168695;2,480798661;2,235501236;2,005966302;1,783141511"
"USA-DAL.RSM.GHG-INT (kg/sqm);69,136611;64,88737366;59,89153404;55,88979038;51,18897615;47,50664841;42,82355464;39,23492684;35,62613002;32,31095527;28,87149188;26,0655733;23,05483263;20,39208497;16,94309376;14,55050679;12,25540391;10,10259041;8,244531856;6,73574693;5,509339071;4,826583231;4,305665483;3,842139818;3,433313715;3,045087577;2,762069843;2,486391089;2,238598083;2,007228428;1,783141511"
"USA-SJ.RSM.GHG-INT (kg/sqm);67,31344521;63,18402837;58,37749195;54,54934722;50,0076747;46,46925747;41,92486542;38,45858255;34,96031273;31,74450803;28,39605899;25,66529292;22,72317175;20,12099479;16,72513865;14,37872194;12,1237784;10,0050344;8,173911064;6,685327564;5,473979113;4,799935503;4,28543309;3,827089768;3,422390893;3,037539548;2,756899476;2,483142679;2,23679928;2,006495339;1,783141511"
"USA-AUS.RSM.GHG-INT (kg/sqm);71,39959225;67,00162932;61,77081565;57,55359133;52,65524187;48,79428495;43,939028;40,19854008;36,45255246;33,01403566;29,46160211;26,56240174;23,46648864;20,72855926;17,21361591;14,76372195;12,41877323;10,22367296;8,332182861;6,798324445;5,553225392;4,859656194;4,330775949;3,860818197;3,446869625;3,054454981;2,768486302;2,490422256;2,240830237;2,008138068;1,783141511"
"USA-JAC.RSM.GHG-INT (kg/sqm);89,92133402;84,30610391;77,15198932;71,17103064;64,65584238;59,33280264;53,06840362;48,0849605;43,21609418;38,76805807;34,29100808;30,62833706;26,8353359;23,4820962;19,4273898;16,5084956;13,75561889;11,21446219;9,049390436;7,310352485;5,912305743;5,130250599;4,536213758;4,0136246;3,557762535;3,131078826;2,82096671;2,523389315;2,259081896;2,01557418;1,783141511"
"USA-WDC.RSM.GHG-INT (kg/sqm);111,8441289;104,7881136;95,35737185;87,28867994;78,85965266;71,80596913;63,87361402;57,41893558;51,22097745;45,57804068;40,00660051;35,4402795;30,82221447;26,74071484;22,04717666;18,57321438;15,33756337;12,3868695;9,8980402;7,916199369;6,337165684;5,450400658;4,779261683;4,194394546;3,688939292;3,221710896;2,883034386;2,56237345;2,280660716;2,024363451;1,783141511"
"USA-SF.RSM.GHG-INT (kg/sqm);73,21272927;68,69573642;63,26829982;58,8714763;53,80920695;49,80063695;44,80428743;40,93990593;37,08271522;33,54493373;29,90244861;26,92918199;23,76643165;20,97017856;17,40475112;14,91166875;12,52988293;10,30423067;8,389111305;6,837913676;5,580225125;4,879258792;4,344981265;3,870801714;3,453618214;3,058735999;2,771048543;2,491748554;2,241351309;2,008225596;1,783141511"
"USA-BOS.RSM.GHG-INT (kg/sqm);119,7674943;112,1907488;101,9371611;93,11389756;83,99315152;76,3139633;67,77876408;60,79234334;54,11401934;48,03921871;42,07224395;37,17932654;32,26306995;27,91836725;22,99394855;19,31938081;15,90925395;12,81055435;10,20472141;8,135134486;6,490695243;5,566089539;4,867087083;4,259714082;3,736337336;3,254457826;2,905459423;2,576457578;2,288456054;2,027538205;1,783141511"
"USA-NY.RWH.GHG-INT (kg/sqm);44,45712243;41,82664356;38,96174663;36,94961801;34,10868258;32,1390045;29,16519234;27,11216205;24,92661754;22,92652857;20,73468879;18,97345891;16,9559364;15,20344445;12,58680592;10,9512346;9,35085864;7,822217865;6,48376177;5,383730579;4,478769958;3,976314169;3,590634537;3,243231798;2,933223751;2,634640198;2,415760209;2,199562699;2,002952497;1,817097353;1,634807114"
"USA-LA.RWH.GHG-INT (kg/sqm);40,99919966;38,60598992;35,4634585;33,25096229;30,28135435;28,24240164;25,29150146;23,30134402;21,22765155;19,38243358;17,39840698;15,8309535;14,05055188;12,55867475;10,22242627;8,882147346;7,594101933;6,383660314;5,33675107;4,484525708;3,789898995;3,40046016;3,10178402;2,835183453;2,599221656;2,374708659;2,209515283;2,048396741;1,902997396;1,766855663;1,634807114"
"USA-CHI.RWH.GHG-INT (kg/sqm);69,94481859;65,64536001;59,74605109;54,98428914;49,65622851;45,46615456;40,40696079;36,54047044;32,75018465;29,34043618;25,89766766;23,11703488;20,20540361;17,69494334;14,44493005;12,29048197;10,27259102;8,422185423;6,853705447;5,598916587;4,594192069;4,028739532;3,598976482;3,2223736;2,895018444;2,590491232;2,368338529;2,156614164;1,969269329;1,797577566;1,634807114"
"USA-HOU.RWH.GHG-INT (kg/sqm);49,68574833;46,71217277;43,27038624;40,73212126;37,4118025;35,01113569;31,62672203;29,21378916;26,70604603;24,41918155;21,968202;19,99417894;17,78557468;15,86715328;13,10771843;11,35082587;9,647885539;8,035075325;6,632209549;5,485427062;4,546982008;4,024692004;3,624609185;3,266133114;2,947823839;2,643174445;2,420101;2,20113742;2,002957111;1,816591755;1,634807114"
"USA-PHO.RWH.GHG-INT (kg/sqm);54,42082753;51,14543878;46,61533154;43,12985767;38,99276469;35,89761978;31,92790805;29,03868174;26,15224563;23,57581122;20,92143019;18,80024079;16,51367037;14,57451091;11,84539872;10,16326318;8,577342906;7,113693487;5,866220981;4,863297492;4,056088842;3,601600597;3,254988929;2,949566291;2,682594837;2,432597685;2,24943561;2,073681802;1,917152596;1,772714401;1,634807114"
"USA-PHI.RWH.GHG-INT (kg/sqm);69,45591003;65,18529035;59,54616509;55,00516324;49,86138424;45,82246791;40,87946291;37,10142658;33,37294247;30,00089344;26,57095686;23,79362394;20,86520787;18,32305534;15,02821247;12,8178203;10,73301911;8,808340643;7,167990477;5,84971224;4,789236997;4,194381876;3,741723836;3,343165875;2,995136646;2,669256175;2,431565536;2,203438756;2,000542478;1,813449377;1,634807114"
"USA-SA.RWH.GHG-INT (kg/sqm);45,37530785;42,6901164;39,37171094;36,9742066;33,81093508;31,57625823;28,39748907;26,18767241;23,89145679;21,82242077;19,60454084;17,834287;15,84238535;14,1413726;11,59901655;10,05705023;8,569305113;7,166161433;5,949414;4,957060571;4,146773513;3,694213335;3,347402637;3,03731675;2,762482098;2,5002674;2,30785512;2,119624342;1,949546693;1,789984644;1,634807114"
"USA-SD.RWH.GHG-INT (kg/sqm);40,34904764;37,99849322;34,9281365;32,78142986;29,87172925;27,88660504;24,98692754;23,04163941;21,00807844;19,1985428;17,24671445;15,70568515;13,94896935;12,47762361;10,15900654;8,833669217;7,558213366;6,358061917;5,318994921;4,472437557;3,7818484;3,394808929;3,097871852;2,832598976;2,597623471;2,373817802;2,209111756;2,048301492;1,903063774;1,766952409;1,634807114"
"USA-DAL.RWH.GHG-INT (kg/sqm);42,1424775;39,67405296;36,417729;34,10046149;31,03438277;28,90782876;25,87180548;23,80623388;21,66398677;19,7567149;17,71534293;16,10036687;14,27610902;12,74512363;10,37416804;9,003332442;7,688280101;6,454515893;5,388859167;4,522348124;3,816874255;3,421227;3,117950023;2,847551636;2,60849038;2,381338558;2,214274441;2,051553499;1,904870907;1,767692602;1,634807114"
"USA-SJ.RWH.GHG-INT (kg/sqm);41,10066848;38,700715;35,55242374;33,33423869;30,35900303;28,31460805;25,35778987;23,36209231;21,28298189;19,4324855;17,4431295;15,87110904;14,08608595;12,58974456;10,24919153;8,904784796;7,612732792;6,39849285;5,348280767;4,493359646;3,796531283;3,40588375;3,1062892;2,838867821;2,602179601;2,376971172;2,211276576;2,049665251;1,903821706;1,767262909;1,634807114"
"USA-AUS.RWH.GHG-INT (kg/sqm);43,43560964;40,88219648;37,49176508;35,05150174;31,87265626;29,64411629;26,5097757;24,35747032;22,13685356;20,15910916;18,05317378;16,38488068;14,51192541;12,93794163;10,52925299;9,125617213;7,782020908;6,524027726;5,439205532;4,558313;3,842111783;3,440260695;3,132414508;2,858322422;2,616317041;2,386754415;2,217991419;2,053894249;1,906171209;1,768224938;1,634807114"
"USA-JAC.RWH.GHG-INT (kg/sqm);54,01946208;50,77045189;46,28199493;42,83471817;38,73264337;35,66916691;31,72998083;28,86768198;26,00557437;23,45101475;20,81667165;18,71202885;16,44056894;14,51474955;11,79734178;10,12537846;8,548308206;7,092168805;5,850635222;4,852167043;4,048280641;3,595714064;3,25051758;2,946238538;2,680178216;2,430926606;2,248289849;2,072961124;1,9167529;1,772551144;1,634807114"
"USA-WDC.RWH.GHG-INT (kg/sqm);66,54677345;62,47444592;56,68578993;52,04613064;46,85092766;42,7989047;37,90687649;34,20406592;30,5825895;27,34526807;24,08551876;21,46444573;18,72139797;16,37926278;13,29660213;11,30721863;9,45400629;7,763554595;6,336740709;5,199287581;4,291771437;3,779259891;3,38991915;3,049971231;2,755495942;2,48299827;2,283982558;2,095404204;1,929194463;1,777629654;1,634807114"
"USA-SF.RWH.GHG-INT (kg/sqm);44,47168794;41,85025551;38,34760612;35,80482943;32,53240873;30,21959258;27,00467972;24,78161466;22,49747447;20,46301466;18,30561362;16,59498585;14,68381469;13,07647149;10,63889588;9,210535997;7,845838749;6,570332339;5,471955599;4,581109549;3,857674944;3,451576012;3,140629447;2,864109526;2,620241265;2,389253935;2,219498124;2,054683555;1,906489885;1,76828554;1,634807114"
"USA-BOS.RWH.GHG-INT (kg/sqm);71,07441081;66,70452016;60,44586082;55,37517943;49,78484003;45,37549029;40,13905305;36,13244138;32,23650004;28,75240951;25,2666297;22,4589145;19,54543891;17,05285747;13,83821026;11,73413166;9,781146731;8,006042919;6,512296397;5,32463869;4,379692447;3,845528198;3,440242621;3,087412541;2,782676183;2,501785786;2,296856836;2,103496547;1,933678416;1,779458713;1,634807114"
"USA-NY.HOT.GHG-INT (kg/sqm);64,54484665;60,58615102;56,7138157;53,68714116;49,82417376;46,85155613;42,76115796;39,65188395;36,42007385;33,38852431;30,14166033;27,47218722;24,52473562;21,86560362;18,36706503;15,87882114;13,44401335;11,1184711;9,083139636;7,411718957;6,03799794;5,278843371;4,69781683;4,175021419;3,709119427;3,260450781;2,933320304;2,610086908;2,316580545;2,039317461;1,767321818"
"USA-LA.HOT.GHG-INT (kg/sqm);59,27362292;55,67664234;51,37953786;48,04613898;43,98597918;40,90692905;36,85087458;33,83703258;30,77549123;27,97994396;25,04995379;22,67599594;20,09026884;17,82876938;14,75809074;12,72049205;10,7623713;8,922504434;7,332187982;6,039028737;4,986380018;4,399741677;3,951524112;3,552075065;3,199209232;2,863617322;2,618445596;2,379298924;2,163975557;1,962610908;1,767321818"
"USA-CHI.HOT.GHG-INT (kg/sqm);103,398042;96,89522099;88,39401446;81,17312783;73,51661807;67,15750737;59,88695048;54,01239389;48,33383376;43,15324188;37,99965359;33,77647363;29,46659627;25,65276712;21,18963314;17,91147671;14,84141613;12,02667044;9,641917696;7,735653063;6,210778862;5,35608419;4,708238523;4,141292228;3,649283783;3,191899384;2,860030517;2,543877938;2,264742469;2,009312845;1,767321818"
"USA-HOU.HOT.GHG-INT (kg/sqm);72,51531297;68,03361751;63,28102341;59,45160139;54,85728933;51,22721768;46,51058049;42,8524476;39,12934994;35,66059753;32,01875061;29,02496637;25,78637509;22,8744973;19,15852231;16,4856161;13,89477692;11,4412677;9,308073254;7,565666326;6,141145757;5,351885521;4,749003272;4,20942297;3,730955478;3,273130883;2,9396739;2,612292917;2,316458095;2,038481213;1,767321818"
"USA-PHO.HOT.GHG-INT (kg/sqm);79,7334215;74,79167645;68,37805358;63,10304909;57,26229977;52,57249567;46,96288015;42,57815788;38,27747667;34,36720097;30,41540155;27,19743959;23,84033404;20,89730192;17,22811563;14,6698219;12,25811004;10,03277798;8,137220126;6,614769615;5,390876487;4,705276206;4,18414033;3,725657481;3,32565722;2,951356892;2,678895147;2,417544557;2,185354754;1,971441292;1,767321818"
"USA-PHI.HOT.GHG-INT (kg/sqm);102,6527546;96,19388875;88,08971886;81,20570214;73,83039024;67,70192592;60,60864266;54,86903484;49,28474836;44,16164703;39,02759668;34,8094136;30,47387988;26,61164432;22,08005545;18,71648293;15,54427102;12,61613913;10,12167137;8,118487535;6,508508936;5,608930328;4,926134959;4,325674275;3,802107292;3,312128064;2,956541251;2,615351451;2,31247791;2,033539536;1,767321818"
"USA-SA.HOT.GHG-INT (kg/sqm);65,94451956;61,90244;57,33754606;53,72238147;49,36721324;45,98997041;41,58667208;38,2380664;34,83736073;31,70064382;28,41415273;25,73102294;22,82283496;20,24245996;16,85750517;14,51235465;12,24969818;10,11595422;8,266620559;6,759749057;5,530699987;4,847792921;4,326162927;3,860390591;3,44823499;3,055137897;2,768449903;2,487948462;2,234982041;1,99789238;1,767321818"
"USA-SD.HOT.GHG-INT (kg/sqm);58,28253752;54,7505786;50,56360385;47,33058321;43,36181814;40,36488133;36,38695069;33,44153554;30,44118674;27,70003891;24,81912553;22,4854398;19,93580111;17,70557492;14,66174316;12,64688629;10,70791714;8,883693772;7,305291436;6,020737122;4,974212576;4,391215537;3,945636369;3,54819928;3,19682578;2,862300707;2,617863574;2,379178168;2,164093015;1,962766621;1,767321818"
"USA-DAL.HOT.GHG-INT (kg/sqm);61,0164245;57,30478934;52,83408488;49,34086073;45,13355002;41,92088834;37,73502185;34,60618316;31,44011694;28,54996814;25,53256877;23,08617887;20,43362058;18,11253593;14,98898841;12,90485372;10,90561423;9,030248708;7,411405049;6,096513518;5,027368258;4,431286437;3,976071357;3,570848084;3,213271585;2,873671504;2,625658526;2,384080137;2,166810934;1,963876314;1,767321818"
"USA-SJ.HOT.GHG-INT (kg/sqm);59,42830099;55,82104028;51,51515794;48,17308903;44,10435201;41,01700701;36,95193209;33,92964541;30,85984537;28,05625184;25,11813746;22,73721756;20,14444514;17,87613985;14,79889872;12,75500687;10,79077763;8,94511969;7,349767524;6,052498108;4,996492537;4,408011306;3,958393447;3,557692898;3,203719466;2,867067192;2,621131229;2,38123317;2,165232487;1,963231892;1,767321818"
"USA-AUS.HOT.GHG-INT (kg/sqm);62,98766252;59,14647407;54,47117691;50,79032549;46,41100563;43,04279121;38,70699019;35,44589269;32,16033588;29,16275096;26,04694062;23,5192877;20,79252251;18,40592829;15,2249062;13,09082364;11,04813159;9,135895627;7,487896979;6,151135297;5,065683231;4,46016869;3,99800723;3,587171224;3,225123436;2,88186542;2,631275094;2,387611771;2,168768744;1,964675477;1,767321818"
"USA-JAC.HOT.GHG-INT (kg/sqm);79,12158393;74,22004966;67,86994687;62,65319367;56,86584522;52,22433169;46,66126004;42,3175934;38,05400274;34,17707428;30,25581889;27,06307808;23,729002;20,80629876;17,15494644;14,61214974;12,21391807;10,00002272;8,113507218;6,597838853;5,379001895;4,696326618;4,177344646;3,72060187;3,321987533;2,948820637;2,677157456;2,416452528;2,184749832;1,971194636;1,767321818"
"USA-WDC.HOT.GHG-INT (kg/sqm);98,21809515;92,06151525;83,72868365;76,69367678;69,23948882;63,09065864;56,07481288;50,44968755;45,02841221;40,1106504;35,23607158;31,25614736;27,20330802;23,6461414;19,43820374;16,41176911;13,59285551;11,0220628;8,85337903;7,126079651;5,749475549;4,975529579;4,389338942;3,878302929;3,43644778;3,027921141;2,731345507;2,450500988;2,203606738;1,978881168;1,767321818"
"USA-SF.HOT.GHG-INT (kg/sqm);64,56705017;60,62217594;55,77567919;51,93844465;47,41638795;43,91963089;39,46095511;36,09195624;32,70954411;29,62549562;26,43123902;23,83906244;21,0540641;18,61664816;15,3916293;13,21990178;11,14509395;9,206214992;7,537605132;6,185715014;5,089275151;4,477305785;4,010434076;3,595912214;3,231038772;2,88562336;2,633530069;2,388784104;2,169233973;1,964757455;1,767321818"
"USA-BOS.HOT.GHG-INT (kg/sqm);105,1199814;98,50980217;89,46031102;81,76809938;73,71144014;67,01780184;59,47687026;53,38858275;47,54888642;42,25494213;37,03581516;32,77139083;28,45878506;24,67232337;20,26324057;17,06202816;14,09109305;11,39133357;9,120690475;7,316922574;5,883314929;5,076390739;4,465916401;3,935264241;3,477787085;3,05648696;2,750911997;2,462793372;2,210413067;1,981654712;1,767321818"
"USA-NY.DWW.GHG-INT (kg/sqm);23,20150726;21,96429551;20,15617696;19,20828236;17,43943363;16,52181478;14,71927421;13,77421792;12,68618058;11,76806868;10,68292366;9,87441886;8,832369375;8,030920807;6,339374003;5,59823549;4,873158246;4,180447755;3,572996989;3,072339487;2,659097131;2,425912126;2,245146654;2,081726567;1,935247481;1,794099544;1,688771686;1,584852219;1,489883735;1,399913299;1,31172185"
"USA-LA.DWW.GHG-INT (kg/sqm);21,66230994;20,53072398;18,59825413;17,56053091;15,73388649;14,78501805;12,99238562;12,07511079;11,03674297;10,18752693;9,194926667;8,472737974;7,536365595;6,851098676;5,284576887;4,675130753;4,089364342;3,538598;3,061211988;2,67111169;2,351713437;2,168951471;2,027003682;1,899636261;1,786196881;1,678101224;1,596729938;1,517389541;1,445274751;1,377490531;1,31172185"
"USA-CHI.DWW.GHG-INT (kg/sqm);34,54664031;32,56655445;29,40613687;27,23297613;24,3559609;22,44912668;19,71772755;17,96503107;16,16244003;14,61677249;12,97490092;11,71276753;10,27300207;9,134534985;7,161514955;6,18994013;5,27961709;4,444325505;3,735096258;3,166084328;2,70889614;2,447914761;2,247716697;2,071479088;1,91744646;1,77382459;1,667164768;1,565366915;1,474645627;1,391100647;1,31172185"
"USA-HOU.DWW.GHG-INT (kg/sqm);25,52888343;24,13895849;22,07362833;20,89118502;18,9086646;17,79897455;15,81350578;14,70813592;13,47661557;12,43083115;11,23036083;10,32717135;9,200138665;8,324928623;6,569940052;5,77493758;5,004364473;4,274357745;3,638397479;3,117069919;2,689044357;2,447095178;2,259968533;2,091666882;1,94153698;1,797734218;1,690572618;1,585456277;1,489821284;1,399655606;1,31172185"
"USA-PHO.DWW.GHG-INT (kg/sqm);27,63657112;26,1123182;23,56155461;21,95665765;19,60989827;18,19054435;15,94417011;14,6265264;13,22628822;12,05155721;10,76060359;9,791987455;8,630417992;7,746205427;6,004995672;5,243594795;4,525480067;3,86226557;3,295851179;2,838886791;2,469562358;2,257944482;2,094736325;1,950161172;1,822986658;1,703616879;1,61429779;1,52849569;1,45147648;1,380048259;1,31172185"
"USA-PHI.DWW.GHG-INT (kg/sqm);34,32901638;32,36176409;29,31736681;27,24264329;24,44779571;22,60835624;19,9287533;18,21548461;16,44043462;14,91155884;13,27538762;12,01470643;10,56743493;9,414813578;7,421780571;6,42523632;5,485053341;4,616618895;3,875320532;3,277980031;2,79591692;2,521816459;2,311403021;2,125369669;1,962113045;1,808964387;1,695372313;1,586256676;1,488597356;1,398181408;1,31172185"
"USA-SA.DWW.GHG-INT (kg/sqm);23,61021175;22,34865589;20,33805568;19,21811024;17,30536674;16,26946052;14,37545709;13,36044831;12,22305437;11,27422017;10,1775181;9,365046033;8,334504295;7,556111036;5,897802511;5,198530308;4,523815669;3,887211662;3,334168391;2,881643003;2,510717529;2,299835373;2,136443612;1,989702639;1,858943973;1,734049984;1,640550992;1,549129819;1,466018374;1,387797644;1,31172185"
"USA-SD.DWW.GHG-INT (kg/sqm);21,372913;20,26031303;18,36002318;17,35162881;15,55168661;14,62680715;12,85699522;11,95970691;10,93921072;10,10588048;9,127609415;8,417178399;7,491340117;6,815199933;5,25651119;4,65369845;4,073516101;3,527308847;3,0533934;2,665798463;2,348182151;2,166480093;2,025300115;1,89851772;1,785511799;1,677725308;1,596566814;1,517359319;1,445312404;1,377537697;1,31172185"
"USA-DAL.DWW.GHG-INT (kg/sqm);22,171208;21,00614335;19,02295431;17,93853883;16,06890742;15,08100936;13,25046126;12,29959996;11,23070659;10,35386542;9,335743218;8,592406621;7,636524233;6,933864849;5,351913242;4,728887727;4,131125026;3,570004223;3,084298837;2,687861921;2,363654668;2,178139449;2,034151675;1,9051013;1,790289316;1,681026248;1,598827478;1,518779281;1,446098437;1,377857882;1,31172185"
"USA-SJ.DWW.GHG-INT (kg/sqm);21,70747593;20,57288818;18,63785568;17,59760122;15,76845258;14,8171623;13,02189608;12,10215554;11,06137626;10,20981073;9,214838174;8,490616521;7,552186825;6,864932495;5,29649432;4,685210423;4,097660151;3,54520262;3,066345994;2,675045365;2,354666771;2,171366608;2,029009875;1,901276961;1,78751411;1,679108776;1,597514295;1,517954453;1,445641849;1,377671896;1,31172185"
"USA-AUS.DWW.GHG-INT (kg/sqm);22,7468095;21,54391581;19,50095259;18,3617224;16,44184192;15,40850467;13,5341632;12,54467352;11,44088381;10,53266955;9,485813174;8,718750435;7,7412052;7,019424601;5,420699761;4,783100273;4,172661706;3,600787925;3,106581789;2,703769685;2,374810299;2,186545744;2,04053352;1,909847918;1,793733762;1,683406097;1,600457299;1,519802976;1,446665097;1,378088697;1,31172185"
"USA-JAC.DWW.GHG-INT (kg/sqm);27,45791455;25,94540308;23,4131933;21,82531066;19,49414836;18,08889847;15,85611729;14,5504634;13,16105658;11,99606327;10,71402818;9,752776144;8,597930287;7,719652391;5,983648482;5,226770797;4,51259008;3,852712737;3,288936466;2,833950509;2,466100782;2,255336106;2,09275619;1,948688476;1,821918033;1,702878586;1,613792218;1,528178171;1,451300744;1,379976691;1,31172185"
"USA-WDC.DWW.GHG-INT (kg/sqm);33,03409583;31,15511336;28,04379871;25,92486284;23,10688329;21,26141737;18,60437029;16,92449113;15,19701764;13,72809319;12,16769584;10,97659816;9,611898306;8,548390993;6,64990593;5,751854274;4,91488935;4,150856946;3,504743457;2,988009959;2,574134494;2,336741215;2,154553771;1,994648936;1,855267575;1,725918817;1,62956945;1,538086602;1,456784511;1,382209799;1,31172185"
"USA-SF.DWW.GHG-INT (kg/sqm);23,20799069;21,9748212;19,88183974;18,69692243;16,7353439;15,66445716;13,75422572;12,73322142;11,60114566;10,66768256;9,597921423;8,812020027;7,817475408;7,080861262;5,469297251;4,820714556;4,200908549;3,621266147;3,121052093;2,713831683;2,38167184;2,191526713;2,044142382;1,912383626;1,795447285;1,684492632;1,601107128;1,520138931;1,446796705;1,37811049;1,31172185"
"USA-BOS.DWW.GHG-INT (kg/sqm);35,04944661;33,03801376;29,71739515;27,40652272;24,41259493;22,40802387;19,59763688;17,7825039;15,93284543;14,35407361;12,69307038;11,41890184;9,978356804;8,847904345;6,89069601;5,94162209;5,060281494;4,258606474;3,582735738;3,043686389;2,613177133;2,366160182;2,176886526;2,011258165;1,867319274;1,734244844;1,635270714;1,54166701;1,458765987;1,383016652;1,31172185"
"USA-NY.DWC.GHG-INT (kg/sqm);68,04851948;63,84282913;59,78315093;56,56781179;52,51478769;49,35566377;45,05762566;41,75193295;38,32555967;35,10220009;31,65914418;28,82077448;25,70039359;22,87266313;19,21012672;16,56332015;13,97334171;11,49960794;9,33468578;7,557009714;6,09611818;5,289227997;4,671874814;4,116463444;3,621571469;3,144993052;2,797732353;2,454594602;2,143069463;1,848808192;1,560130963"
"USA-LA.DWC.GHG-INT (kg/sqm);62,46102233;58,63880035;54,12566003;50,58252549;46,31830906;43,04464298;38,78179958;35,5764127;32,3300318;29,35666539;26,24967297;23,72480752;20,98839341;18,58288745;15,37478725;13,20671084;11,12321016;9,165569536;7,473574432;6,097910644;4,978271288;4,354734319;3,878535582;3,454228834;3,079488714;2,723112475;2,462975746;2,209228982;1,980821908;1,767253192;1,560130963"
"USA-CHI.DWC.GHG-INT (kg/sqm);109,2329066;102,3305491;93,35753958;85,69073903;77,6120108;70,85958794;63,18804382;56,9493639;50,92840235;45,42670282;39,96289101;35,47813348;30,91471169;26,86454221;22,18143265;18,6995138;15,43866294;12,44905314;9,916285377;7,891888421;6,272695302;5,365552255;4,678161594;4,076700263;3,554835181;3,069733137;2,717969401;2,382880819;2,087100922;1,816487083;1,560130963"
"USA-HOU.DWC.GHG-INT (kg/sqm);76,49721378;71,73717146;66,74264755;62,67492253;57,84547529;53,98849796;49,02597831;45,1380245;41,19061436;37,50372625;33,64208633;30,4600894;27,03139808;23,93616255;20,04364327;17,20167257;14,44695793;11,8382847;9,5702968;7,717958167;6,203724844;5,365191121;4,7248791;4,151873211;3,643846043;3,157750595;2,803920622;2,45652953;2,142671057;1,847785852;1,560130963"
"USA-PHO.DWC.GHG-INT (kg/sqm);84,14840882;78,90077928;72,14140909;66,53790964;60,38442885;55,40190133;49,49125706;44,83201427;40,27172732;36,11660521;31,92664534;28,50735446;24,95373626;21,82642838;17,9846775;15,2655519;12,70225371;10,33710347;8,322579906;6,704762481;5,404380717;4,676356383;4,123183993;3,636604665;3,212184987;2,815066962;2,526212934;2,249149781;2,003071349;1,776404668;1,560130963"
"USA-PHI.DWC.GHG-INT (kg/sqm);108,4429019;101,5871234;93,03583399;85,72683202;77,94675591;71,43928115;63,95597197;57,8605666;51,93966738;46,49895331;41,0558041;36,57627395;31,9855117;27,88383429;23,12791957;19,55517866;16,18572792;13,0755857;10,42619473;8,298780025;6,589130347;5,634279795;4,909741213;4,272658618;3,717251907;3,197507802;2,820536518;2,458838902;2,137831092;1,842233461;1,560130963"
"USA-SA.DWC.GHG-INT (kg/sqm);69,53217276;65,23813572;60,44178415;56,60051498;52,02402615;48,43462282;43,80394444;40,2438796;36,63808368;33,30311151;29,81819243;26,96555277;23,88722165;21,14355986;17,60214483;15,10785284;12,70130484;10,43189737;8,465100195;6,862688995;5,555880955;4,830201295;4,276109501;3,7814281;3,343773683;2,926373334;2,622179496;2,324544524;2,056186674;1,804701086;1,560130963"
"USA-SD.DWC.GHG-INT (kg/sqm);61,4104718;57,65716929;53,26098909;49,82444067;45,65725318;42,47074689;38,29079871;35,15800344;31,97652084;29,06082959;26,00584625;23,52365133;20,82545353;18,4530463;15,27334099;13,12929828;11,06601572;9,12486853;7,445418313;6,078802503;4,965591214;4,345880287;3,872452084;3,450253195;3,077071795;2,721802743;2,462427487;2,209151681;1,98098017;1,767435328;1,560130963"
"USA-DAL.DWC.GHG-INT (kg/sqm);64,308392;60,3646406;55,66720269;51,95441909;47,53403227;44,11858659;39,7180362;36,39067801;33,0334575;29,9597986;26,76016799;24,15854724;21,35133937;18,88273759;15,61867582;13,40136313;11,27438104;9,279224005;7,557096422;6,158489073;5,021443785;4,387939408;3,904356407;3,473960371;3,094256236;2,733661267;2,470534562;2,214232928;1,983784704;1,768572914;1,560130963"
"USA-SJ.DWC.GHG-INT (kg/sqm);62,62498108;58,79186209;54,26942217;50,7171015;46,44379655;43,16134057;38,88893735;35,67460042;32,41946607;29,43757088;26,32196652;23,7897209;21,04583792;18,63311667;15,41805883;13,24331006;11,15333255;9,18955142;7,492216596;6,112194404;4,988995376;4,363504197;3,885820568;3,460186677;3,08427199;2,72677124;2,465824039;2,211280406;1,982155002;1,767911814;1,560130963"
"USA-AUS.DWC.GHG-INT (kg/sqm);66,3979043;62,31683165;57,40219228;53,4902466;48,88730477;45,30679409;40,74718742;37,27954635;33,79561465;30,60805587;27,30412806;24,6163953;21,73058412;19,19261846;15,86772764;13,59757892;11,42466071;9,390553714;7,637647686;6,215967613;5,061732239;4,418279678;3,927372678;3,491064289;3,106655242;2,742218277;2,47638532;2,217900574;1,985809458;1,769394461;1,560130963"
"USA-JAC.DWC.GHG-INT (kg/sqm);83,49986099;78,29485394;71,60287484;66,0611715;59,96433606;55,0330287;49,1717435;44,55603555;40,03507378;35,9153029;31,75771639;28,36515512;24,83593811;21,73016515;17,90730142;15,20458315;12,65555178;10,30250064;8,297539379;6,686891351;5,391852055;4,666919162;4,11602288;3,631281363;3,208324545;2,812401602;2,524389432;2,24800585;2,002439201;1,776147802;1,560130963"
"USA-WDC.DWC.GHG-INT (kg/sqm);103,7421629;97,2068309;88,41166955;80,9413781;73,07668548;66,54682173;59,14503405;53,17058406;47,42224775;42,1991149;37,03108789;32,80423209;28,51337632;24,73541317;20,32298922;17,10810078;14,11369914;11,38293012;9,079433128;7,244946391;5,78309923;4,961645177;4,33968281;3,797556525;3,328919384;2,895673446;2,581369141;2,283757936;2,022201629;1,784181224;1,560130963"
"USA-SF.DWC.GHG-INT (kg/sqm);68,07205521;63,88108005;58,78468786;54,70674211;49,95230907;46,235392;41,54543201;37,96334075;34,37669921;31,09747421;27,7104089;24,95430371;22,00681264;19,41504032;16,04359227;13,73363166;11,52677505;9,464538499;7,689890808;6,252267135;5,086464992;4,436212943;3,940346139;3,500162094;3,112787105;2,746093194;2,478688817;2,21907919;1,986259952;1,769459778;1,560130963"
"USA-BOS.DWC.GHG-INT (kg/sqm);111,0581623;104,0420213;94,48680455;86,31954642;77,81596632;70,70839297;62,74986486;56,28435768;50,09243425;44,47052707;38,93730093;34,4089069;29,84276528;25,82184006;21,19631404;17,79629043;14,64089297;11,77357698;9,362152766;7,446739775;5,924581985;5,068231072;4,420574558;3,857699326;3,37254407;2,925800352;2,601987364;2,296697618;2,029356253;1,787090777;1,560130963"
"USA-NY.HEC.GHG-INT (kg/sqm);66,17989397;62,12028821;58,17141364;55,06765985;51,12704446;48,07822935;43,90299953;40,71347831;37,40217909;34,29226522;30,96524669;28,22677059;25,20866842;22,48065523;18,91511504;16,36209009;13,86388706;11,47780091;9,389524944;7,674693442;6,265358758;5,486701721;4,890833867;4,35471315;3,876967249;3,416896018;3,081541304;2,750175949;2,449307983;2,165100261;1,886289327"
"USA-LA.HEC.GHG-INT (kg/sqm);60,76107598;57,07329221;52,68909566;49,27114453;45,12872192;41,97121486;37,83179608;34,74073523;31,60467818;28,7374454;25,73609904;23,30130473;20,65483009;18,33527626;15,20919788;13,11899877;11,11033271;9,22298686;7,591679963;6,265260069;5,185604934;4,584091384;4,124593568;3,715123458;3,353439286;3,009468441;2,758263765;2,513231253;2,292633357;2,086348795;1,886289327"
"USA-CHI.HEC.GHG-INT (kg/sqm);106,1209788;99,44596792;90,74142654;83,32836257;75,48988759;68,96126954;61,51789755;55,48641324;49,66028698;44,34130602;39,05401943;34,71810632;30,29895788;26,38327217;21,82533442;18,45936167;15,30707543;12,41696783;9,968424453;8,01124785;6,44572464;5,568426078;4,903537544;4,321716163;3,816840281;3,347510295;3,007067255;2,68275375;2,396444964;2,134471337;1,886289327"
"USA-HOU.HEC.GHG-INT (kg/sqm);74,37353335;69,77627212;64,92323212;60,99486999;56,30293306;52,57865331;47,75992912;44,00637777;40,19014868;36,63082935;32,89772741;29,82579987;26,50828169;23,5202763;19,73100256;16,98790312;14,32902511;11,81109395;9,621935124;7,833886074;6,372118012;5,562400106;4,943977534;4,39051939;3,899779131;3,430216869;3,088301302;2,752612399;2,449294406;2,164297423;1,886289327"
"USA-PHO.HEC.GHG-INT (kg/sqm);81,79374892;76,7235294;70,16468928;64,75171371;58,77961412;53,96686333;48,2308128;43,73078923;39,32107108;35,3079575;31,25612836;27,9536063;24,51396352;21,49353379;17,75186868;15,126024;12,6506444;10,36658734;8,42106273;6,858557185;5,602538084;4,899119287;4,364527762;3,894244119;3,483987464;3,100103481;2,820756817;2,552806797;2,314783635;2,095513696;1,886289327"
"USA-PHI.HEC.GHG-INT (kg/sqm);105,3548233;98,72500404;90,42825624;83,36119499;75,81154792;69,51984079;62,25857027;56,36571762;50,63644935;45,37654969;40,109368;35,77862066;31,33315799;27,36779291;22,73958511;19,2859221;16,02875786;13,02223268;10,46103826;8,404347202;6,751439476;5,828054803;5,1272803;4,511046268;3,973765661;3,470966464;3,106169189;2,756146509;2,445462395;2,159348746;1,886289327"
"USA-SA.HEC.GHG-INT (kg/sqm);67,61875772;63,47341645;58,81366242;55,10583162;50,65995783;47,19576361;42,69927633;39,26400669;35,77924727;32,56127786;29,19346347;26,44086212;23,46294305;20,81564695;17,36656883;14,96029449;12,63866583;10,44932184;8,551847181;7,005819897;5,74490226;5,044465367;4,509531298;4,031910934;3,609304954;3,206247468;2,912384916;2,624861506;2,365587095;2,122597439;1,886289327"
"USA-SD.HEC.GHG-INT (kg/sqm);59,74224018;56,12130015;51,85022388;48,53538417;44,4868524;41,41370782;37,35456522;34,33382243;31,26065704;28,44934198;25,4984517;23,10506461;20,4957045;18,2083209;15,10986736;13,04307721;11,05413352;9,182906254;7,56388222;6,246338819;5,173005906;4,57524972;4,118475116;3,711083673;3,3509433;3,008079055;2,75763673;2,513085919;2,292739991;2,086501727;1,886289327"
"USA-DAL.HEC.GHG-INT (kg/sqm);62,552676;58,74702548;54,18448588;50,60233232;46,30871818;43,01392175;38,74110062;35,53185444;32,28836392;29,32388698;26,23267745;23,72341352;21,00821663;18,62738228;15,44692148;13,30884495;11,25786515;9,333979785;7,673302452;6,324503028;5,227855833;4,616616542;4,149911442;3,734492301;3,367953321;3,019849561;2,765714984;2,518173155;2,295565978;2,087658666;1,886289327"
"USA-SJ.HEC.GHG-INT (kg/sqm);60,92008503;57,22173333;52,82851107;49,40164543;45,25040405;42,08436875;37,93567618;34,83593364;31,69138634;28,8158819;25,80618397;23,36423283;20,71051595;18,3839662;15,25114216;13,15447436;11,13952953;9,246231282;7,60974845;6,279103979;5,195998589;4,592590861;4,131653785;3,72089736;3,358074792;3,013014111;2,76102396;2,515219188;2,293925169;2,086987009;1,886289327"
"USA-AUS.HEC.GHG-INT (kg/sqm);64,57910868;60,64027519;55,86755361;52,09263509;47,62228974;44,16765998;39,74075869;36,39558748;33,02928203;29,95436811;26,76198441;24,16917087;21,37766589;18,92945581;15,68987185;13,50040346;11,40470275;9,442859093;7,752157818;6,380830041;5,267379678;4,646422437;4,172560084;3,751355525;3,380205571;3,028326647;2,771531797;2,521835403;2,297599731;2,088490895;1,886289327"
"USA-JAC.HEC.GHG-INT (kg/sqm);81,16477989;76,13589745;69,64233098;64,28921692;58,37199652;53,608875;47,92066214;43,46283711;39,09124421;35,11241027;31,09198179;27,81538908;24,39942479;21,39989886;17,67657414;15,06666856;12,60515587;10,33286571;8,396646077;6,841120805;5,590306585;4,889898481;4,357524109;3,889032047;3,480202723;3,097486566;2,818962756;2,551678497;2,314157984;2,095258216;1,886289327"
"USA-WDC.HEC.GHG-INT (kg/sqm);100,7959934;94,47691429;85,94572541;78,72396468;71,09365441;64,78134614;57,59991643;51,82491736;46,26332026;41,21454251;36,21406311;32,12819573;27,97323817;24,32134133;20,02567117;16,9183826;14,02417786;11,38474916;9,158225317;7,384938432;5,971761772;5,177433005;4,575894917;4,051519979;3,598174324;3,179042153;2,874860236;2,586822163;2,333637325;2,103207759;1,886289327"
"USA-SF.HEC.GHG-INT (kg/sqm);66,20271919;62,15729486;57,20869768;53,27311514;48,65611584;45,06940743;40,51623526;37,06017268;33,59431801;30,43052575;27,15749279;24,49833947;21,64695106;19,14646933;15,86162352;13,63341775;11,5046584;9,515378912;7,8034449;6,416526401;5,291747011;4,66413639;4,18541808;3,760411353;3,386344396;3,032235172;2,773886191;2,523067341;2,298095817;2,088584191;1,886289327"
"USA-BOS.HEC.GHG-INT (kg/sqm);107,8911325;101,1057506;91,83800141;83,94077198;75,69123326;68,81895129;61,09779584;54,84671007;48,85500163;43,41951704;38,06483299;33,68648616;29,26446087;25,37681078;20,87431669;17,5873025;14,53675821;11,76468567;9,433285083;7,581334048;6,109510449;5,281254964;4,65473376;4,110174954;3,640752646;3,208471724;2,895025701;2,599496464;2,340659353;2,106071673;1,886289327"
"USA-NY.LEI.GHG-INT (kg/sqm);78,32595978;73,45249024;68,8863086;65,16089259;60,59402791;56,93066238;52,07124536;48,23451163;44,282114;40,54017348;36,56668969;33,27168827;29,68377278;26,40021661;22,29429286;19,21879346;16,20929298;13,33490608;10,81962028;8,754670316;7,058103068;6,122154055;5,406587537;4,762995097;4,189725305;3,637689551;3,236004435;2,839052926;2,478811913;2,138594048;1,804816198"
"USA-LA.LEI.GHG-INT (kg/sqm);71,81072725;67,38435951;62,2917647;58,18607408;53,37453397;49,57886617;44,76137045;41,04221911;37,30005886;33,84974334;30,26799289;27,33836086;24,19777184;21,40600958;17,82931525;15,31126959;12,89147302;10,61793789;8,653218816;7,056260136;5,756937513;5,034430505;4,483180259;3,992199819;3,558788169;3,146663898;2,846387817;2,553480473;2,28998009;2,043677445;1,804816198"
"USA-CHI.LEI.GHG-INT (kg/sqm);126,3485092;118,3305469;108,0401464;99,12824362;89,87057669;82,01992869;73,22872877;65,97332619;58,99629493;52,59798323;46,26795037;41,05280339;35,78142263;31,07133234;25,77399639;21,72312233;17,9295377;14,4516639;11,5056015;9,151349792;7,268794857;6,215202939;5,417392843;4,719556971;4,114324753;3,551828168;3,144513022;2,756550421;2,414295156;2,101283223;1,804816198"
"USA-HOU.LEI.GHG-INT (kg/sqm);88,17745615;82,65757098;77,00261697;72,28436247;66,81303344;62,33663951;56,70289966;52,18757111;47,62782341;43,34545937;38,88381937;35,18803155;31,24039722;27,64462408;23,27016685;19,96667687;16,76460814;13,73236174;11,09640905;8,94397426;7,184839316;6,211796776;5,469307403;4,805054951;4,216334546;3,653064145;3,243619135;2,841603614;2,478543426;2,137501173;1,804816198"
"USA-PHO.LEI.GHG-INT (kg/sqm);97,09903829;91,01056033;83,30076243;76,79426042;69,78110948;63,9939121;57,25576742;51,84189284;46,56797353;41,73979107;36,89514994;32,92242431;28,82861084;25,19474579;20,87863067;17,71739299;14,73739787;11,98790026;9,646350865;7,766378531;6,255736518;5,411092352;4,769854517;4,206040544;3,714494127;3,254652343;2,920737431;2,600481882;2,316224884;2,054500773;1,804816198"
"USA-PHI.LEI.GHG-INT (kg/sqm);125,427334;117,4636943;107,6644068;99,16918762;90,25933522;82,69396803;74,12202;67,0335139;60,17306254;53,845829;47,53992426;42,3309232;37,02776808;32,2577615;26,87570933;22,71913844;18,79915544;15,18098672;12,09917468;9,625007263;7,637156057;6,528030669;5,686978593;4,947677066;4,303399431;3,700575715;3,263916177;2,844977227;2,473353117;2,131256232;1,804816198"
"USA-SA.LEI.GHG-INT (kg/sqm);80,05595549;75,07944099;69,65613994;65,20242109;60,02644093;55,86235829;50,61577536;46,48293091;42,32160681;38,44962048;34,42721931;31,11542811;27,57623013;24,39027328;20,42505421;17,52678262;14,73047548;12,09359613;9,808625451;7,947425787;6,429991952;5,588454133;4,946433031;4,373445622;3,866722537;3,383491938;3,031880003;2,687835421;2,377786794;2,087306946;1,804816198"
"USA-SD.LEI.GHG-INT (kg/sqm);70,58574569;66,2397432;61,28336581;57,30182346;52,60331288;48,90918934;44,18829128;40,55374131;36,88722997;33,5041573;29,98306038;27,10319688;24,00719681;21,25406611;17,71052713;15,22055869;12,82439749;10,57015905;8,620129159;7,03377423;5,741993368;5,023972297;4,475971698;3,987467215;3,555889992;3,145074013;2,84569839;2,553353328;2,290139989;2,043877355;1,804816198"
"USA-DAL.LEI.GHG-INT (kg/sqm);73,96483;69,39675113;64,08946393;59,78612712;54,79262544;50,83174776;45,85375805;41,99243816;38,12106633;34,55381683;30,86403539;27,84488724;24,62171549;21,75633406;18,11432844;15,53880435;13,06823057;10,75086801;8,750935696;7,127156321;5,807479035;5,073318499;4,51343376;4,015330066;3,576108806;3,159043489;2,855265106;2,559362081;2,293465993;2,045232064;1,804816198"
"USA-SJ.LEI.GHG-INT (kg/sqm);72,00190935;67,56283533;62,45939324;58,34298824;53,52084815;49,71492905;44,88628487;41,15669647;37,40432881;33,94406823;30,35227613;27,41403883;24,26474143;21,46456668;17,87976051;15,3539358;12,92658834;10,64589458;8,674950553;7,072910994;5,769438687;5,044653542;4,49167228;3,999144743;3,564363876;3,150928767;2,849707923;2,55587169;2,291533981;2,044445147;1,804816198"
"USA-AUS.LEI.GHG-INT (kg/sqm);76,40128019;71,67307574;66,11276666;61,57740166;56,37119842;52,21797946;47,05461585;43,02978547;39,01070095;35,31065274;31,49924338;28,37966581;25,06479875;22,11848076;18,40547756;15,76826531;13,24403806;10,88116152;8,845248512;7,194485441;5,854694429;5,108897073;4,540443688;4,035418854;3,590686194;3,169115112;2,862162351;2,563694087;2,295863813;2,046208681;1,804816198"
"USA-JAC.LEI.GHG-INT (kg/sqm);96,34280705;90,3040292;82,67276822;76,23828648;69,29115665;63,56366044;56,88305383;51,51993092;46,29185955;41,50489564;36,6980055;32,75645112;28,69109769;25,08235314;20,78827347;17,6461816;14,68283832;11,9474661;9,617083207;7,745485025;6,241084993;5,400052178;4,761473503;4,199807353;3,709971226;3,251527593;2,918597691;2,599138074;2,315481156;2,054197908;1,804816198"
"USA-WDC.LEI.GHG-INT (kg/sqm);119,9460949;112,3560909;102,2735274;93,59114375;84,583361;76,99247222;68,51599175;61,56881329;54,90974387;48,83627567;42,85111367;37,93665287;32,98301721;28,59022464;23,60838874;19,86873236;16,38566718;13,20942858;10,53053106;8,397570703;6,698355955;5,744611024;5,023038799;4,394338627;3,851124424;3,349045196;2,985373682;2,641074011;2,338689781;2,063648615;1,804816198"
"USA-SF.LEI.GHG-INT (kg/sqm);78,35340333;73,49704518;67,72501075;62,99625419;57,61354529;53,30138167;47,98609862;43,82786954;39,68905301;35,88212936;31,9737672;28,77444827;25,38762564;22,37852006;18,61117146;15,92747006;13,36359321;10,96783477;8,906492627;7,237071168;5,883734254;5,129977324;4,555716488;4,046149609;3,597937196;3,173712611;2,864911658;2,565115155;2,296420236;2,046300595;1,804816198"
"USA-BOS.LEI.GHG-INT (kg/sqm);128,4768263;120,3261762;109,3576488;99,86281625;90,11026217;81,84589766;72,72034594;65,20065311;58,02438881;51,48594994;45,07493599;39,80884696;34,53416902;29,85800729;24,62760475;20,6719794;17,00107975;13,66550702;10,86065305;8,633234459;6,863612665;5,869132843;5,117566276;4,464639807;3,902134776;3,384285885;3,009504548;2,656228043;2,347076201;2,067063457;1,804816198"
"USA-NY.Resi.GHG-INT (kg/sqm);43,37463136;40,93943361;37,86986042;35,09034968;32,24015294;29,70712908;26,88772248;24,4466537;22,07801742;19,84808188;17,61752015;15,74783545;13,85212253;12,09677646;10,24300711;8,676856814;7,182447327;5,787771205;4,589530851;3,620838218;2,83712035;2,402970172;2,073524198;1,781889169;1,526061718;1,284292139;1,109607199;0,94019165;0,788845857;0,64828747;0,512746791"
"USA-LA.Resi.GHG-INT (kg/sqm);39,11480263;37,09188152;34,45371537;32,06949815;29,58134582;27,37543382;24,87076244;22,70705747;20,58866336;18,58338469;16,55819417;14,85795615;13,11659956;11,49719725;9,762373354;8,299268203;6,894156225;5,574917652;4,436078613;3,511762501;2,760972385;2,345923588;2,030520456;1,750166331;1,503264972;1,268713202;1,09910448;0,933722299;0,785360731;0,646924041;0,512746791"
"USA-CHI.Resi.GHG-INT (kg/sqm);51,56895021;48,33950127;44,4390733;40,89835432;37,35107278;34,18830618;30,76314113;27,78831614;24,93821305;22,27613259;19,65063967;17,45514627;15,26274649;13,24619511;11,16397332;9,40000149;7,734261675;6,194943021;4,882879688;3,829206813;2,982479353;2,511761527;2,155438841;1,842232354;1,569354095;1,313821836;1,129460528;0,952378324;0,795378456;0,650823555;0,512746791"
"USA-HOU.Resi.GHG-INT (kg/sqm);47,19611226;44,39048086;40,93340844;37,79888295;34,62357989;31,7968587;28,69494429;26,00494923;23,41177507;20,98030583;18,5655681;16,5439436;14,50987432;12,63272051;10,67241928;9,014023132;7,439723277;5,977603478;4,726291689;3,717977203;2,904882382;2,453682891;2,111706076;1,810014164;1,546237847;1,298052894;1,118857453;0,945868736;0,791888221;0,649468089;0,512746791"
"USA-PHO.Resi.GHG-INT (kg/sqm);50,32855734;47,21932214;43,44465098;40,01914833;36,57737855;33,50993167;30,17645786;27,28242628;24,50520283;21,90853726;19,34282746;17,19665416;15,04916732;13,0721587;11,02452244;9,290499979;7,650700041;6,133281781;4,838453285;3,797648559;2,960462886;2,495282456;2,143029758;1,833090102;1,562794266;1,309346721;1,126451183;0,950530576;0,794387592;0,650438646;0,512746791"
"USA-PHI.Resi.GHG-INT (kg/sqm);46,10923011;43,40894944;40,06208237;37,02852407;33,94568262;31,20249059;28,18092375;25,56172574;23,03241281;20,6582626;18,29590769;16,31749767;14,32278001;12,48027146;10,55027109;8,918112875;7,366537103;5,923601504;4,687386114;3,690342491;2,885604487;2,439254911;2,100842702;1,802011731;1,540496762;1,29413702;1,116224856;0,944252844;0,7910221;0,649131885;0,512746791"
"USA-SA.Resi.GHG-INT (kg/sqm);42,65029176;40,28531446;37,28919527;34,57698024;31,78840929;29,31105698;26,5452;24,15131498;21,82523911;19,63350306;17,43785008;15,59696386;13,72747421;11,99521434;10,16163544;8,612967487;7,133698168;5,751802862;4,563619313;3,60243454;2,824282975;2,393363371;2,066291751;1,776562196;1,52224071;1,28168642;1,107855905;0,939117093;0,788270192;0,648064195;0,512746791"
"USA-SD.Resi.GHG-INT (kg/sqm);38,40900671;36,45525166;33,88927929;31,5711438;29,14344521;26,99209426;24,53980575;22,4222095;20,34534541;18,37728143;16,38602675;14,71376;12,99780664;11,40071152;9,685339011;8,239018474;6,848380104;5,541299621;4,411982069;3,494740985;2,749166978;2,337155478;2,023980312;1,745402095;1,499893087;1,266449163;1,097617553;0,932837052;0,784907369;0,646760831;0,512746791"
"USA-DAL.Resi.GHG-INT (kg/sqm);39,24092638;37,20650273;34,55615109;32,16071208;29,66222464;27,4469257;24,93312911;22,76133791;20,63559077;18,62365403;16,5923079;14,88696776;13,1409002;11,51729485;9,778738829;8,312345799;6,904325711;5,582573698;4,441712752;3,515854846;2,7638931;2,348174028;2,032274041;1,751509399;1,504272667;1,269434897;1,099623372;0,934067091;0,785565798;0,647015886;0,512746791"
"USA-SJ.Resi.GHG-INT (kg/sqm);39,22495575;37,19208068;34,54334887;32,14939385;29,65226533;27,43819401;24,9255782;22,75482739;20,63001867;18,61892417;16,58834769;14,88364248;13,13815304;11,51505662;9,776945678;8,310938001;6,90325161;5,581781268;4,441141939;3,515449466;2,763610359;2,347962468;2,032114795;1,751392132;1,504188571;1,269377564;1,099584853;0,934043468;0,785553152;0,647010987;0,512746791"
"USA-AUS.Resi.GHG-INT (kg/sqm);22,80557271;22,36626524;21,3841004;20,51684534;19,41763979;18,46629967;17,16804631;16,06718343;14,90728083;13,76207839;12,52262383;11,47050614;10,31908648;9,218853367;7,937881221;6,867557059;5,802391608;4,769920005;3,856574246;3,100486094;2,474319954;2,131634382;1,86940084;1,631675407;1,418426875;1,210978739;1,060419552;0,91007829;0,772765189;0,642081767;0,512746791"
"USA-JAC.Resi.GHG-INT (kg/sqm);49,12674099;46,133985;42,48116305;39,16729632;35,82775911;32,85266925;29,60803619;26,79228609;24,08567602;21,5523909;19,0446045;16,94621692;14,8422454;12,9035487;10,8894211;9,184415187;7,569746831;6,073546207;4,795414988;3,767076865;2,939135067;2,479319199;2,131009434;1,824234558;1,556440411;1,305012319;1,123536655;0,948741198;0,793428145;0,650066012;0,512746791"
"USA-WDC.Resi.GHG-INT (kg/sqm);47,02851231;44,23912599;40,79904727;37,68009099;34,5190456;31,70520469;28,61568001;25,93660198;23,35327536;20,93064486;18,52398472;16,50902403;14,48102293;12,60921157;10,65358289;8,999232792;7,42843715;5,969275712;4,720291928;3,713715526;2,901909424;2,451457842;2,11003073;1,808780012;1,545352428;1,297448955;1,118451419;0,945619502;0,791754623;0,649416226;0,512746791"
"USA-SF.Resi.GHG-INT (kg/sqm);26,37556351;25,58939292;24,24455611;23,04509686;21,64173942;20,41568812;18,85329687;17,51974504;16,15001701;14,81655116;13,40512722;12,21116655;10,93065726;9,716836764;8,33658493;7,180357376;6,040862185;4,945706421;3,983083713;3,190242633;2,536858472;2,178365725;1,904518994;1,657486286;1,436893548;1,223535161;1,068822538;0,91520598;0,775490473;0,643125641;0,512746791"
"USA-BOS.Resi.GHG-INT (kg/sqm);60,00287051;55,95613486;51,20071514;46,87665917;42,61201289;38,80116966;34,75258556;31,22843103;27,88279807;24,77593504;21,7439431;19,21309158;16,71529214;14,42985019;12,11243974;10,14479868;8,30264816;6,61438275;5,185097852;4,043898942;3,132266865;2,623884138;2,239877173;1,904448009;1,614001359;1,344284656;1,149949996;0,964962335;0,802129325;0,653447567;0,512746791"
"Global (kg/sqm);20,38600715;19,0927998;17,57826571;16,12052967;14,72531575;13,4417765;12,0332479;10,74474188;9,533153215;8,402661171;7,323058483;6,41709314;5,554135183;4,76317172;4,04027318;3,383170157;2,779925;2,237441677;1,785407425;1,429489744;1,149120503;0,993426986;0,877135474;0,776944243;0,691301389;0,612733145;0,556791253;0,504021977;0,457957234;0,416138193;0,376641192"